id,title,location,category,price,poster,date_posted,source,vertical,poster_type,subject_category,instruction_lang,level,classification,confidence,is_remote,reasoning,description_preview,description_source,was_reanalyzed,url
N/A,Cherche Cours d'arabe à Bourg-en-Bresse,France,N/A,N/A,N/A,N/A,allovoisins,general,unknown,N/A,N/A,N/A,on-site,MEDIUM,No,"NLP Analysis: Ambiguous signals (remote: 0, onsite: 0)",N/A,listing_page,No,https://www.allovoisins.com/v/cours-d-arabe
N/A,Acheter une plante d'extérieur / plan de légume - Dénezé-sous-Doué,France,N/A,1€,N/A,N/A,allovoisins,general,unknown,N/A,N/A,N/A,on-site,MEDIUM,No,"NLP Analysis: Ambiguous signals (remote: 0, onsite: 0)",Plante d'extérieur / Plan de légume Dénezé-sous-Doué,detail_page,No,https://www.allovoisins.com/r/613/14/25920/0/location-Plante-d-exterieur-plan-de-legume-Deneze-sous-doue
N/A,Louer une surfaceuse ponceuse de sol - Notre-Dame-de-Riez,France,N/A,41€,N/A,N/A,allovoisins,general,unknown,N/A,N/A,N/A,on-site,MEDIUM,No,"NLP Analysis: Ambiguous signals (remote: 0, onsite: 0)",Durée : 1 jour,detail_page,No,https://www.allovoisins.com/r/279/3/42538/0/location-Surfaceuse-ponceuse-de-sol-Notre-dame-de-riez
N/A,Louer un nettoyeur haute pression / karcher - Envermeu,France,N/A,19€,N/A,N/A,allovoisins,general,unknown,N/A,N/A,N/A,on-site,MEDIUM,No,"NLP Analysis: Ambiguous signals (remote: 0, onsite: 0)",Durée : 1 jour,detail_page,No,https://www.allovoisins.com/r/490/11/39307/0/location-Nettoyeur-haute-pression-karcher-Envermeu
N/A,Cherche Garde périscolaire à Soulvache,France,N/A,N/A,N/A,N/A,allovoisins,general,unknown,N/A,N/A,N/A,on-site,MEDIUM,No,"NLP Analysis: Ambiguous signals (remote: 0, onsite: 0)",N/A,listing_page,No,https://www.allovoisins.com/v/garde-periscolaire
N/A,Louer un nettoyeur haute pression / karcher - Meyzieu,France,N/A,19€,N/A,N/A,allovoisins,general,unknown,N/A,N/A,N/A,on-site,MEDIUM,No,"NLP Analysis: Ambiguous signals (remote: 0, onsite: 0)",Durée : 1 jour,detail_page,No,https://www.allovoisins.com/r/490/11/36301/0/location-Nettoyeur-haute-pression-karcher-Meyzieu
N/A,Location nettoyeur haute pression / karcher - Meyzieu,France,N/A,19€,N/A,N/A,allovoisins,general,unknown,N/A,N/A,N/A,on-site,MEDIUM,No,"NLP Analysis: Ambiguous signals (remote: 0, onsite: 0)",Durée : 1 jour,detail_page,No,https://www.allovoisins.com/r/490/11/36301/0/location-Nettoyeur-haute-pression-karcher-Meyzieu
N/A,Location siège auto - Montesson,France,N/A,1€,N/A,N/A,allovoisins,general,unknown,N/A,N/A,N/A,on-site,MEDIUM,No,"NLP Analysis: Ambiguous signals (remote: 0, onsite: 0)",Durée : 1 jour,detail_page,No,https://www.allovoisins.com/r/4183/71/40200/0/location-Siege-auto-Montesson
N/A,Location siège auto - Montesson,France,N/A,1€,N/A,N/A,allovoisins,general,unknown,N/A,N/A,N/A,on-site,MEDIUM,No,"NLP Analysis: Ambiguous signals (remote: 0, onsite: 0)",Durée : 1 jour,detail_page,No,https://www.allovoisins.com/r/4183/71/40200/0/location-Siege-auto-Montesson
N/A,Cherche Cours de guitare à Chevreuse,France,N/A,N/A,N/A,N/A,allovoisins,general,unknown,N/A,N/A,N/A,on-site,MEDIUM,No,"NLP Analysis: Ambiguous signals (remote: 0, onsite: 0)",N/A,listing_page,No,https://www.allovoisins.com/r/0/234/0/0/service/Cours-de-guitare
N/A,Location tondeuse à gazon - Quint-Fonsegrives,France,N/A,15€,N/A,N/A,allovoisins,general,unknown,N/A,N/A,N/A,on-site,MEDIUM,No,"NLP Analysis: Ambiguous signals (remote: 0, onsite: 0)",Durée : 1 jour,detail_page,No,https://www.allovoisins.com/r/529/11/18855/0/location-Tondeuse-a-gazon-Quint-fonsegrives
N/A,Location niveau laser sur pied - Croix,France,N/A,15€,N/A,N/A,allovoisins,general,unknown,N/A,N/A,N/A,on-site,MEDIUM,No,"NLP Analysis: Ambiguous signals (remote: 0, onsite: 0)",Durée : 3 jours,detail_page,No,https://www.allovoisins.com/r/341/6/30761/0/location-Niveau-laser-sur-pied-Croix
N/A,Location maison / villa - Vigneux-sur-Seine,France,N/A,500€,N/A,N/A,allovoisins,general,unknown,N/A,N/A,N/A,on-site,MEDIUM,No,NLP Analysis: Strong on-site indicators (score: 2 vs 0),Durée : 365 jours,detail_page,No,https://www.allovoisins.com/r/4343/87/43871/0/location-Maison-villa-Vigneux-sur-seine
N/A,Location echelle - Saint-Alban,France,N/A,16€,N/A,N/A,allovoisins,general,unknown,N/A,N/A,N/A,on-site,MEDIUM,No,"NLP Analysis: Ambiguous signals (remote: 0, onsite: 0)",Durée : 1 jour,detail_page,No,https://www.allovoisins.com/r/289/4/18861/0/location-Echelle-Saint-alban
N/A,Location table (evènementiel) - Couëron,France,N/A,10€,N/A,N/A,allovoisins,general,unknown,N/A,N/A,N/A,on-site,MEDIUM,No,"NLP Analysis: Ambiguous signals (remote: 0, onsite: 0)",Durée : 1 jour,detail_page,No,https://www.allovoisins.com/r/1400/25/24144/0/location-Table-evenementiel-Coueron
N/A,Louer un box fermé / parking fermé / garage fermé - Le Neubourg,France,N/A,50€,N/A,N/A,allovoisins,general,unknown,N/A,N/A,N/A,on-site,MEDIUM,No,"NLP Analysis: Ambiguous signals (remote: 0, onsite: 0)",Durée : 365 jours,detail_page,No,https://www.allovoisins.com/r/4354/93/17035/0/location-Box-ferme-parking-ferme-garage-ferme-Le-neubourg
N/A,Louer une shampouineuse - Cugnaux,France,N/A,15€,N/A,N/A,allovoisins,general,unknown,N/A,N/A,N/A,on-site,MEDIUM,No,"NLP Analysis: Ambiguous signals (remote: 0, onsite: 0)",Durée : 1 jour,detail_page,No,https://www.allovoisins.com/r/199/2/18989/0/location-Shampouineuse-Cugnaux
N/A,Recherche Clôture Grillage à Sommepy-Tahure,France,N/A,N/A,N/A,N/A,allovoisins,general,unknown,N/A,N/A,N/A,on-site,MEDIUM,No,"NLP Analysis: Ambiguous signals (remote: 0, onsite: 0)",N/A,listing_page,No,https://www.allovoisins.com/v/cloture-grillage
N/A,Louer une fourgonette 9/12 m3 - Perpignan,France,N/A,30€,N/A,N/A,allovoisins,general,unknown,N/A,N/A,N/A,on-site,MEDIUM,No,"NLP Analysis: Ambiguous signals (remote: 0, onsite: 0)",Durée : 1 jour,detail_page,No,https://www.allovoisins.com/r/4208/78/34962/0/location-Fourgonette-9-12-m3-Perpignan
N/A,Location château gonflable (matériel d'animation) - Montlhéry,France,N/A,100€,N/A,N/A,allovoisins,general,unknown,N/A,N/A,N/A,on-site,MEDIUM,No,"NLP Analysis: Ambiguous signals (remote: 0, onsite: 0)",Durée : 1 jour,detail_page,No,https://www.allovoisins.com/r/1470/27/46449/0/location-Chateau-gonflable-materiel-d-animation-Montlhery
N/A,Louer une remorque porte-voiture / remorque routière - Vignoux-sur-Barangeon,France,N/A,50€,N/A,N/A,allovoisins,general,unknown,N/A,N/A,N/A,on-site,MEDIUM,No,"NLP Analysis: Ambiguous signals (remote: 0, onsite: 0)",Durée : 1 jour,detail_page,No,https://www.allovoisins.com/r/5337/79/13266/0/location-Remorque-porte-voiture-remorque-routiere-Vignoux-sur-barangeon
N/A,Louer un jeu gonflable / structure gonflable - Clapiers,France,N/A,50€,N/A,N/A,allovoisins,general,unknown,N/A,N/A,N/A,on-site,MEDIUM,No,"NLP Analysis: Ambiguous signals (remote: 0, onsite: 0)",Durée : 1 jour,detail_page,No,https://www.allovoisins.com/r/1497/27/20777/0/location-Jeu-gonflable-structure-gonflable-Clapiers
N/A,Location coiffeuse (mobilier) - Trappes,France,N/A,20€,N/A,N/A,allovoisins,general,unknown,N/A,N/A,N/A,on-site,MEDIUM,No,"NLP Analysis: Ambiguous signals (remote: 0, onsite: 0)",Durée : 1 jour,detail_page,No,https://www.allovoisins.com/r/989/19/40146/0/location-Coiffeuse-mobilier-Trappes
N/A,Louer une tonnelle - Couëron,France,N/A,15€,N/A,N/A,allovoisins,general,unknown,N/A,N/A,N/A,on-site,MEDIUM,No,"NLP Analysis: Ambiguous signals (remote: 0, onsite: 0)",Durée : 1 jour,detail_page,No,https://www.allovoisins.com/r/582/12/24144/0/location-Tonnelle-Coueron
N/A,Acheter une tv connectée - Orly,France,N/A,100€,N/A,N/A,allovoisins,general,unknown,N/A,N/A,N/A,on-site,MEDIUM,No,"NLP Analysis: Ambiguous signals (remote: 0, onsite: 0)",N/A,listing_page,No,https://www.allovoisins.com/r/1797/32/66099/0/location-Tv-connectee-Orly
N/A,Louer une tondeuse à gazon - Quint-Fonsegrives,France,N/A,15€,N/A,N/A,allovoisins,general,unknown,N/A,N/A,N/A,on-site,MEDIUM,No,"NLP Analysis: Ambiguous signals (remote: 0, onsite: 0)",Durée : 1 jour,detail_page,No,https://www.allovoisins.com/r/529/11/18855/0/location-Tondeuse-a-gazon-Quint-fonsegrives
N/A,Location destructeur de documents - La Baule-Escoublac,France,N/A,8€,N/A,N/A,allovoisins,general,unknown,N/A,N/A,N/A,on-site,MEDIUM,No,"NLP Analysis: Ambiguous signals (remote: 0, onsite: 0)",Durée : 1 jour,detail_page,No,https://www.allovoisins.com/r/5221/35/43085/0/location-Destructeur-de-documents-La-baule-escoublac
N/A,Location tonnelle - Saint-Août,France,N/A,50€,N/A,N/A,allovoisins,general,unknown,N/A,N/A,N/A,on-site,MEDIUM,No,"NLP Analysis: Ambiguous signals (remote: 0, onsite: 0)",Durée : 1 jour,detail_page,No,https://www.allovoisins.com/r/582/12/21197/0/location-Tonnelle-Saint-aout
N/A,Location clé (outillage) - Créteil,France,N/A,5€,N/A,N/A,allovoisins,general,unknown,N/A,N/A,N/A,on-site,MEDIUM,No,"NLP Analysis: Ambiguous signals (remote: 0, onsite: 0)",Durée : 1 jour,detail_page,No,https://www.allovoisins.com/r/45/2/43239/0/location-Cle-outillage-Creteil
N/A,Location clé (outillage) - Créteil,France,N/A,5€,N/A,N/A,allovoisins,general,unknown,N/A,N/A,N/A,on-site,MEDIUM,No,"NLP Analysis: Ambiguous signals (remote: 0, onsite: 0)",Durée : 1 jour,detail_page,No,https://www.allovoisins.com/r/45/2/43239/0/location-Cle-outillage-Creteil
N/A,Location ponceuse girafe / ponceuse à bras télescopique - Vorges-les-Pins,France,N/A,70€,N/A,N/A,allovoisins,general,unknown,N/A,N/A,N/A,on-site,MEDIUM,No,"NLP Analysis: Ambiguous signals (remote: 0, onsite: 0)",Durée : 2 jours,detail_page,No,https://www.allovoisins.com/r/5282/3/16235/0/location-Ponceuse-girafe-ponceuse-a-bras-telescopique-Vorges-les-pins
N/A,Louer une pompe (outillage) - Étuz,France,N/A,17€,N/A,N/A,allovoisins,general,unknown,N/A,N/A,N/A,on-site,MEDIUM,No,"NLP Analysis: Ambiguous signals (remote: 0, onsite: 0)",Durée : 1 jour,detail_page,No,https://www.allovoisins.com/r/156/2/36750/0/location-Pompe-outillage-Etuz
N/A,Louer une bétonnière / toupie à béton - Dohem,France,N/A,21€,N/A,N/A,allovoisins,general,unknown,N/A,N/A,N/A,on-site,MEDIUM,No,"NLP Analysis: Ambiguous signals (remote: 0, onsite: 0)",Durée : 1 jour,detail_page,No,https://www.allovoisins.com/r/228/3/33040/0/location-Betonniere-toupie-a-beton-Dohem
N/A,Location broyeur de végétaux - Payrin-Augmontel,France,N/A,30€,N/A,N/A,allovoisins,general,unknown,N/A,N/A,N/A,on-site,MEDIUM,No,"NLP Analysis: Ambiguous signals (remote: 0, onsite: 0)",Durée : 1 jour,detail_page,No,https://www.allovoisins.com/r/436/11/41856/0/location-Broyeur-de-vegetaux-Payrin-augmontel
N/A,Location broyeur de végétaux - Payrin-Augmontel,France,N/A,30€,N/A,N/A,allovoisins,general,unknown,N/A,N/A,N/A,on-site,MEDIUM,No,"NLP Analysis: Ambiguous signals (remote: 0, onsite: 0)",Durée : 1 jour,detail_page,No,https://www.allovoisins.com/r/436/11/41856/0/location-Broyeur-de-vegetaux-Payrin-augmontel
N/A,Location brosse à encoller - Marseille,France,N/A,5€,N/A,N/A,allovoisins,general,unknown,N/A,N/A,N/A,on-site,MEDIUM,No,"NLP Analysis: Ambiguous signals (remote: 0, onsite: 0)",Durée : 1 jour,detail_page,No,https://www.allovoisins.com/r/22/2/10874/0/location-Brosse-a-encoller-Marseille-15e-arrondissement
N/A,Louer un malaxeur électrique / mélangeur à peinture - Marseille,France,N/A,20€,N/A,N/A,allovoisins,general,unknown,N/A,N/A,N/A,on-site,HIGH,No,Obvious on-site work: peinture,N/A,listing_page,No,https://www.allovoisins.com/r/113/2/10874/0/location-Malaxeur-electrique-melangeur-a-peinture-Marseille-15e-arrondissement
N/A,Location machine à barbapapa - Paris,France,N/A,20€,N/A,N/A,allovoisins,general,unknown,N/A,N/A,N/A,on-site,MEDIUM,No,"NLP Analysis: Ambiguous signals (remote: 0, onsite: 0)",Durée : 1 jour,detail_page,No,https://www.allovoisins.com/r/1364/25/55521/0/location-Machine-a-barbapapa-Paris-8e-arrondissement
N/A,Louer une débroussailleuse - Montaud,France,N/A,20€,N/A,N/A,allovoisins,general,unknown,N/A,N/A,N/A,on-site,MEDIUM,No,"NLP Analysis: Ambiguous signals (remote: 0, onsite: 0)",Durée : 1 jour,detail_page,No,https://www.allovoisins.com/r/4930/11/20477/0/location-Debroussailleuse-Montaud
N/A,Location véhicule utilitaire / camionnette - Nanteau-sur-Lunain,France,N/A,30€,N/A,N/A,allovoisins,general,unknown,N/A,N/A,N/A,on-site,HIGH,No,Obvious on-site work: camion,N/A,listing_page,No,https://www.allovoisins.com/r/5142/78/40000/0/location-Vehicule-utilitaire-camionnette-Nanteau-sur-lunain
N/A,Location tondeuse à gazon - Arengosse,France,N/A,15€,N/A,N/A,allovoisins,general,unknown,N/A,N/A,N/A,on-site,MEDIUM,No,"NLP Analysis: Ambiguous signals (remote: 0, onsite: 0)",Durée : 1 jour,detail_page,No,https://www.allovoisins.com/r/529/11/22865/0/location-Tondeuse-a-gazon-Arengosse
N/A,Louer un véhicule utilitaire / camionnette - Le Mans,France,N/A,50€,N/A,N/A,allovoisins,general,unknown,N/A,N/A,N/A,on-site,HIGH,No,Obvious on-site work: camion,N/A,listing_page,No,https://www.allovoisins.com/r/5142/78/37733/0/location-Vehicule-utilitaire-camionnette-Le-mans
N/A,Louer une tondeuse à gazon - Saint-Savinien,France,N/A,10€,N/A,N/A,allovoisins,general,unknown,N/A,N/A,N/A,on-site,MEDIUM,No,"NLP Analysis: Ambiguous signals (remote: 0, onsite: 0)",Durée : 1 jour,detail_page,No,https://www.allovoisins.com/r/529/11/12736/0/location-Tondeuse-a-gazon-Saint-savinien
N/A,Louer une citadine / petite voiture / voiture économique - Porte des Pierres Dorées,France,N/A,20€,N/A,N/A,allovoisins,general,unknown,N/A,N/A,N/A,on-site,MEDIUM,No,"NLP Analysis: Ambiguous signals (remote: 0, onsite: 0)",Durée : 1 jour,detail_page,No,https://www.allovoisins.com/r/4201/75/79648/0/location-Citadine-petite-voiture-voiture-economique-Porte-des-pierres-dorees
N/A,Louer une tronçonneuse - Blanquefort,France,N/A,20€,N/A,N/A,allovoisins,general,unknown,N/A,N/A,N/A,on-site,MEDIUM,No,"NLP Analysis: Ambiguous signals (remote: 0, onsite: 0)",Durée : 1 jour,detail_page,No,https://www.allovoisins.com/r/535/11/20030/0/location-Tronconneuse-Blanquefort
N/A,Location chargeur de batterie auto moto - Paris,France,N/A,N/A,N/A,N/A,allovoisins,general,unknown,N/A,N/A,N/A,on-site,MEDIUM,No,"NLP Analysis: Ambiguous signals (remote: 0, onsite: 0)",Durée : 1 jour,detail_page,No,https://www.allovoisins.com/r/5233/79/50350/0/location-Chargeur-de-batterie-auto-moto-Paris-20e-arrondissement
N/A,Location vidûˋo projecteur - Ploemeur,France,N/A,N/A,N/A,N/A,allovoisins,general,unknown,N/A,N/A,N/A,on-site,MEDIUM,No,"NLP Analysis: Ambiguous signals (remote: 0, onsite: 0)",Durée : 1 jour,detail_page,No,https://www.allovoisins.com/r/1803/32/29347/0/location-Video-projecteur-Ploemeur
N/A,Recherche ClûÇture Grillage û Anglet,France,N/A,N/A,N/A,N/A,allovoisins,general,unknown,N/A,N/A,N/A,on-site,MEDIUM,No,"NLP Analysis: Ambiguous signals (remote: 0, onsite: 0)",N/A,listing_page,No,https://www.allovoisins.com/v/cloture-grillage
N/A,Louer un siège auto - Saint-Julien-lès-Metz,France,N/A,21€,N/A,N/A,allovoisins,general,unknown,N/A,N/A,N/A,on-site,MEDIUM,No,"NLP Analysis: Ambiguous signals (remote: 0, onsite: 0)",Durée : 5 jours,detail_page,No,https://www.allovoisins.com/r/4183/71/29534/0/location-Siege-auto-Saint-julien-les-metz
N/A,Location machine à projeter - Soubise,France,N/A,50€,N/A,N/A,allovoisins,general,unknown,N/A,N/A,N/A,on-site,MEDIUM,No,"NLP Analysis: Ambiguous signals (remote: 0, onsite: 0)",Durée : 1 jour,detail_page,No,https://www.allovoisins.com/r/252/3/12970/0/location-Machine-a-projeter-Soubise
N/A,Cherche Pension chevaux à Lapte,France,N/A,N/A,N/A,N/A,allovoisins,general,unknown,N/A,N/A,N/A,on-site,MEDIUM,No,"NLP Analysis: Ambiguous signals (remote: 0, onsite: 0)",N/A,listing_page,No,https://www.allovoisins.com/r/0/188/0/0/service/Pension-chevaux
N/A,Louer un garage - Mitry-Mory,France,N/A,50€,N/A,N/A,allovoisins,general,unknown,N/A,N/A,N/A,on-site,MEDIUM,No,"NLP Analysis: Ambiguous signals (remote: 0, onsite: 0)",Durée : 365 jours,detail_page,No,https://www.allovoisins.com/r/4356/93/39746/0/location-Garage-Mitry-mory
N/A,Acheter un plateau de table et tréteau - Labatut,France,N/A,50€,N/A,N/A,allovoisins,general,unknown,N/A,N/A,N/A,on-site,MEDIUM,No,NLP Analysis: Strong on-site indicators (score: 2 vs 0),Durée : 1 jour,detail_page,No,https://www.allovoisins.com/r/1381/25/23006/0/location-Plateau-de-table-et-treteau-Labatut
N/A,Location maison / villa - Créon,France,N/A,500€,N/A,N/A,allovoisins,general,unknown,N/A,N/A,N/A,on-site,MEDIUM,No,NLP Analysis: Strong on-site indicators (score: 2 vs 0),Durée : 365 jours,detail_page,No,https://www.allovoisins.com/r/4343/87/20293/0/location-Maison-villa-Creon
N/A,Louer une tondeuse à gazon - Saint-Apollinaire,France,N/A,15€,N/A,N/A,allovoisins,general,unknown,N/A,N/A,N/A,on-site,MEDIUM,No,"NLP Analysis: Ambiguous signals (remote: 0, onsite: 0)",Durée : 1 jour,detail_page,No,https://www.allovoisins.com/r/529/11/8094/0/location-Tondeuse-a-gazon-Saint-apollinaire
N/A,Cherche Clôture Grillage à Lons,France,N/A,N/A,N/A,N/A,allovoisins,general,unknown,N/A,N/A,N/A,on-site,MEDIUM,No,"NLP Analysis: Ambiguous signals (remote: 0, onsite: 0)",N/A,listing_page,No,https://www.allovoisins.com/v/cloture-grillage
N/A,Don chaudière - Tarbes,France,N/A,N/A,N/A,N/A,allovoisins,general,unknown,N/A,N/A,N/A,on-site,MEDIUM,No,"NLP Analysis: Ambiguous signals (remote: 0, onsite: 0)",N/A,listing_page,No,https://www.allovoisins.com/r/306/5/34474/0/location-Chaudiere-Tarbes
N/A,Acheter des chutes - matériaux de récupération - Nice,France,N/A,1€,N/A,N/A,allovoisins,general,unknown,N/A,N/A,N/A,on-site,MEDIUM,No,"NLP Analysis: Ambiguous signals (remote: 0, onsite: 0)",N/A,listing_page,No,https://www.allovoisins.com/r/5572/3/8228/0/location-Chutes-materiaux-de-recuperation-Nice
N/A,Louer un siège auto - Saint-Julien-lès-Metz,France,N/A,21€,N/A,N/A,allovoisins,general,unknown,N/A,N/A,N/A,on-site,MEDIUM,No,"NLP Analysis: Ambiguous signals (remote: 0, onsite: 0)",Durée : 5 jours,detail_page,No,https://www.allovoisins.com/r/0/71/0/0/location-vente/Materiel-de-puericulture
N/A,Cherche Pension chevaux à Lapte,France,N/A,N/A,N/A,N/A,allovoisins,general,unknown,N/A,N/A,N/A,on-site,MEDIUM,No,"NLP Analysis: Ambiguous signals (remote: 0, onsite: 0)",N/A,listing_page,No,https://www.allovoisins.com/r/0/188/0/0/service/Pension-chevaux
N/A,Acheter un plateau de table et tréteau - Labatut,France,N/A,50€,N/A,N/A,allovoisins,general,unknown,N/A,N/A,N/A,on-site,MEDIUM,No,NLP Analysis: Strong on-site indicators (score: 2 vs 0),Durée : 1 jour,detail_page,No,https://www.allovoisins.com/r/0/25/0/0/location-vente/Equipement
N/A,Location maison / villa - Créon,France,N/A,500€,N/A,N/A,allovoisins,general,unknown,N/A,N/A,N/A,on-site,MEDIUM,No,NLP Analysis: Strong on-site indicators (score: 2 vs 0),Durée : 365 jours,detail_page,No,https://www.allovoisins.com/r/0/87/0/0/location-vente/Maison
N/A,Louer un siège auto - Saint-Julien-lès-Metz,France,N/A,21€,N/A,N/A,allovoisins,general,unknown,N/A,N/A,N/A,on-site,MEDIUM,No,"NLP Analysis: Ambiguous signals (remote: 0, onsite: 0)",Durée : 5 jours,detail_page,No,https://www.allovoisins.com/r/0/71/0/0/location-vente/Materiel-de-puericulture
N/A,Cherche Pension chevaux à Lapte,France,N/A,N/A,N/A,N/A,allovoisins,general,unknown,N/A,N/A,N/A,on-site,MEDIUM,No,"NLP Analysis: Ambiguous signals (remote: 0, onsite: 0)",N/A,listing_page,No,https://www.allovoisins.com/r/0/188/0/0/service/Pension-chevaux
N/A,Acheter un plateau de table et tréteau - Labatut,France,N/A,50€,N/A,N/A,allovoisins,general,unknown,N/A,N/A,N/A,on-site,MEDIUM,No,NLP Analysis: Strong on-site indicators (score: 2 vs 0),Durée : 1 jour,detail_page,No,https://www.allovoisins.com/r/0/25/0/0/location-vente/Equipement
N/A,Location maison / villa - Créon,France,N/A,500€,N/A,N/A,allovoisins,general,unknown,N/A,N/A,N/A,on-site,MEDIUM,No,NLP Analysis: Strong on-site indicators (score: 2 vs 0),Durée : 365 jours,detail_page,No,https://www.allovoisins.com/r/0/87/0/0/location-vente/Maison
N/A,Louer un siège auto - Saint-Julien-lès-Metz,France,N/A,21€,N/A,N/A,allovoisins,general,unknown,N/A,N/A,N/A,on-site,MEDIUM,No,"NLP Analysis: Ambiguous signals (remote: 0, onsite: 0)",Durée : 5 jours,detail_page,No,https://www.allovoisins.com/r/0/71/0/0/location-vente/Materiel-de-puericulture
N/A,Cherche Pension chevaux à Lapte,France,N/A,N/A,N/A,N/A,allovoisins,general,unknown,N/A,N/A,N/A,on-site,MEDIUM,No,"NLP Analysis: Ambiguous signals (remote: 0, onsite: 0)",N/A,listing_page,No,https://www.allovoisins.com/r/0/188/0/0/service/Pension-chevaux
N/A,Acheter un plateau de table et tréteau - Labatut,France,N/A,50€,N/A,N/A,allovoisins,general,unknown,N/A,N/A,N/A,on-site,MEDIUM,No,NLP Analysis: Strong on-site indicators (score: 2 vs 0),Durée : 1 jour,detail_page,No,https://www.allovoisins.com/r/0/25/0/0/location-vente/Equipement
N/A,Location maison / villa - Créon,France,N/A,500€,N/A,N/A,allovoisins,general,unknown,N/A,N/A,N/A,on-site,MEDIUM,No,NLP Analysis: Strong on-site indicators (score: 2 vs 0),Durée : 365 jours,detail_page,No,https://www.allovoisins.com/r/0/87/0/0/location-vente/Maison
N/A,Recherche Clôture Grillage à Sommepy-Tahure,France,N/A,N/A,N/A,N/A,allovoisins,general,unknown,N/A,N/A,N/A,on-site,MEDIUM,No,"NLP Analysis: Ambiguous signals (remote: 0, onsite: 0)",N/A,listing_page,No,https://www.allovoisins.com/v/cloture-grillage
N/A,Location château gonflable (matériel d'animation) - Montlhéry,France,N/A,100€,N/A,N/A,allovoisins,general,unknown,N/A,N/A,N/A,on-site,MEDIUM,No,"NLP Analysis: Ambiguous signals (remote: 0, onsite: 0)",Durée : 1 jour,detail_page,No,https://www.allovoisins.com/r/0/27/0/0/location-vente/Jeux-materiel-d-animation
N/A,Louer un siège auto - Saint-Julien-lès-Metz,France,N/A,21€,N/A,N/A,allovoisins,general,unknown,N/A,N/A,N/A,on-site,MEDIUM,No,"NLP Analysis: Ambiguous signals (remote: 0, onsite: 0)",Durée : 5 jours,detail_page,No,https://www.allovoisins.com/r/0/71/0/0/location-vente/Materiel-de-puericulture
N/A,Cherche Pension chevaux à Lapte,France,N/A,N/A,N/A,N/A,allovoisins,general,unknown,N/A,N/A,N/A,on-site,MEDIUM,No,"NLP Analysis: Ambiguous signals (remote: 0, onsite: 0)",N/A,listing_page,No,https://www.allovoisins.com/r/0/188/0/0/service/Pension-chevaux
N/A,Acheter un plateau de table et tréteau - Labatut,France,N/A,50€,N/A,N/A,allovoisins,general,unknown,N/A,N/A,N/A,on-site,MEDIUM,No,NLP Analysis: Strong on-site indicators (score: 2 vs 0),Durée : 1 jour,detail_page,No,https://www.allovoisins.com/r/0/25/0/0/location-vente/Equipement
N/A,Location maison / villa - Créon,France,N/A,500€,N/A,N/A,allovoisins,general,unknown,N/A,N/A,N/A,on-site,MEDIUM,No,NLP Analysis: Strong on-site indicators (score: 2 vs 0),Durée : 365 jours,detail_page,No,https://www.allovoisins.com/r/0/87/0/0/location-vente/Maison
N/A,Recherche Clôture Grillage à Sommepy-Tahure,France,N/A,N/A,N/A,N/A,allovoisins,general,unknown,N/A,N/A,N/A,on-site,MEDIUM,No,"NLP Analysis: Ambiguous signals (remote: 0, onsite: 0)",N/A,listing_page,No,https://www.allovoisins.com/v/cloture-grillage
N/A,Location château gonflable (matériel d'animation) - Montlhéry,France,N/A,100€,N/A,N/A,allovoisins,general,unknown,N/A,N/A,N/A,on-site,MEDIUM,No,"NLP Analysis: Ambiguous signals (remote: 0, onsite: 0)",Durée : 1 jour,detail_page,No,https://www.allovoisins.com/r/0/27/0/0/location-vente/Jeux-materiel-d-animation
N/A,Recherche Clôture Grillage à Sommepy-Tahure,France,N/A,N/A,N/A,N/A,allovoisins,general,unknown,N/A,N/A,N/A,on-site,MEDIUM,No,"NLP Analysis: Ambiguous signals (remote: 0, onsite: 0)",N/A,listing_page,No,https://www.allovoisins.com/v/cloture-grillage
N/A,Location château gonflable (matériel d'animation) - Montlhéry,France,N/A,100€,N/A,N/A,allovoisins,general,unknown,N/A,N/A,N/A,on-site,MEDIUM,No,"NLP Analysis: Ambiguous signals (remote: 0, onsite: 0)",Durée : 1 jour,detail_page,No,https://www.allovoisins.com/r/0/27/0/0/location-vente/Jeux-materiel-d-animation
N/A,Louer un siège auto - Saint-Julien-lès-Metz,France,N/A,21€,N/A,N/A,allovoisins,general,unknown,N/A,N/A,N/A,on-site,MEDIUM,No,"NLP Analysis: Ambiguous signals (remote: 0, onsite: 0)",Durée : 5 jours,detail_page,No,https://www.allovoisins.com/r/0/71/0/0/location-vente/Materiel-de-puericulture
N/A,Cherche Pension chevaux à Lapte,France,N/A,N/A,N/A,N/A,allovoisins,general,unknown,N/A,N/A,N/A,on-site,MEDIUM,No,"NLP Analysis: Ambiguous signals (remote: 0, onsite: 0)",N/A,listing_page,No,https://www.allovoisins.com/r/0/188/0/0/service/Pension-chevaux
N/A,Acheter un plateau de table et tréteau - Labatut,France,N/A,50€,N/A,N/A,allovoisins,general,unknown,N/A,N/A,N/A,on-site,MEDIUM,No,NLP Analysis: Strong on-site indicators (score: 2 vs 0),Durée : 1 jour,detail_page,No,https://www.allovoisins.com/r/0/25/0/0/location-vente/Equipement
N/A,Location maison / villa - Créon,France,N/A,500€,N/A,N/A,allovoisins,general,unknown,N/A,N/A,N/A,on-site,MEDIUM,No,NLP Analysis: Strong on-site indicators (score: 2 vs 0),Durée : 365 jours,detail_page,No,https://www.allovoisins.com/r/0/87/0/0/location-vente/Maison
N/A,Louer un siège auto - Saint-Julien-lès-Metz,France,N/A,21€,N/A,N/A,allovoisins,general,unknown,N/A,N/A,N/A,on-site,MEDIUM,No,"NLP Analysis: Ambiguous signals (remote: 0, onsite: 0)",Durée : 5 jours,detail_page,No,https://www.allovoisins.com/r/0/71/0/0/location-vente/Materiel-de-puericulture
N/A,Cherche Pension chevaux à Lapte,France,N/A,N/A,N/A,N/A,allovoisins,general,unknown,N/A,N/A,N/A,on-site,MEDIUM,No,"NLP Analysis: Ambiguous signals (remote: 0, onsite: 0)",N/A,listing_page,No,https://www.allovoisins.com/r/0/188/0/0/service/Pension-chevaux
N/A,Acheter un plateau de table et tréteau - Labatut,France,N/A,50€,N/A,N/A,allovoisins,general,unknown,N/A,N/A,N/A,on-site,MEDIUM,No,NLP Analysis: Strong on-site indicators (score: 2 vs 0),Durée : 1 jour,detail_page,No,https://www.allovoisins.com/r/0/25/0/0/location-vente/Equipement
N/A,Location maison / villa - Créon,France,N/A,500€,N/A,N/A,allovoisins,general,unknown,N/A,N/A,N/A,on-site,MEDIUM,No,NLP Analysis: Strong on-site indicators (score: 2 vs 0),Durée : 365 jours,detail_page,No,https://www.allovoisins.com/r/0/87/0/0/location-vente/Maison
N/A,Recherche Clôture Grillage à Sommepy-Tahure,France,N/A,N/A,N/A,N/A,allovoisins,general,unknown,N/A,N/A,N/A,on-site,MEDIUM,No,"NLP Analysis: Ambiguous signals (remote: 0, onsite: 0)",N/A,listing_page,No,https://www.allovoisins.com/v/cloture-grillage
N/A,Location château gonflable (matériel d'animation) - Montlhéry,France,N/A,100€,N/A,N/A,allovoisins,general,unknown,N/A,N/A,N/A,on-site,MEDIUM,No,"NLP Analysis: Ambiguous signals (remote: 0, onsite: 0)",Durée : 1 jour,detail_page,No,https://www.allovoisins.com/r/0/27/0/0/location-vente/Jeux-materiel-d-animation
N/A,Recherche Clôture Grillage à Sommepy-Tahure,France,N/A,N/A,N/A,N/A,allovoisins,general,unknown,N/A,N/A,N/A,on-site,MEDIUM,No,"NLP Analysis: Ambiguous signals (remote: 0, onsite: 0)",N/A,listing_page,No,https://www.allovoisins.com/v/cloture-grillage
N/A,Location château gonflable (matériel d'animation) - Montlhéry,France,N/A,100€,N/A,N/A,allovoisins,general,unknown,N/A,N/A,N/A,on-site,MEDIUM,No,"NLP Analysis: Ambiguous signals (remote: 0, onsite: 0)",Durée : 1 jour,detail_page,No,https://www.allovoisins.com/r/0/27/0/0/location-vente/Jeux-materiel-d-animation
N/A,Louer un siège auto - Saint-Julien-lès-Metz,France,N/A,21€,N/A,N/A,allovoisins,general,unknown,N/A,N/A,N/A,on-site,MEDIUM,No,"NLP Analysis: Ambiguous signals (remote: 0, onsite: 0)",Durée : 5 jours,detail_page,No,https://www.allovoisins.com/r/0/71/0/0/location-vente/Materiel-de-puericulture
N/A,Cherche Pension chevaux à Lapte,France,N/A,N/A,N/A,N/A,allovoisins,general,unknown,N/A,N/A,N/A,on-site,MEDIUM,No,"NLP Analysis: Ambiguous signals (remote: 0, onsite: 0)",N/A,listing_page,No,https://www.allovoisins.com/r/0/188/0/0/service/Pension-chevaux
N/A,Acheter un plateau de table et tréteau - Labatut,France,N/A,50€,N/A,N/A,allovoisins,general,unknown,N/A,N/A,N/A,on-site,MEDIUM,No,NLP Analysis: Strong on-site indicators (score: 2 vs 0),Durée : 1 jour,detail_page,No,https://www.allovoisins.com/r/0/25/0/0/location-vente/Equipement
N/A,Location maison / villa - Créon,France,N/A,500€,N/A,N/A,allovoisins,general,unknown,N/A,N/A,N/A,on-site,MEDIUM,No,NLP Analysis: Strong on-site indicators (score: 2 vs 0),Durée : 365 jours,detail_page,No,https://www.allovoisins.com/r/0/87/0/0/location-vente/Maison
N/A,Location maison / villa - Albi,France,N/A,500€,N/A,N/A,allovoisins,general,unknown,N/A,N/A,N/A,on-site,MEDIUM,No,NLP Analysis: Strong on-site indicators (score: 2 vs 0),Durée : 365 jours,detail_page,No,https://www.allovoisins.com/r/0/87/0/0/location-vente/Maison
N/A,Louer un siège auto - Villenave-d'Ornon,France,N/A,21€,N/A,N/A,allovoisins,general,unknown,N/A,N/A,N/A,on-site,MEDIUM,No,"NLP Analysis: Ambiguous signals (remote: 0, onsite: 0)",Durée : 5 jours,detail_page,No,https://www.allovoisins.com/r/0/71/0/0/location-vente/Materiel-de-puericulture
N/A,Cherche Traiteur à Champlan,France,N/A,N/A,N/A,N/A,allovoisins,general,unknown,N/A,N/A,N/A,on-site,MEDIUM,No,"NLP Analysis: Ambiguous signals (remote: 0, onsite: 0)",N/A,listing_page,No,https://www.allovoisins.com/v/traiteur
N/A,Location table d'appoint - Champlan,France,N/A,15€,N/A,N/A,allovoisins,general,unknown,N/A,N/A,N/A,on-site,MEDIUM,No,"NLP Analysis: Ambiguous signals (remote: 0, onsite: 0)",Durée : 2 jours,detail_page,No,https://www.allovoisins.com/r/0/19/0/0/location-vente/Ameublement-accessoires-decoration
N/A,Location maison / villa - Albi,France,N/A,500€,N/A,N/A,allovoisins,general,unknown,N/A,N/A,N/A,on-site,MEDIUM,No,NLP Analysis: Strong on-site indicators (score: 2 vs 0),Durée : 365 jours,detail_page,No,https://www.allovoisins.com/r/0/87/0/0/location-vente/Maison
N/A,Louer un siège auto - Villenave-d'Ornon,France,N/A,21€,N/A,N/A,allovoisins,general,unknown,N/A,N/A,N/A,on-site,MEDIUM,No,"NLP Analysis: Ambiguous signals (remote: 0, onsite: 0)",Durée : 5 jours,detail_page,No,https://www.allovoisins.com/r/0/71/0/0/location-vente/Materiel-de-puericulture
N/A,Cherche Traiteur à Champlan,France,N/A,N/A,N/A,N/A,allovoisins,general,unknown,N/A,N/A,N/A,on-site,MEDIUM,No,"NLP Analysis: Ambiguous signals (remote: 0, onsite: 0)",N/A,listing_page,No,https://www.allovoisins.com/v/traiteur
N/A,Location table d'appoint - Champlan,France,N/A,15€,N/A,N/A,allovoisins,general,unknown,N/A,N/A,N/A,on-site,MEDIUM,No,"NLP Analysis: Ambiguous signals (remote: 0, onsite: 0)",Durée : 2 jours,detail_page,No,https://www.allovoisins.com/r/0/19/0/0/location-vente/Ameublement-accessoires-decoration
N/A,Location maison / villa - Albi,France,N/A,500€,N/A,N/A,allovoisins,general,unknown,N/A,N/A,N/A,on-site,MEDIUM,No,NLP Analysis: Strong on-site indicators (score: 2 vs 0),Durée : 365 jours,detail_page,No,https://www.allovoisins.com/r/0/87/0/0/location-vente/Maison
N/A,Louer un siège auto - Villenave-d'Ornon,France,N/A,21€,N/A,N/A,allovoisins,general,unknown,N/A,N/A,N/A,on-site,MEDIUM,No,"NLP Analysis: Ambiguous signals (remote: 0, onsite: 0)",Durée : 5 jours,detail_page,No,https://www.allovoisins.com/r/0/71/0/0/location-vente/Materiel-de-puericulture
N/A,Cherche Traiteur à Champlan,France,N/A,N/A,N/A,N/A,allovoisins,general,unknown,N/A,N/A,N/A,on-site,MEDIUM,No,"NLP Analysis: Ambiguous signals (remote: 0, onsite: 0)",N/A,listing_page,No,https://www.allovoisins.com/v/traiteur
N/A,Location table d'appoint - Champlan,France,N/A,15€,N/A,N/A,allovoisins,general,unknown,N/A,N/A,N/A,on-site,MEDIUM,No,"NLP Analysis: Ambiguous signals (remote: 0, onsite: 0)",Durée : 2 jours,detail_page,No,https://www.allovoisins.com/r/0/19/0/0/location-vente/Ameublement-accessoires-decoration
N/A,Location maison / villa - Albi,France,N/A,500€,N/A,N/A,allovoisins,general,unknown,N/A,N/A,N/A,on-site,MEDIUM,No,NLP Analysis: Strong on-site indicators (score: 2 vs 0),Durée : 365 jours,detail_page,No,https://www.allovoisins.com/r/0/87/0/0/location-vente/Maison
N/A,Louer un siège auto - Villenave-d'Ornon,France,N/A,21€,N/A,N/A,allovoisins,general,unknown,N/A,N/A,N/A,on-site,MEDIUM,No,"NLP Analysis: Ambiguous signals (remote: 0, onsite: 0)",Durée : 5 jours,detail_page,No,https://www.allovoisins.com/r/0/71/0/0/location-vente/Materiel-de-puericulture
N/A,Cherche Traiteur à Champlan,France,N/A,N/A,N/A,N/A,allovoisins,general,unknown,N/A,N/A,N/A,on-site,MEDIUM,No,"NLP Analysis: Ambiguous signals (remote: 0, onsite: 0)",N/A,listing_page,No,https://www.allovoisins.com/v/traiteur
N/A,Location table d'appoint - Champlan,France,N/A,15€,N/A,N/A,allovoisins,general,unknown,N/A,N/A,N/A,on-site,MEDIUM,No,"NLP Analysis: Ambiguous signals (remote: 0, onsite: 0)",Durée : 1 jour,detail_page,No,https://www.allovoisins.com/r/0/19/0/0/location-vente/Ameublement-accessoires-decoration
N/A,Location maison / villa - Albi,France,N/A,500€,N/A,N/A,allovoisins,general,unknown,N/A,N/A,N/A,on-site,MEDIUM,No,NLP Analysis: Strong on-site indicators (score: 2 vs 0),Durée : 365 jours,detail_page,No,https://www.allovoisins.com/r/0/87/0/0/location-vente/Maison
N/A,Louer un siège auto - Villenave-d'Ornon,France,N/A,21€,N/A,N/A,allovoisins,general,unknown,N/A,N/A,N/A,on-site,MEDIUM,No,"NLP Analysis: Ambiguous signals (remote: 0, onsite: 0)",Durée : 5 jours,detail_page,No,https://www.allovoisins.com/r/0/71/0/0/location-vente/Materiel-de-puericulture
N/A,Cherche Traiteur à Champlan,France,N/A,N/A,N/A,N/A,allovoisins,general,unknown,N/A,N/A,N/A,on-site,MEDIUM,No,"NLP Analysis: Ambiguous signals (remote: 0, onsite: 0)",N/A,listing_page,No,https://www.allovoisins.com/v/traiteur
N/A,Location table d'appoint - Champlan,France,N/A,15€,N/A,N/A,allovoisins,general,unknown,N/A,N/A,N/A,on-site,MEDIUM,No,"NLP Analysis: Ambiguous signals (remote: 0, onsite: 0)",Durée : 2 jours,detail_page,No,https://www.allovoisins.com/r/0/19/0/0/location-vente/Ameublement-accessoires-decoration
N/A,Recherche Clôture Grillage à Sommepy-Tahure,France,N/A,N/A,N/A,N/A,allovoisins,general,unknown,N/A,N/A,N/A,on-site,MEDIUM,No,"NLP Analysis: Ambiguous signals (remote: 0, onsite: 0)",N/A,listing_page,No,https://www.allovoisins.com/v/cloture-grillage
N/A,Location château gonflable (matériel d'animation) - Montlhéry,France,N/A,100€,N/A,N/A,allovoisins,general,unknown,N/A,N/A,N/A,on-site,MEDIUM,No,"NLP Analysis: Ambiguous signals (remote: 0, onsite: 0)",Durée : 1 jour,detail_page,No,https://www.allovoisins.com/r/0/27/0/0/location-vente/Jeux-materiel-d-animation
N/A,Recherche Clôture Grillage à Sommepy-Tahure,France,N/A,N/A,N/A,N/A,allovoisins,general,unknown,N/A,N/A,N/A,on-site,MEDIUM,No,"NLP Analysis: Ambiguous signals (remote: 0, onsite: 0)",N/A,listing_page,No,https://www.allovoisins.com/v/cloture-grillage
N/A,Location château gonflable (matériel d'animation) - Montlhéry,France,N/A,100€,N/A,N/A,allovoisins,general,unknown,N/A,N/A,N/A,on-site,MEDIUM,No,"NLP Analysis: Ambiguous signals (remote: 0, onsite: 0)",Durée : 1 jour,detail_page,No,https://www.allovoisins.com/r/0/27/0/0/location-vente/Jeux-materiel-d-animation
N/A,Recherche Clôture Grillage à Sommepy-Tahure,France,N/A,N/A,N/A,N/A,allovoisins,general,unknown,N/A,N/A,N/A,on-site,MEDIUM,No,"NLP Analysis: Ambiguous signals (remote: 0, onsite: 0)",N/A,listing_page,No,https://www.allovoisins.com/v/cloture-grillage
N/A,Location château gonflable (matériel d'animation) - Montlhéry,France,N/A,100€,N/A,N/A,allovoisins,general,unknown,N/A,N/A,N/A,on-site,MEDIUM,No,"NLP Analysis: Ambiguous signals (remote: 0, onsite: 0)",Durée : 1 jour,detail_page,No,https://www.allovoisins.com/r/0/27/0/0/location-vente/Jeux-materiel-d-animation
N/A,Location maison / villa - Albi,France,N/A,500€,N/A,N/A,allovoisins,general,unknown,N/A,N/A,N/A,on-site,MEDIUM,No,NLP Analysis: Strong on-site indicators (score: 2 vs 0),Durée : 365 jours,detail_page,No,https://www.allovoisins.com/r/0/87/0/0/location-vente/Maison
N/A,Louer un siège auto - Villenave-d'Ornon,France,N/A,21€,N/A,N/A,allovoisins,general,unknown,N/A,N/A,N/A,on-site,MEDIUM,No,"NLP Analysis: Ambiguous signals (remote: 0, onsite: 0)",Durée : 5 jours,detail_page,No,https://www.allovoisins.com/r/0/71/0/0/location-vente/Materiel-de-puericulture
N/A,Cherche Traiteur à Champlan,France,N/A,N/A,N/A,N/A,allovoisins,general,unknown,N/A,N/A,N/A,on-site,MEDIUM,No,"NLP Analysis: Ambiguous signals (remote: 0, onsite: 0)",N/A,listing_page,No,https://www.allovoisins.com/v/traiteur
N/A,Location table d'appoint - Champlan,France,N/A,15€,N/A,N/A,allovoisins,general,unknown,N/A,N/A,N/A,on-site,MEDIUM,No,"NLP Analysis: Ambiguous signals (remote: 0, onsite: 0)",Durée : 2 jours,detail_page,No,https://www.allovoisins.com/r/0/19/0/0/location-vente/Ameublement-accessoires-decoration
N/A,Location maison / villa - Albi,France,N/A,500€,N/A,N/A,allovoisins,general,unknown,N/A,N/A,N/A,on-site,MEDIUM,No,NLP Analysis: Strong on-site indicators (score: 2 vs 0),Durée : 365 jours,detail_page,No,https://www.allovoisins.com/r/0/87/0/0/location-vente/Maison
N/A,Louer un siège auto - Villenave-d'Ornon,France,N/A,21€,N/A,N/A,allovoisins,general,unknown,N/A,N/A,N/A,on-site,MEDIUM,No,"NLP Analysis: Ambiguous signals (remote: 0, onsite: 0)",Durée : 5 jours,detail_page,No,https://www.allovoisins.com/r/0/71/0/0/location-vente/Materiel-de-puericulture
N/A,Cherche Traiteur à Champlan,France,N/A,N/A,N/A,N/A,allovoisins,general,unknown,N/A,N/A,N/A,on-site,MEDIUM,No,"NLP Analysis: Ambiguous signals (remote: 0, onsite: 0)",N/A,listing_page,No,https://www.allovoisins.com/v/traiteur
N/A,Location table d'appoint - Champlan,France,N/A,15€,N/A,N/A,allovoisins,general,unknown,N/A,N/A,N/A,on-site,MEDIUM,No,"NLP Analysis: Ambiguous signals (remote: 0, onsite: 0)",Durée : 2 jours,detail_page,No,https://www.allovoisins.com/r/0/19/0/0/location-vente/Ameublement-accessoires-decoration
N/A,Recherche Clôture Grillage à Sommepy-Tahure,France,N/A,N/A,N/A,N/A,allovoisins,general,unknown,N/A,N/A,N/A,on-site,MEDIUM,No,"NLP Analysis: Ambiguous signals (remote: 0, onsite: 0)",N/A,listing_page,No,https://www.allovoisins.com/v/cloture-grillage
N/A,Location château gonflable (matériel d'animation) - Montlhéry,France,N/A,100€,N/A,N/A,allovoisins,general,unknown,N/A,N/A,N/A,on-site,MEDIUM,No,"NLP Analysis: Ambiguous signals (remote: 0, onsite: 0)",Durée : 1 jour,detail_page,No,https://www.allovoisins.com/r/0/27/0/0/location-vente/Jeux-materiel-d-animation
N/A,Location maison / villa - Albi,France,N/A,500€,N/A,N/A,allovoisins,general,unknown,N/A,N/A,N/A,on-site,MEDIUM,No,NLP Analysis: Strong on-site indicators (score: 2 vs 0),Durée : 365 jours,detail_page,No,https://www.allovoisins.com/r/0/87/0/0/location-vente/Maison
N/A,Louer un siège auto - Villenave-d'Ornon,France,N/A,21€,N/A,N/A,allovoisins,general,unknown,N/A,N/A,N/A,on-site,MEDIUM,No,"NLP Analysis: Ambiguous signals (remote: 0, onsite: 0)",Durée : 5 jours,detail_page,No,https://www.allovoisins.com/r/0/71/0/0/location-vente/Materiel-de-puericulture
N/A,Cherche Traiteur à Champlan,France,N/A,N/A,N/A,N/A,allovoisins,general,unknown,N/A,N/A,N/A,on-site,MEDIUM,No,"NLP Analysis: Ambiguous signals (remote: 0, onsite: 0)",N/A,listing_page,No,https://www.allovoisins.com/v/traiteur
N/A,Location table d'appoint - Champlan,France,N/A,15€,N/A,N/A,allovoisins,general,unknown,N/A,N/A,N/A,on-site,MEDIUM,No,"NLP Analysis: Ambiguous signals (remote: 0, onsite: 0)",Durée : 1 jour,detail_page,No,https://www.allovoisins.com/r/0/19/0/0/location-vente/Ameublement-accessoires-decoration
N/A,Recherche Clôture Grillage à Sommepy-Tahure,France,N/A,N/A,N/A,N/A,allovoisins,general,unknown,N/A,N/A,N/A,on-site,MEDIUM,No,"NLP Analysis: Ambiguous signals (remote: 0, onsite: 0)",N/A,listing_page,No,https://www.allovoisins.com/v/cloture-grillage
N/A,Location château gonflable (matériel d'animation) - Montlhéry,France,N/A,100€,N/A,N/A,allovoisins,general,unknown,N/A,N/A,N/A,on-site,MEDIUM,No,"NLP Analysis: Ambiguous signals (remote: 0, onsite: 0)",Durée : 1 jour,detail_page,No,https://www.allovoisins.com/r/0/27/0/0/location-vente/Jeux-materiel-d-animation
N/A,Recherche Clôture Grillage à Sommepy-Tahure,France,N/A,N/A,N/A,N/A,allovoisins,general,unknown,N/A,N/A,N/A,on-site,MEDIUM,No,"NLP Analysis: Ambiguous signals (remote: 0, onsite: 0)",N/A,listing_page,No,https://www.allovoisins.com/v/cloture-grillage
N/A,Location château gonflable (matériel d'animation) - Montlhéry,France,N/A,100€,N/A,N/A,allovoisins,general,unknown,N/A,N/A,N/A,on-site,MEDIUM,No,"NLP Analysis: Ambiguous signals (remote: 0, onsite: 0)",Durée : 1 jour,detail_page,No,https://www.allovoisins.com/r/0/27/0/0/location-vente/Jeux-materiel-d-animation
N/A,Recherche Clôture Grillage à Sommepy-Tahure,France,N/A,N/A,N/A,N/A,allovoisins,general,unknown,N/A,N/A,N/A,on-site,MEDIUM,No,"NLP Analysis: Ambiguous signals (remote: 0, onsite: 0)",N/A,listing_page,No,https://www.allovoisins.com/v/cloture-grillage
N/A,Location château gonflable (matériel d'animation) - Montlhéry,France,N/A,100€,N/A,N/A,allovoisins,general,unknown,N/A,N/A,N/A,on-site,MEDIUM,No,"NLP Analysis: Ambiguous signals (remote: 0, onsite: 0)",Durée : 1 jour,detail_page,No,https://www.allovoisins.com/r/0/27/0/0/location-vente/Jeux-materiel-d-animation
N/A,Location maison / villa - Albi,France,N/A,500€,N/A,N/A,allovoisins,general,unknown,N/A,N/A,N/A,on-site,MEDIUM,No,NLP Analysis: Strong on-site indicators (score: 2 vs 0),Durée : 365 jours,detail_page,No,https://www.allovoisins.com/r/0/87/0/0/location-vente/Maison
N/A,Louer un siège auto - Villenave-d'Ornon,France,N/A,21€,N/A,N/A,allovoisins,general,unknown,N/A,N/A,N/A,on-site,MEDIUM,No,"NLP Analysis: Ambiguous signals (remote: 0, onsite: 0)",Durée : 5 jours,detail_page,No,https://www.allovoisins.com/r/0/71/0/0/location-vente/Materiel-de-puericulture
N/A,Cherche Traiteur à Champlan,France,N/A,N/A,N/A,N/A,allovoisins,general,unknown,N/A,N/A,N/A,on-site,MEDIUM,No,"NLP Analysis: Ambiguous signals (remote: 0, onsite: 0)",N/A,listing_page,No,https://www.allovoisins.com/v/traiteur
N/A,Location table d'appoint - Champlan,France,N/A,15€,N/A,N/A,allovoisins,general,unknown,N/A,N/A,N/A,on-site,MEDIUM,No,"NLP Analysis: Ambiguous signals (remote: 0, onsite: 0)",Durée : 1 jour,detail_page,No,https://www.allovoisins.com/r/0/19/0/0/location-vente/Ameublement-accessoires-decoration
N/A,Location maison / villa - Albi,France,N/A,500€,N/A,N/A,allovoisins,general,unknown,N/A,N/A,N/A,on-site,MEDIUM,No,NLP Analysis: Strong on-site indicators (score: 2 vs 0),Durée : 365 jours,detail_page,No,https://www.allovoisins.com/r/0/87/0/0/location-vente/Maison
N/A,Louer un siège auto - Villenave-d'Ornon,France,N/A,21€,N/A,N/A,allovoisins,general,unknown,N/A,N/A,N/A,on-site,MEDIUM,No,"NLP Analysis: Ambiguous signals (remote: 0, onsite: 0)",Durée : 5 jours,detail_page,No,https://www.allovoisins.com/r/0/71/0/0/location-vente/Materiel-de-puericulture
N/A,Cherche Traiteur à Champlan,France,N/A,N/A,N/A,N/A,allovoisins,general,unknown,N/A,N/A,N/A,on-site,MEDIUM,No,"NLP Analysis: Ambiguous signals (remote: 0, onsite: 0)",N/A,listing_page,No,https://www.allovoisins.com/v/traiteur
N/A,Location table d'appoint - Champlan,France,N/A,15€,N/A,N/A,allovoisins,general,unknown,N/A,N/A,N/A,on-site,MEDIUM,No,"NLP Analysis: Ambiguous signals (remote: 0, onsite: 0)",Durée : 2 jours,detail_page,No,https://www.allovoisins.com/r/0/19/0/0/location-vente/Ameublement-accessoires-decoration
N/A,Recherche Clôture Grillage à Sommepy-Tahure,France,N/A,N/A,N/A,N/A,allovoisins,general,unknown,N/A,N/A,N/A,on-site,MEDIUM,No,"NLP Analysis: Ambiguous signals (remote: 0, onsite: 0)",N/A,listing_page,No,https://www.allovoisins.com/v/cloture-grillage
N/A,Location château gonflable (matériel d'animation) - Montlhéry,France,N/A,100€,N/A,N/A,allovoisins,general,unknown,N/A,N/A,N/A,on-site,MEDIUM,No,"NLP Analysis: Ambiguous signals (remote: 0, onsite: 0)",Durée : 1 jour,detail_page,No,https://www.allovoisins.com/r/0/27/0/0/location-vente/Jeux-materiel-d-animation
N/A,Location maison / villa - Albi,France,N/A,500€,N/A,N/A,allovoisins,general,unknown,N/A,N/A,N/A,on-site,MEDIUM,No,NLP Analysis: Strong on-site indicators (score: 2 vs 0),Durée : 365 jours,detail_page,No,https://www.allovoisins.com/r/0/87/0/0/location-vente/Maison
N/A,Louer un siège auto - Villenave-d'Ornon,France,N/A,21€,N/A,N/A,allovoisins,general,unknown,N/A,N/A,N/A,on-site,MEDIUM,No,"NLP Analysis: Ambiguous signals (remote: 0, onsite: 0)",Durée : 5 jours,detail_page,No,https://www.allovoisins.com/r/0/71/0/0/location-vente/Materiel-de-puericulture
N/A,Cherche Traiteur à Champlan,France,N/A,N/A,N/A,N/A,allovoisins,general,unknown,N/A,N/A,N/A,on-site,MEDIUM,No,"NLP Analysis: Ambiguous signals (remote: 0, onsite: 0)",N/A,listing_page,No,https://www.allovoisins.com/v/traiteur
N/A,Location table d'appoint - Champlan,France,N/A,15€,N/A,N/A,allovoisins,general,unknown,N/A,N/A,N/A,on-site,MEDIUM,No,"NLP Analysis: Ambiguous signals (remote: 0, onsite: 0)",Durée : 1 jour,detail_page,No,https://www.allovoisins.com/r/0/19/0/0/location-vente/Ameublement-accessoires-decoration
N/A,Recherche Clôture Grillage à Sommepy-Tahure,France,N/A,N/A,N/A,N/A,allovoisins,general,unknown,N/A,N/A,N/A,on-site,MEDIUM,No,"NLP Analysis: Ambiguous signals (remote: 0, onsite: 0)",N/A,listing_page,No,https://www.allovoisins.com/v/cloture-grillage
N/A,Location château gonflable (matériel d'animation) - Montlhéry,France,N/A,100€,N/A,N/A,allovoisins,general,unknown,N/A,N/A,N/A,on-site,MEDIUM,No,"NLP Analysis: Ambiguous signals (remote: 0, onsite: 0)",Durée : 1 jour,detail_page,No,https://www.allovoisins.com/r/0/27/0/0/location-vente/Jeux-materiel-d-animation
N/A,Recherche Clôture Grillage à Sommepy-Tahure,France,N/A,N/A,N/A,N/A,allovoisins,general,unknown,N/A,N/A,N/A,on-site,MEDIUM,No,"NLP Analysis: Ambiguous signals (remote: 0, onsite: 0)",N/A,listing_page,No,https://www.allovoisins.com/v/cloture-grillage
N/A,Location château gonflable (matériel d'animation) - Montlhéry,France,N/A,100€,N/A,N/A,allovoisins,general,unknown,N/A,N/A,N/A,on-site,MEDIUM,No,"NLP Analysis: Ambiguous signals (remote: 0, onsite: 0)",Durée : 1 jour,detail_page,No,https://www.allovoisins.com/r/0/27/0/0/location-vente/Jeux-materiel-d-animation
N/A,Location maison / villa - Albi,France,N/A,500€,N/A,N/A,allovoisins,general,unknown,N/A,N/A,N/A,on-site,MEDIUM,No,NLP Analysis: Strong on-site indicators (score: 2 vs 0),Durée : 365 jours,detail_page,No,https://www.allovoisins.com/r/0/87/0/0/location-vente/Maison
N/A,Louer un siège auto - Villenave-d'Ornon,France,N/A,21€,N/A,N/A,allovoisins,general,unknown,N/A,N/A,N/A,on-site,MEDIUM,No,"NLP Analysis: Ambiguous signals (remote: 0, onsite: 0)",Durée : 5 jours,detail_page,No,https://www.allovoisins.com/r/0/71/0/0/location-vente/Materiel-de-puericulture
N/A,Cherche Traiteur à Champlan,France,N/A,N/A,N/A,N/A,allovoisins,general,unknown,N/A,N/A,N/A,on-site,MEDIUM,No,"NLP Analysis: Ambiguous signals (remote: 0, onsite: 0)",N/A,listing_page,No,https://www.allovoisins.com/v/traiteur
N/A,Location table d'appoint - Champlan,France,N/A,15€,N/A,N/A,allovoisins,general,unknown,N/A,N/A,N/A,on-site,MEDIUM,No,"NLP Analysis: Ambiguous signals (remote: 0, onsite: 0)",Durée : 1 jour,detail_page,No,https://www.allovoisins.com/r/0/19/0/0/location-vente/Ameublement-accessoires-decoration
N/A,Recherche Clôture Grillage à Sommepy-Tahure,France,N/A,N/A,N/A,N/A,allovoisins,general,unknown,N/A,N/A,N/A,on-site,MEDIUM,No,"NLP Analysis: Ambiguous signals (remote: 0, onsite: 0)",N/A,listing_page,No,https://www.allovoisins.com/v/cloture-grillage
N/A,Location château gonflable (matériel d'animation) - Montlhéry,France,N/A,100€,N/A,N/A,allovoisins,general,unknown,N/A,N/A,N/A,on-site,MEDIUM,No,"NLP Analysis: Ambiguous signals (remote: 0, onsite: 0)",Durée : 1 jour,detail_page,No,https://www.allovoisins.com/r/0/27/0/0/location-vente/Jeux-materiel-d-animation
N/A,Recherche Réparation voiture à Saint-Sébastien-sur-Loire,France,N/A,N/A,N/A,N/A,allovoisins,general,unknown,N/A,N/A,N/A,on-site,MEDIUM,No,"NLP Analysis: Ambiguous signals (remote: 0, onsite: 0)",N/A,listing_page,Yes,https://www.allovoisins.com/v/reparation-voiture
N/A,Recherche Ménage à Sainte-Maxime,France,N/A,N/A,N/A,N/A,allovoisins,general,unknown,N/A,N/A,N/A,on-site,HIGH,No,Obvious on-site work: ménage,N/A,listing_page,Yes,https://www.allovoisins.com/v/femme-de-menage
N/A,Cherche Évacuation déchets - Gravats à Nice,France,N/A,N/A,N/A,N/A,allovoisins,general,unknown,N/A,N/A,N/A,on-site,MEDIUM,No,"NLP Analysis: Ambiguous signals (remote: 0, onsite: 0)",N/A,listing_page,Yes,https://www.allovoisins.com/v/evacuation-dechets-gravats
N/A,Recherche Jardinier à Gerbamont,France,N/A,N/A,N/A,N/A,allovoisins,general,unknown,N/A,N/A,N/A,on-site,MEDIUM,No,"NLP Analysis: Ambiguous signals (remote: 0, onsite: 0)",N/A,listing_page,Yes,https://www.allovoisins.com/v/jardinier
N/A,Cherche Tonte de pelouse - Débroussaillage à Dunkerque,France,N/A,N/A,N/A,N/A,allovoisins,general,unknown,N/A,N/A,N/A,on-site,MEDIUM,No,"NLP Analysis: Ambiguous signals (remote: 0, onsite: 0)",N/A,listing_page,Yes,https://www.allovoisins.com/v/tonte-de-pelouse-debroussaillage
N/A,Cherche Dépannage électroménager à Vitrolles,France,N/A,N/A,N/A,N/A,allovoisins,general,unknown,N/A,N/A,N/A,on-site,HIGH,No,Obvious on-site work: ménage,N/A,listing_page,Yes,https://www.allovoisins.com/v/depannage-electromenager
N/A,Cherche Ramonage - Fumiste à Cuincy,France,N/A,N/A,N/A,N/A,allovoisins,general,unknown,N/A,N/A,N/A,on-site,MEDIUM,No,"NLP Analysis: Ambiguous signals (remote: 0, onsite: 0)",N/A,listing_page,Yes,https://www.allovoisins.com/v/ramonage-fumiste
N/A,Recherche Dépannage électroménager à Vitrolles,France,N/A,N/A,N/A,N/A,allovoisins,general,unknown,N/A,N/A,N/A,on-site,HIGH,No,Obvious on-site work: ménage,N/A,listing_page,Yes,https://www.allovoisins.com/v/depannage-electromenager
N/A,Recherche Bricolage et multi services à Paris,France,N/A,N/A,N/A,N/A,allovoisins,general,unknown,N/A,N/A,N/A,on-site,HIGH,No,Obvious on-site work: bricolage,N/A,listing_page,Yes,https://www.allovoisins.com/v/bricolage-petits-travaux
N/A,Cherche Jardinier à Saint-Maur-des-Fossés,France,N/A,N/A,N/A,N/A,allovoisins,general,unknown,N/A,N/A,N/A,on-site,MEDIUM,No,"NLP Analysis: Ambiguous signals (remote: 0, onsite: 0)",N/A,listing_page,Yes,https://www.allovoisins.com/v/jardinier
N/A,Recherche Pose de parquet - Revêtement de sol à Roques,France,N/A,N/A,N/A,N/A,allovoisins,general,unknown,N/A,N/A,N/A,on-site,MEDIUM,No,"NLP Analysis: Ambiguous signals (remote: 0, onsite: 0)",N/A,listing_page,Yes,https://www.allovoisins.com/v/pose-de-parquet-revetement-de-sol
N/A,Cherche Plomberie - Installation sanitaire à Marseille,France,N/A,N/A,N/A,N/A,allovoisins,general,unknown,N/A,N/A,N/A,on-site,HIGH,No,Obvious on-site work: plomberie,N/A,listing_page,Yes,https://www.allovoisins.com/v/plomberie-installation-sanitaire
N/A,Recherche Bricolage et multi services à Le Mans,France,N/A,N/A,N/A,N/A,allovoisins,general,unknown,N/A,N/A,N/A,on-site,HIGH,No,Obvious on-site work: bricolage,N/A,listing_page,Yes,https://www.allovoisins.com/v/bricolage-petits-travaux
N/A,Recherche Bricolage et multi services à Vincennes,France,N/A,50€,N/A,N/A,allovoisins,general,unknown,N/A,N/A,N/A,on-site,HIGH,No,Obvious on-site work: bricolage,N/A,listing_page,Yes,https://www.allovoisins.com/v/bricolage-petits-travaux
N/A,Cherche Peinture - Tapisserie à Lapugnoy,France,N/A,N/A,N/A,N/A,allovoisins,general,unknown,N/A,N/A,N/A,on-site,HIGH,No,Obvious on-site work: peinture,N/A,listing_page,Yes,https://www.allovoisins.com/v/peinture-tapisserie
N/A,Recherche Jardinier à Clermont-l'Hérault,France,N/A,N/A,N/A,N/A,allovoisins,general,unknown,N/A,N/A,N/A,on-site,MEDIUM,No,"NLP Analysis: Ambiguous signals (remote: 0, onsite: 0)",N/A,listing_page,Yes,https://www.allovoisins.com/v/jardinier
N/A,Cherche Jardinier à Clermont-l'Hérault,France,N/A,N/A,N/A,N/A,allovoisins,general,unknown,N/A,N/A,N/A,on-site,MEDIUM,No,"NLP Analysis: Ambiguous signals (remote: 0, onsite: 0)",N/A,listing_page,Yes,https://www.allovoisins.com/v/jardinier
N/A,Cherche Déménageurs et aide au déménagement à Rouen,France,N/A,N/A,N/A,N/A,allovoisins,general,unknown,N/A,N/A,N/A,on-site,HIGH,No,Obvious on-site work: ménage,N/A,listing_page,Yes,https://www.allovoisins.com/v/demenagement
N/A,Recherche Déménageurs et aide au déménagement à Rouen,France,N/A,N/A,N/A,N/A,allovoisins,general,unknown,N/A,N/A,N/A,on-site,HIGH,No,Obvious on-site work: ménage,N/A,listing_page,Yes,https://www.allovoisins.com/v/demenagement
N/A,Cherche Bricolage et multi services à Bruay-la-Buissière,France,N/A,N/A,N/A,N/A,allovoisins,general,unknown,N/A,N/A,N/A,on-site,HIGH,No,Obvious on-site work: bricolage,N/A,listing_page,Yes,https://www.allovoisins.com/v/bricolage-petits-travaux
N/A,Recherche Réparation voiture à Montry,France,N/A,N/A,N/A,N/A,allovoisins,general,unknown,N/A,N/A,N/A,on-site,MEDIUM,No,"NLP Analysis: Ambiguous signals (remote: 0, onsite: 0)",N/A,listing_page,Yes,https://www.allovoisins.com/v/reparation-voiture
N/A,Recherche Dépannage électroménager à Lautenbach,France,N/A,N/A,N/A,N/A,allovoisins,general,unknown,N/A,N/A,N/A,on-site,HIGH,No,Obvious on-site work: ménage,N/A,listing_page,Yes,https://www.allovoisins.com/v/depannage-electromenager
N/A,Recherche Livraison - Transport de colis à Vandœuvre-lès-Nancy,France,N/A,N/A,N/A,N/A,allovoisins,general,unknown,N/A,N/A,N/A,on-site,HIGH,No,Obvious on-site work: livraison,N/A,listing_page,Yes,https://www.allovoisins.com/v/livraison-transport-de-colis
N/A,Recherche Réparation voiture à Pau,France,N/A,N/A,N/A,N/A,allovoisins,general,unknown,N/A,N/A,N/A,on-site,MEDIUM,No,"NLP Analysis: Ambiguous signals (remote: 0, onsite: 0)",N/A,listing_page,Yes,https://www.allovoisins.com/v/reparation-voiture
N/A,Recherche Garde chien à Vémars,France,N/A,N/A,N/A,N/A,allovoisins,general,unknown,N/A,N/A,N/A,on-site,MEDIUM,No,"NLP Analysis: Ambiguous signals (remote: 0, onsite: 0)",N/A,listing_page,Yes,https://www.allovoisins.com/v/garde-chien
N/A,Recherche Réparation vélo - moto à Toulon,France,N/A,N/A,N/A,N/A,allovoisins,general,unknown,N/A,N/A,N/A,on-site,MEDIUM,No,"NLP Analysis: Ambiguous signals (remote: 0, onsite: 0)",N/A,listing_page,Yes,https://www.allovoisins.com/v/reparation-velo-moto
N/A,Recherche Menuiserie - Huisserie - Agencement à Ormesson-sur-Marne,France,N/A,N/A,N/A,N/A,allovoisins,general,unknown,N/A,N/A,N/A,on-site,MEDIUM,No,"NLP Analysis: Ambiguous signals (remote: 0, onsite: 0)",N/A,listing_page,Yes,https://www.allovoisins.com/v/menuiserie-huisserie-agencement
N/A,Recherche Peinture - Tapisserie à Calvisson,France,N/A,N/A,N/A,N/A,allovoisins,general,unknown,N/A,N/A,N/A,on-site,HIGH,No,Obvious on-site work: peinture,N/A,listing_page,Yes,https://www.allovoisins.com/v/peinture-tapisserie
N/A,Recherche Carrelage à Pluvigner,France,N/A,N/A,N/A,N/A,allovoisins,general,unknown,N/A,N/A,N/A,on-site,MEDIUM,No,"NLP Analysis: Ambiguous signals (remote: 0, onsite: 0)",N/A,listing_page,Yes,https://www.allovoisins.com/v/carrelage
N/A,Cherche Montage meubles en kit à Val-de-Reuil,France,N/A,N/A,N/A,N/A,allovoisins,general,unknown,N/A,N/A,N/A,on-site,MEDIUM,No,"NLP Analysis: Ambiguous signals (remote: 0, onsite: 0)",N/A,listing_page,Yes,https://www.allovoisins.com/v/montage-meubles-en-kit
N/A,Recherche Gateau d'anniversaire - cake art à Montgermont,France,N/A,N/A,N/A,N/A,allovoisins,general,unknown,N/A,N/A,N/A,on-site,MEDIUM,No,"NLP Analysis: Ambiguous signals (remote: 0, onsite: 0)",N/A,listing_page,Yes,https://www.allovoisins.com/v/gateau-d-anniversaire-cake-art
N/A,Recherche Bricolage et multi services à Blain,France,N/A,N/A,N/A,N/A,allovoisins,general,unknown,N/A,N/A,N/A,on-site,HIGH,No,Obvious on-site work: bricolage,N/A,listing_page,Yes,https://www.allovoisins.com/v/bricolage-petits-travaux
N/A,Recherche Ménage à Valence,France,N/A,N/A,N/A,N/A,allovoisins,general,unknown,N/A,N/A,N/A,on-site,HIGH,No,Obvious on-site work: ménage,N/A,listing_page,Yes,https://www.allovoisins.com/v/femme-de-menage
N/A,Cherche Bricolage et multi services à Corbeil-Essonnes,France,N/A,N/A,N/A,N/A,allovoisins,general,unknown,N/A,N/A,N/A,on-site,HIGH,No,Obvious on-site work: bricolage,N/A,listing_page,Yes,https://www.allovoisins.com/v/bricolage-petits-travaux
N/A,Cherche Maçonnerie à Vaux-sur-Mer,France,N/A,N/A,N/A,N/A,allovoisins,general,unknown,N/A,N/A,N/A,on-site,HIGH,No,Obvious on-site work: maçon,N/A,listing_page,Yes,https://www.allovoisins.com/v/maconnerie
N/A,Recherche Bricolage et multi services à Domont,France,N/A,N/A,N/A,N/A,allovoisins,general,unknown,N/A,N/A,N/A,on-site,HIGH,No,Obvious on-site work: bricolage,N/A,listing_page,Yes,https://www.allovoisins.com/v/bricolage-petits-travaux
N/A,Cherche Couturière à Castelnau-le-Lez,France,N/A,N/A,N/A,N/A,allovoisins,general,unknown,N/A,N/A,N/A,on-site,MEDIUM,No,"NLP Analysis: Ambiguous signals (remote: 0, onsite: 0)",N/A,listing_page,Yes,https://www.allovoisins.com/v/couturiere
N/A,Cherche Couturière à Castelnau-le-Lez,France,N/A,N/A,N/A,N/A,allovoisins,general,unknown,N/A,N/A,N/A,on-site,MEDIUM,No,"NLP Analysis: Ambiguous signals (remote: 0, onsite: 0)",N/A,listing_page,Yes,https://www.allovoisins.com/v/couturiere
N/A,Recherche Menuiserie - Huisserie - Agencement à Saint-Martin-Longueau,France,N/A,N/A,N/A,N/A,allovoisins,general,unknown,N/A,N/A,N/A,on-site,MEDIUM,No,"NLP Analysis: Ambiguous signals (remote: 0, onsite: 0)",N/A,listing_page,Yes,https://www.allovoisins.com/v/menuiserie-huisserie-agencement
N/A,Recherche Couturière à Castelnau-le-Lez,France,N/A,N/A,N/A,N/A,allovoisins,general,unknown,N/A,N/A,N/A,on-site,MEDIUM,No,"NLP Analysis: Ambiguous signals (remote: 0, onsite: 0)",N/A,listing_page,Yes,https://www.allovoisins.com/v/couturiere
N/A,Recherche Garde chien à Villeneuve-le-Roi,France,N/A,N/A,N/A,N/A,allovoisins,general,unknown,N/A,N/A,N/A,on-site,MEDIUM,No,"NLP Analysis: Ambiguous signals (remote: 0, onsite: 0)",N/A,listing_page,Yes,https://www.allovoisins.com/v/garde-chien
N/A,Cherche Carrelage à Ghyvelde,France,N/A,N/A,N/A,N/A,allovoisins,general,unknown,N/A,N/A,N/A,on-site,MEDIUM,No,"NLP Analysis: Ambiguous signals (remote: 0, onsite: 0)",N/A,listing_page,Yes,https://www.allovoisins.com/v/carrelage
N/A,Recherche Réparation voiture à Saint-Sébastien-sur-Loire,France,N/A,N/A,N/A,N/A,allovoisins,general,unknown,N/A,N/A,N/A,on-site,MEDIUM,No,"NLP Analysis: Ambiguous signals (remote: 0, onsite: 0)",N/A,listing_page,Yes,https://www.allovoisins.com/v/reparation-voiture
N/A,Recherche Ménage à Sainte-Maxime,France,N/A,N/A,N/A,N/A,allovoisins,general,unknown,N/A,N/A,N/A,on-site,HIGH,No,Obvious on-site work: ménage,N/A,listing_page,Yes,https://www.allovoisins.com/v/femme-de-menage
N/A,Cherche Évacuation déchets - Gravats à Nice,France,N/A,N/A,N/A,N/A,allovoisins,general,unknown,N/A,N/A,N/A,on-site,MEDIUM,No,"NLP Analysis: Ambiguous signals (remote: 0, onsite: 0)",N/A,listing_page,Yes,https://www.allovoisins.com/v/evacuation-dechets-gravats
N/A,Recherche Jardinier à Gerbamont,France,N/A,N/A,N/A,N/A,allovoisins,general,unknown,N/A,N/A,N/A,on-site,MEDIUM,No,"NLP Analysis: Ambiguous signals (remote: 0, onsite: 0)",N/A,listing_page,Yes,https://www.allovoisins.com/v/jardinier
N/A,Cherche Dépannage électroménager à Vitrolles,France,N/A,N/A,N/A,N/A,allovoisins,general,unknown,N/A,N/A,N/A,on-site,HIGH,No,Obvious on-site work: ménage,N/A,listing_page,Yes,https://www.allovoisins.com/v/depannage-electromenager
N/A,Cherche Ramonage - Fumiste à Cuincy,France,N/A,N/A,N/A,N/A,allovoisins,general,unknown,N/A,N/A,N/A,on-site,MEDIUM,No,"NLP Analysis: Ambiguous signals (remote: 0, onsite: 0)",N/A,listing_page,Yes,https://www.allovoisins.com/v/ramonage-fumiste
N/A,Recherche Dépannage électroménager à Vitrolles,France,N/A,N/A,N/A,N/A,allovoisins,general,unknown,N/A,N/A,N/A,on-site,HIGH,No,Obvious on-site work: ménage,N/A,listing_page,Yes,https://www.allovoisins.com/v/depannage-electromenager
N/A,Recherche Bricolage et multi services à Paris,France,N/A,N/A,N/A,N/A,allovoisins,general,unknown,N/A,N/A,N/A,on-site,HIGH,No,Obvious on-site work: bricolage,N/A,listing_page,Yes,https://www.allovoisins.com/v/bricolage-petits-travaux
N/A,Cherche Jardinier à Saint-Maur-des-Fossés,France,N/A,N/A,N/A,N/A,allovoisins,general,unknown,N/A,N/A,N/A,on-site,MEDIUM,No,"NLP Analysis: Ambiguous signals (remote: 0, onsite: 0)",N/A,listing_page,Yes,https://www.allovoisins.com/v/jardinier
N/A,Recherche Pose de parquet - Revêtement de sol à Roques,France,N/A,N/A,N/A,N/A,allovoisins,general,unknown,N/A,N/A,N/A,on-site,MEDIUM,No,"NLP Analysis: Ambiguous signals (remote: 0, onsite: 0)",N/A,listing_page,Yes,https://www.allovoisins.com/v/pose-de-parquet-revetement-de-sol
N/A,Cherche Plomberie - Installation sanitaire à Marseille,France,N/A,N/A,N/A,N/A,allovoisins,general,unknown,N/A,N/A,N/A,on-site,HIGH,No,Obvious on-site work: plomberie,N/A,listing_page,Yes,https://www.allovoisins.com/v/plomberie-installation-sanitaire
N/A,Recherche Bricolage et multi services à Le Mans,France,N/A,N/A,N/A,N/A,allovoisins,general,unknown,N/A,N/A,N/A,on-site,HIGH,No,Obvious on-site work: bricolage,N/A,listing_page,Yes,https://www.allovoisins.com/v/bricolage-petits-travaux
N/A,Recherche Bricolage et multi services à Vincennes,France,N/A,50€,N/A,N/A,allovoisins,general,unknown,N/A,N/A,N/A,on-site,HIGH,No,Obvious on-site work: bricolage,N/A,listing_page,Yes,https://www.allovoisins.com/v/bricolage-petits-travaux
N/A,Cherche Peinture - Tapisserie à Lapugnoy,France,N/A,N/A,N/A,N/A,allovoisins,general,unknown,N/A,N/A,N/A,on-site,HIGH,No,Obvious on-site work: peinture,N/A,listing_page,Yes,https://www.allovoisins.com/v/peinture-tapisserie
N/A,Recherche Jardinier à Clermont-l'Hérault,France,N/A,N/A,N/A,N/A,allovoisins,general,unknown,N/A,N/A,N/A,on-site,MEDIUM,No,"NLP Analysis: Ambiguous signals (remote: 0, onsite: 0)",N/A,listing_page,Yes,https://www.allovoisins.com/v/jardinier
N/A,Cherche Jardinier à Clermont-l'Hérault,France,N/A,N/A,N/A,N/A,allovoisins,general,unknown,N/A,N/A,N/A,on-site,MEDIUM,No,"NLP Analysis: Ambiguous signals (remote: 0, onsite: 0)",N/A,listing_page,Yes,https://www.allovoisins.com/v/jardinier
N/A,Cherche Bricolage et multi services à Bruay-la-Buissière,France,N/A,N/A,N/A,N/A,allovoisins,general,unknown,N/A,N/A,N/A,on-site,HIGH,No,Obvious on-site work: bricolage,N/A,listing_page,Yes,https://www.allovoisins.com/v/bricolage-petits-travaux
N/A,Cherche Livraison - Transport de colis à Neuilly-sur-Marne,France,N/A,N/A,N/A,N/A,allovoisins,general,unknown,N/A,N/A,N/A,on-site,HIGH,No,Obvious on-site work: livraison,N/A,listing_page,Yes,https://www.allovoisins.com/v/livraison-transport-de-colis
N/A,Cherche Garde chien à Saint-Martin-du-Tertre,France,N/A,N/A,N/A,N/A,allovoisins,general,unknown,N/A,N/A,N/A,on-site,MEDIUM,No,"NLP Analysis: Ambiguous signals (remote: 0, onsite: 0)",N/A,listing_page,Yes,https://www.allovoisins.com/v/garde-chien
N/A,Cherche Dépannage électroménager à Lyon,France,N/A,N/A,N/A,N/A,allovoisins,general,unknown,N/A,N/A,N/A,on-site,HIGH,No,Obvious on-site work: ménage,N/A,listing_page,Yes,https://www.allovoisins.com/v/depannage-electromenager
N/A,Recherche Réparation carrosserie à Vaulx-en-Velin,France,N/A,N/A,N/A,N/A,allovoisins,general,unknown,N/A,N/A,N/A,on-site,MEDIUM,No,"NLP Analysis: Ambiguous signals (remote: 0, onsite: 0)",N/A,listing_page,Yes,https://www.allovoisins.com/v/reparation-carrosserie
N/A,Cherche Garde chien à Saint-Martin-du-Tertre,France,N/A,N/A,N/A,N/A,allovoisins,general,unknown,N/A,N/A,N/A,on-site,MEDIUM,No,"NLP Analysis: Ambiguous signals (remote: 0, onsite: 0)",N/A,listing_page,Yes,https://www.allovoisins.com/v/garde-chien
N/A,Recherche Livraison - Transport de colis à Brest,France,N/A,N/A,N/A,N/A,allovoisins,general,unknown,N/A,N/A,N/A,on-site,HIGH,No,Obvious on-site work: livraison,N/A,listing_page,Yes,https://www.allovoisins.com/v/livraison-transport-de-colis
N/A,Cherche Paysagiste - Aménagement du jardin à Boissy-sans-Avoir,France,N/A,N/A,N/A,N/A,allovoisins,general,unknown,N/A,N/A,N/A,on-site,HIGH,No,Obvious on-site work: ménage,N/A,listing_page,Yes,https://www.allovoisins.com/v/paysagiste-amenagement-du-jardin
N/A,Cherche Réparation voiture à Souppes-sur-Loing,France,N/A,N/A,N/A,N/A,allovoisins,general,unknown,N/A,N/A,N/A,on-site,MEDIUM,No,"NLP Analysis: Ambiguous signals (remote: 0, onsite: 0)",N/A,listing_page,Yes,https://www.allovoisins.com/v/reparation-voiture
N/A,Recherche Couverture - Toiture à Villequiers,France,N/A,N/A,N/A,N/A,allovoisins,general,unknown,N/A,N/A,N/A,on-site,MEDIUM,No,"NLP Analysis: Ambiguous signals (remote: 0, onsite: 0)",N/A,listing_page,Yes,https://www.allovoisins.com/v/couverture-toiture
N/A,Recherche Terrassement - Assainissement à Casteide-Cami,France,N/A,N/A,N/A,N/A,allovoisins,general,unknown,N/A,N/A,N/A,on-site,MEDIUM,No,"NLP Analysis: Ambiguous signals (remote: 0, onsite: 0)",N/A,listing_page,Yes,https://www.allovoisins.com/v/terrassement-assainissement
N/A,Cherche Manutention à Rennes,France,N/A,N/A,N/A,N/A,allovoisins,general,unknown,N/A,N/A,N/A,on-site,MEDIUM,No,"NLP Analysis: Ambiguous signals (remote: 0, onsite: 0)",N/A,listing_page,Yes,https://www.allovoisins.com/v/manutention
N/A,Recherche Paysagiste - Aménagement du jardin à Saint-Agnin-sur-Bion,France,N/A,N/A,N/A,N/A,allovoisins,general,unknown,N/A,N/A,N/A,on-site,HIGH,No,Obvious on-site work: ménage,N/A,listing_page,Yes,https://www.allovoisins.com/v/paysagiste-amenagement-du-jardin
N/A,Cherche Installation électrique à Faches-Thumesnil,France,N/A,N/A,N/A,N/A,allovoisins,general,unknown,N/A,N/A,N/A,on-site,MEDIUM,No,"NLP Analysis: Ambiguous signals (remote: 0, onsite: 0)",N/A,listing_page,Yes,https://www.allovoisins.com/v/installation-electrique
N/A,Recherche Montage meubles en kit à Bordeaux,France,N/A,N/A,N/A,N/A,allovoisins,general,unknown,N/A,N/A,N/A,on-site,MEDIUM,No,"NLP Analysis: Ambiguous signals (remote: 0, onsite: 0)",N/A,listing_page,Yes,https://www.allovoisins.com/v/montage-meubles-en-kit
N/A,Recherche Bricolage et multi services à Maromme,France,N/A,N/A,N/A,N/A,allovoisins,general,unknown,N/A,N/A,N/A,on-site,HIGH,No,Obvious on-site work: bricolage,N/A,listing_page,Yes,https://www.allovoisins.com/v/bricolage-petits-travaux
N/A,Cherche Tonte de pelouse - Débroussaillage à Feyzin,France,N/A,N/A,N/A,N/A,allovoisins,general,unknown,N/A,N/A,N/A,on-site,MEDIUM,No,"NLP Analysis: Ambiguous signals (remote: 0, onsite: 0)",N/A,listing_page,Yes,https://www.allovoisins.com/v/tonte-de-pelouse-debroussaillage
N/A,Cherche Livraison - Transport de colis à Paris,France,N/A,5€,N/A,N/A,allovoisins,general,unknown,N/A,N/A,N/A,on-site,HIGH,No,Obvious on-site work: livraison,N/A,listing_page,Yes,https://www.allovoisins.com/v/livraison-transport-de-colis
N/A,Recherche Montage meubles en kit à Étréchy,France,N/A,N/A,N/A,N/A,allovoisins,general,unknown,N/A,N/A,N/A,on-site,MEDIUM,No,"NLP Analysis: Ambiguous signals (remote: 0, onsite: 0)",N/A,listing_page,Yes,https://www.allovoisins.com/v/montage-meubles-en-kit
N/A,Recherche Montage meubles en kit à Saint-Cast-le-Guildo,France,N/A,15€,N/A,N/A,allovoisins,general,unknown,N/A,N/A,N/A,on-site,MEDIUM,No,"NLP Analysis: Ambiguous signals (remote: 0, onsite: 0)",N/A,listing_page,Yes,https://www.allovoisins.com/v/montage-meubles-en-kit
N/A,Recherche Tonte de pelouse - Débroussaillage à Fargues-Saint-Hilaire,France,N/A,N/A,N/A,N/A,allovoisins,general,unknown,N/A,N/A,N/A,on-site,MEDIUM,No,"NLP Analysis: Ambiguous signals (remote: 0, onsite: 0)",N/A,listing_page,Yes,https://www.allovoisins.com/v/tonte-de-pelouse-debroussaillage
N/A,Cherche Garde chien à Scorbé-Clairvaux,France,N/A,N/A,N/A,N/A,allovoisins,general,unknown,N/A,N/A,N/A,on-site,MEDIUM,No,"NLP Analysis: Ambiguous signals (remote: 0, onsite: 0)",N/A,listing_page,Yes,https://www.allovoisins.com/v/garde-chien
N/A,Recherche Maçonnerie à Halluin,France,N/A,N/A,N/A,N/A,allovoisins,general,unknown,N/A,N/A,N/A,on-site,HIGH,No,Obvious on-site work: maçon,N/A,listing_page,Yes,https://www.allovoisins.com/v/maconnerie
N/A,Cherche Maçonnerie à Dijon,France,N/A,N/A,N/A,N/A,allovoisins,general,unknown,N/A,N/A,N/A,on-site,HIGH,No,Obvious on-site work: maçon,N/A,listing_page,Yes,https://www.allovoisins.com/v/maconnerie
N/A,Recherche Serrurerie à Chambéry,France,N/A,N/A,N/A,N/A,allovoisins,general,unknown,N/A,N/A,N/A,on-site,MEDIUM,No,"NLP Analysis: Ambiguous signals (remote: 0, onsite: 0)",N/A,listing_page,Yes,https://www.allovoisins.com/v/serrurerie
N/A,Recherche Plomberie - Installation sanitaire à Malakoff,France,N/A,N/A,N/A,N/A,allovoisins,general,unknown,N/A,N/A,N/A,on-site,HIGH,No,Obvious on-site work: plomberie,N/A,listing_page,Yes,https://www.allovoisins.com/v/plomberie-installation-sanitaire
N/A,Cherche Plomberie - Installation sanitaire à Noisy-le-Sec,France,N/A,N/A,N/A,N/A,allovoisins,general,unknown,N/A,N/A,N/A,on-site,HIGH,No,Obvious on-site work: plomberie,N/A,listing_page,Yes,https://www.allovoisins.com/v/plomberie-installation-sanitaire
N/A,Cherche Déménageurs et aide au déménagement à Larmor-Plage,France,N/A,N/A,N/A,N/A,allovoisins,general,unknown,N/A,N/A,N/A,on-site,HIGH,No,Obvious on-site work: ménage,N/A,listing_page,Yes,https://www.allovoisins.com/v/demenagement
N/A,Cherche Déménageurs et aide au déménagement à Atton,France,N/A,N/A,N/A,N/A,allovoisins,general,unknown,N/A,N/A,N/A,on-site,HIGH,No,Obvious on-site work: ménage,N/A,listing_page,Yes,https://www.allovoisins.com/v/demenagement
N/A,Recherche Déménageurs et aide au déménagement à Atton,France,N/A,N/A,N/A,N/A,allovoisins,general,unknown,N/A,N/A,N/A,on-site,HIGH,No,Obvious on-site work: ménage,N/A,listing_page,Yes,https://www.allovoisins.com/v/demenagement
N/A,Recherche Maçonnerie à Treffieux,France,N/A,N/A,N/A,N/A,allovoisins,general,unknown,N/A,N/A,N/A,on-site,HIGH,No,Obvious on-site work: maçon,N/A,listing_page,Yes,https://www.allovoisins.com/v/maconnerie
N/A,Recherche Couverture - Toiture à Saint-Sulpice-sur-Lèze,France,N/A,N/A,N/A,N/A,allovoisins,general,unknown,N/A,N/A,N/A,on-site,MEDIUM,No,"NLP Analysis: Ambiguous signals (remote: 0, onsite: 0)",N/A,listing_page,Yes,https://www.allovoisins.com/v/couverture-toiture
N/A,Recherche Plomberie - Installation sanitaire à Metz,France,N/A,N/A,N/A,N/A,allovoisins,general,unknown,N/A,N/A,N/A,on-site,HIGH,No,Obvious on-site work: plomberie,N/A,listing_page,Yes,https://www.allovoisins.com/v/plomberie-installation-sanitaire
N/A,Recherche Bricolage et multi services à Paris,France,N/A,N/A,N/A,N/A,allovoisins,general,unknown,N/A,N/A,N/A,on-site,HIGH,No,Obvious on-site work: bricolage,N/A,listing_page,Yes,https://www.allovoisins.com/v/bricolage-petits-travaux
N/A,Recherche Bricolage et multi services à Bordeaux,France,N/A,N/A,N/A,N/A,allovoisins,general,unknown,N/A,N/A,N/A,on-site,HIGH,No,Obvious on-site work: bricolage,N/A,listing_page,Yes,https://www.allovoisins.com/v/bricolage-petits-travaux
N/A,Cherche Réparation voiture à Échenon,France,N/A,N/A,N/A,N/A,allovoisins,general,unknown,N/A,N/A,N/A,on-site,MEDIUM,No,"NLP Analysis: Ambiguous signals (remote: 0, onsite: 0)",N/A,listing_page,Yes,https://www.allovoisins.com/v/reparation-voiture
N/A,Cherche Menuiserie - Huisserie - Agencement à Roissy-en-Brie,France,N/A,N/A,N/A,N/A,allovoisins,general,unknown,N/A,N/A,N/A,on-site,MEDIUM,No,"NLP Analysis: Ambiguous signals (remote: 0, onsite: 0)",N/A,listing_page,Yes,https://www.allovoisins.com/v/menuiserie-huisserie-agencement
N/A,Recherche Covoiturage (partage de frais) à Colomiers,France,N/A,N/A,N/A,N/A,allovoisins,general,unknown,N/A,N/A,N/A,on-site,MEDIUM,No,"NLP Analysis: Ambiguous signals (remote: 0, onsite: 0)",N/A,listing_page,Yes,https://www.allovoisins.com/v/covoiturage-partage-de-frais
N/A,Cherche Terrassement - Assainissement à Halluin,France,N/A,N/A,N/A,N/A,allovoisins,general,unknown,N/A,N/A,N/A,on-site,MEDIUM,No,"NLP Analysis: Ambiguous signals (remote: 0, onsite: 0)",N/A,listing_page,Yes,https://www.allovoisins.com/v/terrassement-assainissement
N/A,Recherche Menuiserie - Huisserie - Agencement à Narrosse,France,N/A,N/A,N/A,N/A,allovoisins,general,unknown,N/A,N/A,N/A,on-site,MEDIUM,No,"NLP Analysis: Ambiguous signals (remote: 0, onsite: 0)",N/A,listing_page,Yes,https://www.allovoisins.com/v/menuiserie-huisserie-agencement
N/A,Cherche Peinture - Tapisserie à Meyzieu,France,N/A,N/A,N/A,N/A,allovoisins,general,unknown,N/A,N/A,N/A,on-site,HIGH,No,Obvious on-site work: peinture,N/A,listing_page,Yes,https://www.allovoisins.com/v/peinture-tapisserie
N/A,Cherche Montage photo video à Rochefort,France,N/A,N/A,N/A,N/A,allovoisins,general,unknown,N/A,N/A,N/A,on-site,HIGH,No,Obvious on-site work: chef,N/A,listing_page,Yes,https://www.allovoisins.com/v/montage-photo-video
N/A,Cherche Elagage et coupe d'arbres à Saint-Laurent-la-Conche,France,N/A,N/A,N/A,N/A,allovoisins,general,unknown,N/A,N/A,N/A,on-site,MEDIUM,No,"NLP Analysis: Ambiguous signals (remote: 0, onsite: 0)",N/A,listing_page,Yes,https://www.allovoisins.com/v/elagage-et-coupe-d-arbres
N/A,Cherche Évacuation déchets - Gravats à Dijon,France,N/A,30€,N/A,N/A,allovoisins,general,unknown,N/A,N/A,N/A,on-site,MEDIUM,No,"NLP Analysis: Ambiguous signals (remote: 0, onsite: 0)",N/A,listing_page,Yes,https://www.allovoisins.com/v/evacuation-dechets-gravats
N/A,Recherche Dépannage électroménager à Savigny-sur-Orge,France,N/A,30€,N/A,N/A,allovoisins,general,unknown,N/A,N/A,N/A,on-site,HIGH,No,Obvious on-site work: ménage,N/A,listing_page,Yes,https://www.allovoisins.com/v/depannage-electromenager
N/A,Recherche Tonte de pelouse - Débroussaillage à Pompignan,France,N/A,N/A,N/A,N/A,allovoisins,general,unknown,N/A,N/A,N/A,on-site,MEDIUM,No,"NLP Analysis: Ambiguous signals (remote: 0, onsite: 0)",N/A,listing_page,Yes,https://www.allovoisins.com/v/tonte-de-pelouse-debroussaillage
N/A,Recherche Bricolage et multi services à Cannes,France,N/A,N/A,N/A,N/A,allovoisins,general,unknown,N/A,N/A,N/A,on-site,HIGH,No,Obvious on-site work: bricolage,N/A,listing_page,Yes,https://www.allovoisins.com/v/bricolage-petits-travaux
N/A,Cherche Elagage et coupe d'arbres à Saint-Laurent-la-Conche,France,N/A,N/A,N/A,N/A,allovoisins,general,unknown,N/A,N/A,N/A,on-site,MEDIUM,No,"NLP Analysis: Ambiguous signals (remote: 0, onsite: 0)",N/A,listing_page,Yes,https://www.allovoisins.com/v/elagage-et-coupe-d-arbres
N/A,Cherche Plomberie - Installation sanitaire à Fléac,France,N/A,N/A,N/A,N/A,allovoisins,general,unknown,N/A,N/A,N/A,on-site,HIGH,No,Obvious on-site work: plomberie,N/A,listing_page,Yes,https://www.allovoisins.com/v/plomberie-installation-sanitaire
N/A,Recherche Réparation outillage à Ollioules,France,N/A,N/A,N/A,N/A,allovoisins,general,unknown,N/A,N/A,N/A,on-site,MEDIUM,No,"NLP Analysis: Ambiguous signals (remote: 0, onsite: 0)",N/A,listing_page,Yes,https://www.allovoisins.com/v/reparation-outillage
N/A,Recherche Terrassement - Assainissement à Alençon,France,N/A,N/A,N/A,N/A,allovoisins,general,unknown,N/A,N/A,N/A,on-site,MEDIUM,No,"NLP Analysis: Ambiguous signals (remote: 0, onsite: 0)",N/A,listing_page,Yes,https://www.allovoisins.com/v/terrassement-assainissement
N/A,Cherche Livraison - Transport de colis à Issy-les-Moulineaux,France,N/A,N/A,N/A,N/A,allovoisins,general,unknown,N/A,N/A,N/A,on-site,HIGH,No,Obvious on-site work: livraison,N/A,listing_page,Yes,https://www.allovoisins.com/v/livraison-transport-de-colis
N/A,Cherche Jardinier à Brest,France,N/A,N/A,N/A,N/A,allovoisins,general,unknown,N/A,N/A,N/A,on-site,MEDIUM,No,"NLP Analysis: Ambiguous signals (remote: 0, onsite: 0)",N/A,listing_page,Yes,https://www.allovoisins.com/v/jardinier
N/A,Cherche Peinture - Tapisserie à Brest,France,N/A,N/A,N/A,N/A,allovoisins,general,unknown,N/A,N/A,N/A,on-site,HIGH,No,Obvious on-site work: peinture,N/A,listing_page,Yes,https://www.allovoisins.com/v/peinture-tapisserie
N/A,Recherche Peinture - Tapisserie à Brest,France,N/A,N/A,N/A,N/A,allovoisins,general,unknown,N/A,N/A,N/A,on-site,HIGH,No,Obvious on-site work: peinture,N/A,listing_page,Yes,https://www.allovoisins.com/v/peinture-tapisserie
N/A,Cherche Peinture - Tapisserie à Brest,France,N/A,N/A,N/A,N/A,allovoisins,general,unknown,N/A,N/A,N/A,on-site,HIGH,No,Obvious on-site work: peinture,N/A,listing_page,Yes,https://www.allovoisins.com/v/peinture-tapisserie
N/A,Recherche Bricolage et multi services à Beaucourt,France,N/A,N/A,N/A,N/A,allovoisins,general,unknown,N/A,N/A,N/A,on-site,HIGH,No,Obvious on-site work: bricolage,N/A,listing_page,Yes,https://www.allovoisins.com/v/bricolage-petits-travaux
N/A,Recherche Jardinier à Saint-Gaudens,France,N/A,N/A,N/A,N/A,allovoisins,general,unknown,N/A,N/A,N/A,on-site,MEDIUM,No,"NLP Analysis: Ambiguous signals (remote: 0, onsite: 0)",N/A,listing_page,Yes,https://www.allovoisins.com/v/jardinier
N/A,Cherche Jardinier à Cherisy,France,N/A,N/A,N/A,N/A,allovoisins,general,unknown,N/A,N/A,N/A,on-site,MEDIUM,No,"NLP Analysis: Ambiguous signals (remote: 0, onsite: 0)",N/A,listing_page,Yes,https://www.allovoisins.com/v/jardinier
N/A,Recherche Livraison - Transport de colis à Perpignan,France,N/A,N/A,N/A,N/A,allovoisins,general,unknown,N/A,N/A,N/A,on-site,HIGH,No,Obvious on-site work: livraison,N/A,listing_page,Yes,https://www.allovoisins.com/v/livraison-transport-de-colis
N/A,Recherche Covoiturage (partage de frais) à Chemillé-en-Anjou,France,N/A,N/A,N/A,N/A,allovoisins,general,unknown,N/A,N/A,N/A,on-site,MEDIUM,No,"NLP Analysis: Ambiguous signals (remote: 0, onsite: 0)",N/A,listing_page,Yes,https://www.allovoisins.com/v/covoiturage-partage-de-frais
N/A,Cherche Plomberie - Installation sanitaire à Marolles-en-Hurepoix,France,N/A,N/A,N/A,N/A,allovoisins,general,unknown,N/A,N/A,N/A,on-site,HIGH,No,Obvious on-site work: plomberie,N/A,listing_page,Yes,https://www.allovoisins.com/v/plomberie-installation-sanitaire
N/A,Recherche Bricolage et multi services à Tournefeuille,France,N/A,N/A,N/A,N/A,allovoisins,general,unknown,N/A,N/A,N/A,on-site,HIGH,No,Obvious on-site work: bricolage,N/A,listing_page,Yes,https://www.allovoisins.com/v/bricolage-petits-travaux
N/A,Cherche Serrurerie à Amnéville,France,N/A,N/A,N/A,N/A,allovoisins,general,unknown,N/A,N/A,N/A,on-site,MEDIUM,No,"NLP Analysis: Ambiguous signals (remote: 0, onsite: 0)",N/A,listing_page,Yes,https://www.allovoisins.com/v/serrurerie
N/A,Cherche Peinture - Tapisserie à Brest,France,N/A,N/A,N/A,N/A,allovoisins,general,unknown,N/A,N/A,N/A,on-site,HIGH,No,Obvious on-site work: peinture,N/A,listing_page,Yes,https://www.allovoisins.com/v/peinture-tapisserie
N/A,Recherche Installation électrique à Balma,France,N/A,N/A,N/A,N/A,allovoisins,general,unknown,N/A,N/A,N/A,on-site,MEDIUM,No,"NLP Analysis: Ambiguous signals (remote: 0, onsite: 0)",N/A,listing_page,Yes,https://www.allovoisins.com/v/installation-electrique
N/A,Cherche Artisan d'art à Toulouse,France,N/A,N/A,N/A,N/A,allovoisins,general,unknown,N/A,N/A,N/A,on-site,MEDIUM,No,"NLP Analysis: Ambiguous signals (remote: 0, onsite: 0)",N/A,listing_page,Yes,https://www.allovoisins.com/v/artisan-d-art
N/A,Cherche Aide à domicile à Paris,France,N/A,N/A,N/A,N/A,allovoisins,general,unknown,N/A,N/A,N/A,on-site,HIGH,No,Obvious on-site work: aide à domicile,N/A,listing_page,Yes,https://www.allovoisins.com/v/aide-a-domicile
N/A,Recherche Cours de français à Torcy,France,N/A,N/A,N/A,N/A,allovoisins,general,unknown,N/A,N/A,N/A,on-site,MEDIUM,No,"NLP Analysis: Ambiguous signals (remote: 0, onsite: 0)",N/A,listing_page,Yes,https://www.allovoisins.com/v/cours-de-francais
N/A,Recherche Conciergerie à Saint-Cyr-sur-Mer,France,N/A,N/A,N/A,N/A,allovoisins,general,unknown,N/A,N/A,N/A,on-site,MEDIUM,No,"NLP Analysis: Ambiguous signals (remote: 0, onsite: 0)",N/A,listing_page,Yes,https://www.allovoisins.com/v/conciergerie
N/A,Recherche Carrelage à Basse-Goulaine,France,N/A,N/A,N/A,N/A,allovoisins,general,unknown,N/A,N/A,N/A,on-site,MEDIUM,No,"NLP Analysis: Ambiguous signals (remote: 0, onsite: 0)",N/A,listing_page,Yes,https://www.allovoisins.com/v/carrelage
N/A,Cherche Réparation voiture à Thonon-les-Bains,France,N/A,N/A,N/A,N/A,allovoisins,general,unknown,N/A,N/A,N/A,on-site,MEDIUM,No,"NLP Analysis: Ambiguous signals (remote: 0, onsite: 0)",N/A,listing_page,Yes,https://www.allovoisins.com/v/reparation-voiture
N/A,Cherche Plomberie - Installation sanitaire à Granville,France,N/A,N/A,N/A,N/A,allovoisins,general,unknown,N/A,N/A,N/A,on-site,HIGH,No,Obvious on-site work: plomberie,N/A,listing_page,Yes,https://www.allovoisins.com/v/plomberie-installation-sanitaire
N/A,Recherche Réparation voiture à Fontenilles,France,N/A,N/A,N/A,N/A,allovoisins,general,unknown,N/A,N/A,N/A,on-site,MEDIUM,No,"NLP Analysis: Ambiguous signals (remote: 0, onsite: 0)",N/A,listing_page,Yes,https://www.allovoisins.com/v/reparation-voiture
N/A,Cherche Livraison - Transport de colis à Lyon,France,N/A,N/A,N/A,N/A,allovoisins,general,unknown,N/A,N/A,N/A,on-site,HIGH,No,Obvious on-site work: livraison,N/A,listing_page,Yes,https://www.allovoisins.com/v/livraison-transport-de-colis
N/A,Recherche Ramonage - Fumiste à Janville-sur-Juine,France,N/A,N/A,N/A,N/A,allovoisins,general,unknown,N/A,N/A,N/A,on-site,MEDIUM,No,"NLP Analysis: Ambiguous signals (remote: 0, onsite: 0)",N/A,listing_page,Yes,https://www.allovoisins.com/v/ramonage-fumiste
N/A,Recherche Dépannage électroménager à Villepinte,France,N/A,N/A,N/A,N/A,allovoisins,general,unknown,N/A,N/A,N/A,on-site,HIGH,No,Obvious on-site work: ménage,N/A,listing_page,Yes,https://www.allovoisins.com/v/depannage-electromenager
N/A,Recherche Réparation vélo - moto à Chantepie,France,N/A,N/A,N/A,N/A,allovoisins,general,unknown,N/A,N/A,N/A,on-site,MEDIUM,No,"NLP Analysis: Ambiguous signals (remote: 0, onsite: 0)",N/A,listing_page,Yes,https://www.allovoisins.com/v/reparation-velo-moto
N/A,Cherche Dépannage informatique à Toulouse,France,N/A,N/A,N/A,N/A,allovoisins,general,unknown,N/A,N/A,N/A,on-site,MEDIUM,No,"NLP Analysis: Ambiguous signals (remote: 0, onsite: 0)",N/A,listing_page,Yes,https://www.allovoisins.com/v/depannage-informatique
N/A,Cherche Plomberie - Installation sanitaire à Allonnes,France,N/A,N/A,N/A,N/A,allovoisins,general,unknown,N/A,N/A,N/A,on-site,HIGH,No,Obvious on-site work: plomberie,N/A,listing_page,Yes,https://www.allovoisins.com/v/plomberie-installation-sanitaire
N/A,Cherche Carrelage à Saint-Pierre-des-Corps,France,N/A,N/A,N/A,N/A,allovoisins,general,unknown,N/A,N/A,N/A,on-site,MEDIUM,No,"NLP Analysis: Ambiguous signals (remote: 0, onsite: 0)",N/A,listing_page,Yes,https://www.allovoisins.com/v/carrelage
N/A,Recherche Plomberie - Installation sanitaire à Mauguio,France,N/A,N/A,N/A,N/A,allovoisins,general,unknown,N/A,N/A,N/A,on-site,HIGH,No,Obvious on-site work: plomberie,N/A,listing_page,Yes,https://www.allovoisins.com/v/plomberie-installation-sanitaire
N/A,Recherche Couturière à Saint-Denis,France,N/A,N/A,N/A,N/A,allovoisins,general,unknown,N/A,N/A,N/A,on-site,MEDIUM,No,"NLP Analysis: Ambiguous signals (remote: 0, onsite: 0)",N/A,listing_page,Yes,https://www.allovoisins.com/v/couturiere
N/A,Cherche Gateau d'anniversaire - cake art à Sarran,France,N/A,N/A,N/A,N/A,allovoisins,general,unknown,N/A,N/A,N/A,on-site,MEDIUM,No,"NLP Analysis: Ambiguous signals (remote: 0, onsite: 0)",N/A,listing_page,Yes,https://www.allovoisins.com/v/gateau-d-anniversaire-cake-art
N/A,Recherche Baby sitting à Rocques,France,N/A,N/A,N/A,N/A,allovoisins,general,unknown,N/A,N/A,N/A,on-site,HIGH,No,Obvious on-site work: baby,N/A,listing_page,Yes,https://www.allovoisins.com/v/baby-sitting
N/A,Cherche Livraison - Transport de colis à Écully,France,N/A,N/A,N/A,N/A,allovoisins,general,unknown,N/A,N/A,N/A,on-site,HIGH,No,Obvious on-site work: livraison,N/A,listing_page,Yes,https://www.allovoisins.com/v/livraison-transport-de-colis
N/A,Cherche Secrétariat à Boulogne-Billancourt,France,N/A,N/A,N/A,N/A,allovoisins,general,unknown,N/A,N/A,N/A,remote,MEDIUM,Yes,NLP Analysis: Strong remote indicators (score: 3 vs 0),N/A,listing_page,Yes,https://www.allovoisins.com/v/secretariat
N/A,Recherche Montage meubles en kit à Aurillac,France,N/A,N/A,N/A,N/A,allovoisins,general,unknown,N/A,N/A,N/A,on-site,MEDIUM,No,"NLP Analysis: Ambiguous signals (remote: 0, onsite: 0)",N/A,listing_page,Yes,https://www.allovoisins.com/v/montage-meubles-en-kit
N/A,Cherche Livraison - Transport de colis à L'Hospitalet-du-Larzac,France,N/A,N/A,N/A,N/A,allovoisins,general,unknown,N/A,N/A,N/A,on-site,HIGH,No,Obvious on-site work: livraison,N/A,listing_page,Yes,https://www.allovoisins.com/v/livraison-transport-de-colis
N/A,Cherche Jardinier à La Garnache,France,N/A,N/A,N/A,N/A,allovoisins,general,unknown,N/A,N/A,N/A,on-site,MEDIUM,No,"NLP Analysis: Ambiguous signals (remote: 0, onsite: 0)",N/A,listing_page,Yes,https://www.allovoisins.com/v/jardinier
N/A,Recherche Installation électrique à Bordeaux,France,N/A,N/A,N/A,N/A,allovoisins,general,unknown,N/A,N/A,N/A,on-site,MEDIUM,No,"NLP Analysis: Ambiguous signals (remote: 0, onsite: 0)",N/A,listing_page,Yes,https://www.allovoisins.com/v/installation-electrique
N/A,Recherche Ménage à Mayet,France,N/A,N/A,N/A,N/A,allovoisins,general,unknown,N/A,N/A,N/A,on-site,HIGH,No,Obvious on-site work: ménage,N/A,listing_page,Yes,https://www.allovoisins.com/v/femme-de-menage
N/A,Recherche Menuiserie - Huisserie - Agencement à Villemomble,France,N/A,N/A,N/A,N/A,allovoisins,general,unknown,N/A,N/A,N/A,on-site,MEDIUM,No,"NLP Analysis: Ambiguous signals (remote: 0, onsite: 0)",N/A,listing_page,Yes,https://www.allovoisins.com/v/menuiserie-huisserie-agencement
N/A,Cherche Évacuation déchets - Gravats à Méry-sur-Marne,France,N/A,N/A,N/A,N/A,allovoisins,general,unknown,N/A,N/A,N/A,on-site,MEDIUM,No,"NLP Analysis: Ambiguous signals (remote: 0, onsite: 0)",N/A,listing_page,Yes,https://www.allovoisins.com/v/evacuation-dechets-gravats
N/A,Cherche Baby sitting à Blanquefort,France,N/A,N/A,N/A,N/A,allovoisins,general,unknown,N/A,N/A,N/A,on-site,HIGH,No,Obvious on-site work: baby,N/A,listing_page,Yes,https://www.allovoisins.com/v/baby-sitting
N/A,Recherche Entretien - Réparation autres véhicules à Plourin-lès-Morlaix,France,N/A,N/A,N/A,N/A,allovoisins,general,unknown,N/A,N/A,N/A,on-site,MEDIUM,No,"NLP Analysis: Ambiguous signals (remote: 0, onsite: 0)",N/A,listing_page,Yes,https://www.allovoisins.com/v/entretien-reparation-autres-vehicules
N/A,Cherche Réparation voiture à Toulouse,France,N/A,N/A,N/A,N/A,allovoisins,general,unknown,N/A,N/A,N/A,on-site,MEDIUM,No,"NLP Analysis: Ambiguous signals (remote: 0, onsite: 0)",N/A,listing_page,Yes,https://www.allovoisins.com/v/reparation-voiture
N/A,Recherche Réparation voiture à Montmorency,France,N/A,N/A,N/A,N/A,allovoisins,general,unknown,N/A,N/A,N/A,on-site,MEDIUM,No,"NLP Analysis: Ambiguous signals (remote: 0, onsite: 0)",N/A,listing_page,Yes,https://www.allovoisins.com/v/reparation-voiture
N/A,Cherche Dépannage électroménager à Perpignan,France,N/A,N/A,N/A,N/A,allovoisins,general,unknown,N/A,N/A,N/A,on-site,HIGH,No,Obvious on-site work: ménage,N/A,listing_page,Yes,https://www.allovoisins.com/v/depannage-electromenager
N/A,Recherche Jardinier à Pessac,France,N/A,N/A,N/A,N/A,allovoisins,general,unknown,N/A,N/A,N/A,on-site,MEDIUM,No,"NLP Analysis: Ambiguous signals (remote: 0, onsite: 0)",N/A,listing_page,Yes,https://www.allovoisins.com/v/jardinier
N/A,Recherche Ménage à Houilles,France,N/A,N/A,N/A,N/A,allovoisins,general,unknown,N/A,N/A,N/A,on-site,HIGH,No,Obvious on-site work: ménage,N/A,listing_page,Yes,https://www.allovoisins.com/v/femme-de-menage
N/A,Recherche Bricolage et multi services à Saint-Tropez,France,N/A,N/A,N/A,N/A,allovoisins,general,unknown,N/A,N/A,N/A,on-site,HIGH,No,Obvious on-site work: bricolage,N/A,listing_page,Yes,https://www.allovoisins.com/v/bricolage-petits-travaux
N/A,Recherche Dépannage électroménager à Charleville-Mézières,France,N/A,N/A,N/A,N/A,allovoisins,general,unknown,N/A,N/A,N/A,on-site,HIGH,No,Obvious on-site work: ménage,N/A,listing_page,Yes,https://www.allovoisins.com/v/depannage-electromenager
N/A,Recherche Plomberie - Installation sanitaire à Antibes,France,N/A,N/A,N/A,N/A,allovoisins,general,unknown,N/A,N/A,N/A,on-site,HIGH,No,Obvious on-site work: plomberie,N/A,listing_page,Yes,https://www.allovoisins.com/v/plomberie-installation-sanitaire
N/A,Cherche Chaudronnerie - Soudure à Saint-Félix-Lauragais,France,N/A,N/A,N/A,N/A,allovoisins,general,unknown,N/A,N/A,N/A,on-site,MEDIUM,No,"NLP Analysis: Ambiguous signals (remote: 0, onsite: 0)",N/A,listing_page,Yes,https://www.allovoisins.com/v/chaudronnerie-soudure
N/A,Recherche Bricolage et multi services à Montpellier,France,N/A,N/A,N/A,N/A,allovoisins,general,unknown,N/A,N/A,N/A,on-site,HIGH,No,Obvious on-site work: bricolage,N/A,listing_page,Yes,https://www.allovoisins.com/v/bricolage-petits-travaux
N/A,Cherche Bricolage et multi services à Cavaillon,France,N/A,N/A,N/A,N/A,allovoisins,general,unknown,N/A,N/A,N/A,on-site,HIGH,No,Obvious on-site work: bricolage,N/A,listing_page,Yes,https://www.allovoisins.com/v/bricolage-petits-travaux
N/A,Recherche Ménage à Bourg,France,N/A,N/A,N/A,N/A,allovoisins,general,unknown,N/A,N/A,N/A,on-site,HIGH,No,Obvious on-site work: ménage,N/A,listing_page,Yes,https://www.allovoisins.com/v/femme-de-menage
N/A,Recherche Livraison - Transport de colis à Vendes,France,N/A,N/A,N/A,N/A,allovoisins,general,unknown,N/A,N/A,N/A,on-site,HIGH,No,Obvious on-site work: livraison,N/A,listing_page,Yes,https://www.allovoisins.com/v/livraison-transport-de-colis
N/A,Recherche Coiffure à domicile à Évry-Courcouronnes,France,N/A,N/A,N/A,N/A,allovoisins,general,unknown,N/A,N/A,N/A,on-site,HIGH,No,Obvious on-site work: coiffure,N/A,listing_page,No,https://www.allovoisins.com/v/coiffure-a-domicile
N/A,Recherche Coiffure à domicile à Évry-Courcouronnes,France,N/A,N/A,N/A,N/A,allovoisins,general,unknown,N/A,N/A,N/A,on-site,HIGH,No,Obvious on-site work: coiffure,N/A,listing_page,No,https://www.allovoisins.com/v/coiffure-a-domicile
N/A,Recherche DJ - Disc Jockey à Caen,France,N/A,N/A,N/A,N/A,allovoisins,general,unknown,N/A,N/A,N/A,on-site,MEDIUM,No,"NLP Analysis: Ambiguous signals (remote: 0, onsite: 0)",N/A,listing_page,No,https://www.allovoisins.com/v/dj-disc-jockey
N/A,Cherche Plâtrerie - Murs - Plafonds à Vanves,France,N/A,N/A,N/A,N/A,allovoisins,general,unknown,N/A,N/A,N/A,on-site,MEDIUM,No,"NLP Analysis: Ambiguous signals (remote: 0, onsite: 0)",N/A,listing_page,No,https://www.allovoisins.com/v/platrerie-murs-plafonds
N/A,Recherche Garde chat à Roubaix,France,N/A,N/A,N/A,N/A,allovoisins,general,unknown,N/A,N/A,N/A,on-site,MEDIUM,No,"NLP Analysis: Ambiguous signals (remote: 0, onsite: 0)",N/A,listing_page,No,https://www.allovoisins.com/v/garde-chat
N/A,Recherche Chauffage - Climatisation à Fontenay-sous-Bois,France,N/A,N/A,N/A,N/A,allovoisins,general,unknown,N/A,N/A,N/A,on-site,MEDIUM,No,"NLP Analysis: Ambiguous signals (remote: 0, onsite: 0)",N/A,listing_page,No,https://www.allovoisins.com/v/chauffage-climatisation
N/A,Recherche PlûÂtrerie - Murs - Plafonds û  Saint-Denis,France,N/A,N/A,N/A,N/A,allovoisins,general,unknown,N/A,N/A,N/A,on-site,MEDIUM,No,"NLP Analysis: Ambiguous signals (remote: 0, onsite: 0)",N/A,listing_page,No,https://www.allovoisins.com/v/platrerie-murs-plafonds
N/A,Cherche Lingerie - Repassage à Guérande,France,N/A,N/A,N/A,N/A,allovoisins,general,unknown,N/A,N/A,N/A,on-site,HIGH,No,Obvious on-site work: repassage,N/A,listing_page,No,https://www.allovoisins.com/v/lingerie-repassage
N/A,Recherche Taille de pierre - Marbrerie à Carcassonne,France,N/A,N/A,N/A,N/A,allovoisins,general,unknown,N/A,N/A,N/A,on-site,MEDIUM,No,"NLP Analysis: Ambiguous signals (remote: 0, onsite: 0)",N/A,listing_page,No,https://www.allovoisins.com/v/taille-de-pierre-marbrerie
N/A,Recherche Plâtrerie - Murs - Plafonds à Fontenay-sous-Bois,France,N/A,N/A,N/A,N/A,allovoisins,general,unknown,N/A,N/A,N/A,on-site,MEDIUM,No,"NLP Analysis: Ambiguous signals (remote: 0, onsite: 0)",N/A,listing_page,No,https://www.allovoisins.com/v/platrerie-murs-plafonds
N/A,Cherche Taille de haies et d'arbustes à Caen,France,N/A,N/A,N/A,N/A,allovoisins,general,unknown,N/A,N/A,N/A,on-site,MEDIUM,No,"NLP Analysis: Ambiguous signals (remote: 0, onsite: 0)",N/A,listing_page,No,https://www.allovoisins.com/v/taille-de-haies-et-d-arbustes
N/A,Cherche Plâtrerie - Murs - Plafonds à Saint-Denis-du-Payré,France,N/A,N/A,N/A,N/A,allovoisins,general,unknown,N/A,N/A,N/A,on-site,MEDIUM,No,"NLP Analysis: Ambiguous signals (remote: 0, onsite: 0)",N/A,listing_page,No,https://www.allovoisins.com/v/platrerie-murs-plafonds
N/A,Cherche Entretien piscine à Marseille,France,N/A,N/A,N/A,N/A,allovoisins,general,unknown,N/A,N/A,N/A,on-site,MEDIUM,No,"NLP Analysis: Ambiguous signals (remote: 0, onsite: 0)",N/A,listing_page,No,https://www.allovoisins.com/v/entretien-piscine
N/A,Cherche Plâtrerie - Murs - Plafonds à Champigny-sur-Marne,France,N/A,N/A,N/A,N/A,allovoisins,general,unknown,N/A,N/A,N/A,on-site,MEDIUM,No,"NLP Analysis: Ambiguous signals (remote: 0, onsite: 0)",N/A,listing_page,No,https://www.allovoisins.com/v/platrerie-murs-plafonds
N/A,Cherche Charpente à Les Laubies,France,N/A,N/A,N/A,N/A,allovoisins,general,unknown,N/A,N/A,N/A,on-site,HIGH,No,Obvious on-site work: charpente,N/A,listing_page,No,https://www.allovoisins.com/v/charpente
N/A,Recherche Assistance informatique à Illiers-Combray,France,N/A,N/A,N/A,N/A,allovoisins,general,unknown,N/A,N/A,N/A,on-site,MEDIUM,No,"NLP Analysis: Ambiguous signals (remote: 0, onsite: 0)",N/A,listing_page,No,https://www.allovoisins.com/v/assistance-informatique
N/A,Recherche Entretien piscine à Cazères,France,N/A,N/A,N/A,N/A,allovoisins,general,unknown,N/A,N/A,N/A,on-site,MEDIUM,No,"NLP Analysis: Ambiguous signals (remote: 0, onsite: 0)",N/A,listing_page,No,https://www.allovoisins.com/v/entretien-piscine
N/A,Location machine à projeter - Soubise,France,N/A,50€,N/A,N/A,allovoisins,general,unknown,N/A,N/A,N/A,on-site,MEDIUM,No,"NLP Analysis: Ambiguous signals (remote: 0, onsite: 0)",Durée : 1 jour,detail_page,No,https://www.allovoisins.com/r/0/3/0/0/location-vente/Btp-chantier
N/A,Louer un garage - Mitry-Mory,France,N/A,50€,N/A,N/A,allovoisins,general,unknown,N/A,N/A,N/A,on-site,MEDIUM,No,"NLP Analysis: Ambiguous signals (remote: 0, onsite: 0)",Durée : 365 jours,detail_page,No,https://www.allovoisins.com/r/0/93/0/0/location-vente/Parking-stockage-hivernage
N/A,Recherche Plâtrerie - Murs - Plafonds à Fontenay-sous-Bois,France,N/A,N/A,N/A,N/A,allovoisins,general,unknown,N/A,N/A,N/A,on-site,MEDIUM,No,"NLP Analysis: Ambiguous signals (remote: 0, onsite: 0)",N/A,listing_page,No,https://www.allovoisins.com/v/platrerie-murs-plafonds
N/A,Cherche Taille de haies et d'arbustes à Caen,France,N/A,N/A,N/A,N/A,allovoisins,general,unknown,N/A,N/A,N/A,on-site,MEDIUM,No,"NLP Analysis: Ambiguous signals (remote: 0, onsite: 0)",N/A,listing_page,No,https://www.allovoisins.com/v/taille-de-haies-et-d-arbustes
N/A,Location machine à projeter - Soubise,France,N/A,50€,N/A,N/A,allovoisins,general,unknown,N/A,N/A,N/A,on-site,MEDIUM,No,"NLP Analysis: Ambiguous signals (remote: 0, onsite: 0)",Durée : 1 jour,detail_page,No,https://www.allovoisins.com/r/0/3/0/0/location-vente/Btp-chantier
N/A,Louer un garage - Mitry-Mory,France,N/A,50€,N/A,N/A,allovoisins,general,unknown,N/A,N/A,N/A,on-site,MEDIUM,No,"NLP Analysis: Ambiguous signals (remote: 0, onsite: 0)",Durée : 365 jours,detail_page,No,https://www.allovoisins.com/r/0/93/0/0/location-vente/Parking-stockage-hivernage
N/A,Recherche Plâtrerie - Murs - Plafonds à Fontenay-sous-Bois,France,N/A,N/A,N/A,N/A,allovoisins,general,unknown,N/A,N/A,N/A,on-site,MEDIUM,No,"NLP Analysis: Ambiguous signals (remote: 0, onsite: 0)",N/A,listing_page,No,https://www.allovoisins.com/v/platrerie-murs-plafonds
N/A,Cherche Taille de haies et d'arbustes à Caen,France,N/A,N/A,N/A,N/A,allovoisins,general,unknown,N/A,N/A,N/A,on-site,MEDIUM,No,"NLP Analysis: Ambiguous signals (remote: 0, onsite: 0)",N/A,listing_page,No,https://www.allovoisins.com/v/taille-de-haies-et-d-arbustes
N/A,Louer une bétonnière / toupie à béton - Dohem,France,N/A,21€,N/A,N/A,allovoisins,general,unknown,N/A,N/A,N/A,on-site,MEDIUM,No,"NLP Analysis: Ambiguous signals (remote: 0, onsite: 0)",Durée : 1 jour,detail_page,No,https://www.allovoisins.com/r/0/3/0/0/location-vente/Btp-chantier
N/A,Location broyeur de végétaux - Payrin-Augmontel,France,N/A,30€,N/A,N/A,allovoisins,general,employer,N/A,N/A,N/A,on-site,HIGH,No,"LLM: Location d'outils, nécessite présence physique",Durée : 1 jour,detail_page,No,https://www.allovoisins.com/r/0/11/0/0/location-vente/Outillage
N/A,Location machine à projeter - Soubise,France,N/A,50€,N/A,N/A,allovoisins,general,unknown,N/A,N/A,N/A,on-site,MEDIUM,No,"NLP Analysis: Ambiguous signals (remote: 0, onsite: 0)",Durée : 1 jour,detail_page,No,https://www.allovoisins.com/r/0/3/0/0/location-vente/Btp-chantier
N/A,Louer un garage - Mitry-Mory,France,N/A,50€,N/A,N/A,allovoisins,general,unknown,N/A,N/A,N/A,on-site,MEDIUM,No,"NLP Analysis: Ambiguous signals (remote: 0, onsite: 0)",Durée : 365 jours,detail_page,No,https://www.allovoisins.com/r/0/93/0/0/location-vente/Parking-stockage-hivernage
N/A,Recherche Plâtrerie - Murs - Plafonds à Fontenay-sous-Bois,France,N/A,N/A,N/A,N/A,allovoisins,general,unknown,N/A,N/A,N/A,on-site,MEDIUM,No,"NLP Analysis: Ambiguous signals (remote: 0, onsite: 0)",N/A,listing_page,No,https://www.allovoisins.com/v/platrerie-murs-plafonds
N/A,Cherche Taille de haies et d'arbustes à Caen,France,N/A,N/A,N/A,N/A,allovoisins,general,unknown,N/A,N/A,N/A,on-site,MEDIUM,No,"NLP Analysis: Ambiguous signals (remote: 0, onsite: 0)",N/A,listing_page,No,https://www.allovoisins.com/v/taille-de-haies-et-d-arbustes
N/A,Louer une fourgonette 9/12 m3 - Perpignan,France,N/A,30€,N/A,N/A,allovoisins,general,unknown,N/A,N/A,N/A,on-site,HIGH,No,Obvious on-site work: camion,N/A,listing_page,No,https://www.allovoisins.com/r/0/78/0/0/location-vente/Vehicule-utilitaire
N/A,Location machine à projeter - Soubise,France,N/A,50€,N/A,N/A,allovoisins,general,unknown,N/A,N/A,N/A,on-site,MEDIUM,No,"NLP Analysis: Ambiguous signals (remote: 0, onsite: 0)",Durée : 1 jour,detail_page,No,https://www.allovoisins.com/r/0/3/0/0/location-vente/Btp-chantier
N/A,Louer un garage - Mitry-Mory,France,N/A,50€,N/A,N/A,allovoisins,general,unknown,N/A,N/A,N/A,on-site,MEDIUM,No,"NLP Analysis: Ambiguous signals (remote: 0, onsite: 0)",Durée : 365 jours,detail_page,No,https://www.allovoisins.com/r/0/93/0/0/location-vente/Parking-stockage-hivernage
N/A,Recherche Plâtrerie - Murs - Plafonds à Fontenay-sous-Bois,France,N/A,N/A,N/A,N/A,allovoisins,general,unknown,N/A,N/A,N/A,on-site,MEDIUM,No,"NLP Analysis: Ambiguous signals (remote: 0, onsite: 0)",N/A,listing_page,No,https://www.allovoisins.com/v/platrerie-murs-plafonds
N/A,Cherche Taille de haies et d'arbustes à Caen,France,N/A,N/A,N/A,N/A,allovoisins,general,unknown,N/A,N/A,N/A,on-site,MEDIUM,No,"NLP Analysis: Ambiguous signals (remote: 0, onsite: 0)",N/A,listing_page,No,https://www.allovoisins.com/v/taille-de-haies-et-d-arbustes
N/A,Louer une fourgonette 9/12 m3 - Perpignan,France,N/A,30€,N/A,N/A,allovoisins,general,unknown,N/A,N/A,N/A,on-site,HIGH,No,Obvious on-site work: camion,N/A,listing_page,No,https://www.allovoisins.com/r/0/78/0/0/location-vente/Vehicule-utilitaire
N/A,Louer une fourgonette 9/12 m3 - Perpignan,France,N/A,30€,N/A,N/A,allovoisins,general,unknown,N/A,N/A,N/A,on-site,HIGH,No,Obvious on-site work: camion,N/A,listing_page,No,https://www.allovoisins.com/r/0/78/0/0/location-vente/Vehicule-utilitaire
N/A,Louer une bétonnière / toupie à béton - Dohem,France,N/A,21€,N/A,N/A,allovoisins,general,unknown,N/A,N/A,N/A,on-site,MEDIUM,No,"NLP Analysis: Ambiguous signals (remote: 0, onsite: 0)",Durée : 1 jour,detail_page,No,https://www.allovoisins.com/r/0/3/0/0/location-vente/Btp-chantier
N/A,Location broyeur de végétaux - Payrin-Augmontel,France,N/A,30€,N/A,N/A,allovoisins,general,employer,N/A,N/A,N/A,on-site,HIGH,No,"LLM: Location d'outils, nécessite présence physique",Durée : 1 jour,detail_page,No,https://www.allovoisins.com/r/0/11/0/0/location-vente/Outillage
N/A,Louer une bétonnière / toupie à béton - Dohem,France,N/A,21€,N/A,N/A,allovoisins,general,unknown,N/A,N/A,N/A,on-site,MEDIUM,No,"NLP Analysis: Ambiguous signals (remote: 0, onsite: 0)",Durée : 1 jour,detail_page,No,https://www.allovoisins.com/r/0/3/0/0/location-vente/Btp-chantier
N/A,Location broyeur de végétaux - Payrin-Augmontel,France,N/A,30€,N/A,N/A,allovoisins,general,employer,N/A,N/A,N/A,on-site,HIGH,No,"LLM: Location d'outils, nécessite présence physique",Durée : 1 jour,detail_page,No,https://www.allovoisins.com/r/0/11/0/0/location-vente/Outillage
N/A,Location machine à projeter - Soubise,France,N/A,50€,N/A,N/A,allovoisins,general,unknown,N/A,N/A,N/A,on-site,MEDIUM,No,"NLP Analysis: Ambiguous signals (remote: 0, onsite: 0)",Durée : 1 jour,detail_page,No,https://www.allovoisins.com/r/0/3/0/0/location-vente/Btp-chantier
N/A,Louer un garage - Mitry-Mory,France,N/A,50€,N/A,N/A,allovoisins,general,unknown,N/A,N/A,N/A,on-site,MEDIUM,No,"NLP Analysis: Ambiguous signals (remote: 0, onsite: 0)",Durée : 365 jours,detail_page,No,https://www.allovoisins.com/r/0/93/0/0/location-vente/Parking-stockage-hivernage
N/A,Recherche Plâtrerie - Murs - Plafonds à Fontenay-sous-Bois,France,N/A,N/A,N/A,N/A,allovoisins,general,unknown,N/A,N/A,N/A,on-site,MEDIUM,No,"NLP Analysis: Ambiguous signals (remote: 0, onsite: 0)",N/A,listing_page,No,https://www.allovoisins.com/v/platrerie-murs-plafonds
N/A,Cherche Taille de haies et d'arbustes à Caen,France,N/A,N/A,N/A,N/A,allovoisins,general,unknown,N/A,N/A,N/A,on-site,MEDIUM,No,"NLP Analysis: Ambiguous signals (remote: 0, onsite: 0)",N/A,listing_page,No,https://www.allovoisins.com/v/taille-de-haies-et-d-arbustes
N/A,Louer une bétonnière / toupie à béton - Dohem,France,N/A,21€,N/A,N/A,allovoisins,general,unknown,N/A,N/A,N/A,on-site,MEDIUM,No,"NLP Analysis: Ambiguous signals (remote: 0, onsite: 0)",Durée : 1 jour,detail_page,No,https://www.allovoisins.com/r/0/3/0/0/location-vente/Btp-chantier
N/A,Location broyeur de végétaux - Payrin-Augmontel,France,N/A,30€,N/A,N/A,allovoisins,general,employer,N/A,N/A,N/A,on-site,HIGH,No,"LLM: Location d'outils, nécessite présence physique",Durée : 1 jour,detail_page,No,https://www.allovoisins.com/r/0/11/0/0/location-vente/Outillage
N/A,Location machine à projeter - Soubise,France,N/A,50€,N/A,N/A,allovoisins,general,unknown,N/A,N/A,N/A,on-site,MEDIUM,No,"NLP Analysis: Ambiguous signals (remote: 0, onsite: 0)",Durée : 1 jour,detail_page,No,https://www.allovoisins.com/r/0/3/0/0/location-vente/Btp-chantier
N/A,Louer un garage - Mitry-Mory,France,N/A,50€,N/A,N/A,allovoisins,general,unknown,N/A,N/A,N/A,on-site,MEDIUM,No,"NLP Analysis: Ambiguous signals (remote: 0, onsite: 0)",Durée : 365 jours,detail_page,No,https://www.allovoisins.com/r/0/93/0/0/location-vente/Parking-stockage-hivernage
N/A,Recherche Plâtrerie - Murs - Plafonds à Fontenay-sous-Bois,France,N/A,N/A,N/A,N/A,allovoisins,general,unknown,N/A,N/A,N/A,on-site,MEDIUM,No,"NLP Analysis: Ambiguous signals (remote: 0, onsite: 0)",N/A,listing_page,No,https://www.allovoisins.com/v/platrerie-murs-plafonds
N/A,Cherche Taille de haies et d'arbustes à Caen,France,N/A,N/A,N/A,N/A,allovoisins,general,unknown,N/A,N/A,N/A,on-site,MEDIUM,No,"NLP Analysis: Ambiguous signals (remote: 0, onsite: 0)",N/A,listing_page,No,https://www.allovoisins.com/v/taille-de-haies-et-d-arbustes
N/A,Louer une fourgonette 9/12 m3 - Perpignan,France,N/A,30€,N/A,N/A,allovoisins,general,unknown,N/A,N/A,N/A,on-site,HIGH,No,Obvious on-site work: camion,N/A,listing_page,No,https://www.allovoisins.com/r/0/78/0/0/location-vente/Vehicule-utilitaire
N/A,Louer une fourgonette 9/12 m3 - Perpignan,France,N/A,30€,N/A,N/A,allovoisins,general,unknown,N/A,N/A,N/A,on-site,HIGH,No,Obvious on-site work: camion,N/A,listing_page,No,https://www.allovoisins.com/r/0/78/0/0/location-vente/Vehicule-utilitaire
N/A,Location machine à projeter - Soubise,France,N/A,50€,N/A,N/A,allovoisins,general,unknown,N/A,N/A,N/A,on-site,MEDIUM,No,"NLP Analysis: Ambiguous signals (remote: 0, onsite: 0)",Durée : 1 jour,detail_page,No,https://www.allovoisins.com/r/0/3/0/0/location-vente/Btp-chantier
N/A,Louer un garage - Mitry-Mory,France,N/A,50€,N/A,N/A,allovoisins,general,unknown,N/A,N/A,N/A,on-site,MEDIUM,No,"NLP Analysis: Ambiguous signals (remote: 0, onsite: 0)",Durée : 365 jours,detail_page,No,https://www.allovoisins.com/r/0/93/0/0/location-vente/Parking-stockage-hivernage
N/A,Recherche Plâtrerie - Murs - Plafonds à Fontenay-sous-Bois,France,N/A,N/A,N/A,N/A,allovoisins,general,unknown,N/A,N/A,N/A,on-site,MEDIUM,No,"NLP Analysis: Ambiguous signals (remote: 0, onsite: 0)",N/A,listing_page,No,https://www.allovoisins.com/v/platrerie-murs-plafonds
N/A,Cherche Taille de haies et d'arbustes à Caen,France,N/A,N/A,N/A,N/A,allovoisins,general,unknown,N/A,N/A,N/A,on-site,MEDIUM,No,"NLP Analysis: Ambiguous signals (remote: 0, onsite: 0)",N/A,listing_page,No,https://www.allovoisins.com/v/taille-de-haies-et-d-arbustes
N/A,Cherche Plâtrerie - Murs - Plafonds à Plonéour-Lanvern,France,N/A,N/A,N/A,N/A,allovoisins,general,unknown,N/A,N/A,N/A,on-site,MEDIUM,No,"NLP Analysis: Ambiguous signals (remote: 0, onsite: 0)",N/A,listing_page,No,https://www.allovoisins.com/v/platrerie-murs-plafonds
N/A,Location motoculteur - Blaignac,France,N/A,30€,N/A,N/A,allovoisins,general,employer,N/A,N/A,N/A,on-site,HIGH,No,"LLM: Location d'outils, nécessite présence physique",Durée : 1 jour,detail_page,No,https://www.allovoisins.com/r/0/11/0/0/location-vente/Outillage
N/A,Louer un groupe électrogène - Saint-Sériès,France,N/A,20€,N/A,N/A,allovoisins,general,unknown,N/A,N/A,N/A,on-site,MEDIUM,No,"NLP Analysis: Ambiguous signals (remote: 0, onsite: 0)",Durée : 1 jour,detail_page,No,https://www.allovoisins.com/r/0/3/0/0/location-vente/Btp-chantier
N/A,Louer une remorque porte-voiture / remorque routière - Colombey les Deux Églises,France,N/A,50€,N/A,N/A,allovoisins,general,unknown,N/A,N/A,N/A,on-site,MEDIUM,No,"NLP Analysis: Ambiguous signals (remote: 0, onsite: 0)",N/A,listing_page,No,https://www.allovoisins.com/r/0/79/0/0/location-vente/Remorque-accessoires-auto
N/A,Recherche Garde animaux à Rive-de-Gier,France,N/A,N/A,N/A,N/A,allovoisins,general,unknown,N/A,N/A,N/A,on-site,MEDIUM,No,"NLP Analysis: Ambiguous signals (remote: 0, onsite: 0)",N/A,listing_page,No,https://www.allovoisins.com/v/garde-animaux
N/A,Cherche Plâtrerie - Murs - Plafonds à Plonéour-Lanvern,France,N/A,N/A,N/A,N/A,allovoisins,general,unknown,N/A,N/A,N/A,on-site,MEDIUM,No,"NLP Analysis: Ambiguous signals (remote: 0, onsite: 0)",N/A,listing_page,No,https://www.allovoisins.com/v/platrerie-murs-plafonds
N/A,Location motoculteur - Blaignac,France,N/A,30€,N/A,N/A,allovoisins,general,employer,N/A,N/A,N/A,on-site,HIGH,No,"LLM: Location d'outils, nécessite présence physique",Durée : 1 jour,detail_page,No,https://www.allovoisins.com/r/0/11/0/0/location-vente/Outillage
N/A,Louer un groupe électrogène - Saint-Sériès,France,N/A,20€,N/A,N/A,allovoisins,general,unknown,N/A,N/A,N/A,on-site,MEDIUM,No,"NLP Analysis: Ambiguous signals (remote: 0, onsite: 0)",Durée : 1 jour,detail_page,No,https://www.allovoisins.com/r/0/3/0/0/location-vente/Btp-chantier
N/A,Louer une remorque porte-voiture / remorque routière - Colombey les Deux Églises,France,N/A,50€,N/A,N/A,allovoisins,general,unknown,N/A,N/A,N/A,on-site,MEDIUM,No,"NLP Analysis: Ambiguous signals (remote: 0, onsite: 0)",N/A,listing_page,No,https://www.allovoisins.com/r/0/79/0/0/location-vente/Remorque-accessoires-auto
N/A,Recherche Garde animaux à Rive-de-Gier,France,N/A,N/A,N/A,N/A,allovoisins,general,unknown,N/A,N/A,N/A,on-site,MEDIUM,No,"NLP Analysis: Ambiguous signals (remote: 0, onsite: 0)",N/A,listing_page,No,https://www.allovoisins.com/v/garde-animaux
N/A,Cherche Plâtrerie - Murs - Plafonds à Plonéour-Lanvern,France,N/A,N/A,N/A,N/A,allovoisins,general,unknown,N/A,N/A,N/A,on-site,MEDIUM,No,"NLP Analysis: Ambiguous signals (remote: 0, onsite: 0)",N/A,listing_page,No,https://www.allovoisins.com/v/platrerie-murs-plafonds
N/A,Location motoculteur - Blaignac,France,N/A,30€,N/A,N/A,allovoisins,general,employer,N/A,N/A,N/A,on-site,HIGH,No,"LLM: Location d'outils, nécessite présence physique",Durée : 1 jour,detail_page,No,https://www.allovoisins.com/r/0/11/0/0/location-vente/Outillage
N/A,Louer un groupe électrogène - Saint-Sériès,France,N/A,20€,N/A,N/A,allovoisins,general,unknown,N/A,N/A,N/A,on-site,MEDIUM,No,"NLP Analysis: Ambiguous signals (remote: 0, onsite: 0)",Durée : 1 jour,detail_page,No,https://www.allovoisins.com/r/0/3/0/0/location-vente/Btp-chantier
N/A,Louer une remorque porte-voiture / remorque routière - Colombey les Deux Églises,France,N/A,50€,N/A,N/A,allovoisins,general,unknown,N/A,N/A,N/A,on-site,MEDIUM,No,"NLP Analysis: Ambiguous signals (remote: 0, onsite: 0)",N/A,listing_page,No,https://www.allovoisins.com/r/0/79/0/0/location-vente/Remorque-accessoires-auto
N/A,Recherche Garde animaux à Rive-de-Gier,France,N/A,N/A,N/A,N/A,allovoisins,general,unknown,N/A,N/A,N/A,on-site,MEDIUM,No,"NLP Analysis: Ambiguous signals (remote: 0, onsite: 0)",N/A,listing_page,No,https://www.allovoisins.com/v/garde-animaux
N/A,Cherche Plâtrerie - Murs - Plafonds à Plonéour-Lanvern,France,N/A,N/A,N/A,N/A,allovoisins,general,unknown,N/A,N/A,N/A,on-site,MEDIUM,No,"NLP Analysis: Ambiguous signals (remote: 0, onsite: 0)",N/A,listing_page,No,https://www.allovoisins.com/v/platrerie-murs-plafonds
N/A,Location motoculteur - Blaignac,France,N/A,30€,N/A,N/A,allovoisins,general,employer,N/A,N/A,N/A,on-site,HIGH,No,"LLM: Location d'outils, nécessite présence physique",Durée : 1 jour,detail_page,No,https://www.allovoisins.com/r/0/11/0/0/location-vente/Outillage
N/A,Louer un groupe électrogène - Saint-Sériès,France,N/A,20€,N/A,N/A,allovoisins,general,unknown,N/A,N/A,N/A,on-site,MEDIUM,No,"NLP Analysis: Ambiguous signals (remote: 0, onsite: 0)",Durée : 1 jour,detail_page,No,https://www.allovoisins.com/r/0/3/0/0/location-vente/Btp-chantier
N/A,Louer une remorque porte-voiture / remorque routière - Colombey les Deux Églises,France,N/A,50€,N/A,N/A,allovoisins,general,unknown,N/A,N/A,N/A,on-site,MEDIUM,No,"NLP Analysis: Ambiguous signals (remote: 0, onsite: 0)",N/A,listing_page,No,https://www.allovoisins.com/r/0/79/0/0/location-vente/Remorque-accessoires-auto
N/A,Recherche Garde animaux à Rive-de-Gier,France,N/A,N/A,N/A,N/A,allovoisins,general,unknown,N/A,N/A,N/A,on-site,MEDIUM,No,"NLP Analysis: Ambiguous signals (remote: 0, onsite: 0)",N/A,listing_page,No,https://www.allovoisins.com/v/garde-animaux
N/A,Louer une bétonnière / toupie à béton - Dohem,France,N/A,21€,N/A,N/A,allovoisins,general,unknown,N/A,N/A,N/A,on-site,MEDIUM,No,"NLP Analysis: Ambiguous signals (remote: 0, onsite: 0)",Durée : 1 jour,detail_page,No,https://www.allovoisins.com/r/0/3/0/0/location-vente/Btp-chantier
N/A,Location broyeur de végétaux - Payrin-Augmontel,France,N/A,30€,N/A,N/A,allovoisins,general,employer,N/A,N/A,N/A,on-site,HIGH,No,"LLM: Location d'outils, nécessite présence physique",Durée : 1 jour,detail_page,No,https://www.allovoisins.com/r/0/11/0/0/location-vente/Outillage
N/A,Louer une bétonnière / toupie à béton - Dohem,France,N/A,21€,N/A,N/A,allovoisins,general,unknown,N/A,N/A,N/A,on-site,MEDIUM,No,"NLP Analysis: Ambiguous signals (remote: 0, onsite: 0)",Durée : 1 jour,detail_page,No,https://www.allovoisins.com/r/0/3/0/0/location-vente/Btp-chantier
N/A,Location broyeur de végétaux - Payrin-Augmontel,France,N/A,30€,N/A,N/A,allovoisins,general,employer,N/A,N/A,N/A,on-site,HIGH,No,"LLM: Location d'outils, nécessite présence physique",Durée : 1 jour,detail_page,No,https://www.allovoisins.com/r/0/11/0/0/location-vente/Outillage
N/A,Cherche Plâtrerie - Murs - Plafonds à Plonéour-Lanvern,France,N/A,N/A,N/A,N/A,allovoisins,general,unknown,N/A,N/A,N/A,on-site,MEDIUM,No,"NLP Analysis: Ambiguous signals (remote: 0, onsite: 0)",N/A,listing_page,No,https://www.allovoisins.com/v/platrerie-murs-plafonds
N/A,Location motoculteur - Blaignac,France,N/A,30€,N/A,N/A,allovoisins,general,employer,N/A,N/A,N/A,on-site,HIGH,No,"LLM: Location d'outils, nécessite présence physique",Durée : 1 jour,detail_page,No,https://www.allovoisins.com/r/0/11/0/0/location-vente/Outillage
N/A,Louer un groupe électrogène - Saint-Sériès,France,N/A,20€,N/A,N/A,allovoisins,general,unknown,N/A,N/A,N/A,on-site,MEDIUM,No,"NLP Analysis: Ambiguous signals (remote: 0, onsite: 0)",Durée : 1 jour,detail_page,No,https://www.allovoisins.com/r/0/3/0/0/location-vente/Btp-chantier
N/A,Louer une remorque porte-voiture / remorque routière - Colombey les Deux Églises,France,N/A,50€,N/A,N/A,allovoisins,general,unknown,N/A,N/A,N/A,on-site,MEDIUM,No,"NLP Analysis: Ambiguous signals (remote: 0, onsite: 0)",N/A,listing_page,No,https://www.allovoisins.com/r/0/79/0/0/location-vente/Remorque-accessoires-auto
N/A,Recherche Garde animaux à Rive-de-Gier,France,N/A,N/A,N/A,N/A,allovoisins,general,unknown,N/A,N/A,N/A,on-site,MEDIUM,No,"NLP Analysis: Ambiguous signals (remote: 0, onsite: 0)",N/A,listing_page,No,https://www.allovoisins.com/v/garde-animaux
N/A,Louer une fourgonette 9/12 m3 - Perpignan,France,N/A,30€,N/A,N/A,allovoisins,general,unknown,N/A,N/A,N/A,on-site,HIGH,No,Obvious on-site work: camion,N/A,listing_page,No,https://www.allovoisins.com/r/0/78/0/0/location-vente/Vehicule-utilitaire
N/A,Louer une bétonnière / toupie à béton - Dohem,France,N/A,21€,N/A,N/A,allovoisins,general,unknown,N/A,N/A,N/A,on-site,MEDIUM,No,"NLP Analysis: Ambiguous signals (remote: 0, onsite: 0)",Durée : 1 jour,detail_page,No,https://www.allovoisins.com/r/0/3/0/0/location-vente/Btp-chantier
N/A,Location broyeur de végétaux - Payrin-Augmontel,France,N/A,30€,N/A,N/A,allovoisins,general,employer,N/A,N/A,N/A,on-site,HIGH,No,"LLM: Location d'outils, nécessite présence physique",Durée : 1 jour,detail_page,No,https://www.allovoisins.com/r/0/11/0/0/location-vente/Outillage
N/A,Louer une fourgonette 9/12 m3 - Perpignan,France,N/A,30€,N/A,N/A,allovoisins,general,unknown,N/A,N/A,N/A,on-site,HIGH,No,Obvious on-site work: camion,N/A,listing_page,No,https://www.allovoisins.com/r/0/78/0/0/location-vente/Vehicule-utilitaire
N/A,Louer une fourgonette 9/12 m3 - Perpignan,France,N/A,30€,N/A,N/A,allovoisins,general,unknown,N/A,N/A,N/A,on-site,HIGH,No,Obvious on-site work: camion,N/A,listing_page,No,https://www.allovoisins.com/r/0/78/0/0/location-vente/Vehicule-utilitaire
N/A,Cherche Plâtrerie - Murs - Plafonds à Plonéour-Lanvern,France,N/A,N/A,N/A,N/A,allovoisins,general,unknown,N/A,N/A,N/A,on-site,MEDIUM,No,"NLP Analysis: Ambiguous signals (remote: 0, onsite: 0)",N/A,listing_page,No,https://www.allovoisins.com/v/platrerie-murs-plafonds
N/A,Location motoculteur - Blaignac,France,N/A,30€,N/A,N/A,allovoisins,general,employer,N/A,N/A,N/A,on-site,HIGH,No,"LLM: Location d'outils, nécessite présence physique",Durée : 1 jour,detail_page,No,https://www.allovoisins.com/r/0/11/0/0/location-vente/Outillage
N/A,Louer un groupe électrogène - Saint-Sériès,France,N/A,20€,N/A,N/A,allovoisins,general,unknown,N/A,N/A,N/A,on-site,MEDIUM,No,"NLP Analysis: Ambiguous signals (remote: 0, onsite: 0)",Durée : 1 jour,detail_page,No,https://www.allovoisins.com/r/0/3/0/0/location-vente/Btp-chantier
N/A,Louer une remorque porte-voiture / remorque routière - Colombey les Deux Églises,France,N/A,50€,N/A,N/A,allovoisins,general,unknown,N/A,N/A,N/A,on-site,MEDIUM,No,"NLP Analysis: Ambiguous signals (remote: 0, onsite: 0)",N/A,listing_page,No,https://www.allovoisins.com/r/0/79/0/0/location-vente/Remorque-accessoires-auto
N/A,Recherche Garde animaux à Rive-de-Gier,France,N/A,N/A,N/A,N/A,allovoisins,general,unknown,N/A,N/A,N/A,on-site,MEDIUM,No,"NLP Analysis: Ambiguous signals (remote: 0, onsite: 0)",N/A,listing_page,No,https://www.allovoisins.com/v/garde-animaux
N/A,Louer une bétonnière / toupie à béton - Dohem,France,N/A,21€,N/A,N/A,allovoisins,general,unknown,N/A,N/A,N/A,on-site,MEDIUM,No,"NLP Analysis: Ambiguous signals (remote: 0, onsite: 0)",Durée : 1 jour,detail_page,No,https://www.allovoisins.com/r/0/3/0/0/location-vente/Btp-chantier
N/A,Location broyeur de végétaux - Payrin-Augmontel,France,N/A,30€,N/A,N/A,allovoisins,general,employer,N/A,N/A,N/A,on-site,HIGH,No,"LLM: Location d'outils, nécessite présence physique",Durée : 1 jour,detail_page,No,https://www.allovoisins.com/r/0/11/0/0/location-vente/Outillage
N/A,Cherche Plâtrerie - Murs - Plafonds à Plonéour-Lanvern,France,N/A,N/A,N/A,N/A,allovoisins,general,unknown,N/A,N/A,N/A,on-site,MEDIUM,No,"NLP Analysis: Ambiguous signals (remote: 0, onsite: 0)",N/A,listing_page,No,https://www.allovoisins.com/v/platrerie-murs-plafonds
N/A,Location motoculteur - Blaignac,France,N/A,30€,N/A,N/A,allovoisins,general,employer,N/A,N/A,N/A,on-site,HIGH,No,"LLM: Location d'outils, nécessite présence physique",Durée : 1 jour,detail_page,No,https://www.allovoisins.com/r/0/11/0/0/location-vente/Outillage
N/A,Louer un groupe électrogène - Saint-Sériès,France,N/A,20€,N/A,N/A,allovoisins,general,unknown,N/A,N/A,N/A,on-site,MEDIUM,No,"NLP Analysis: Ambiguous signals (remote: 0, onsite: 0)",Durée : 1 jour,detail_page,No,https://www.allovoisins.com/r/0/3/0/0/location-vente/Btp-chantier
N/A,Louer une remorque porte-voiture / remorque routière - Colombey les Deux Églises,France,N/A,50€,N/A,N/A,allovoisins,general,unknown,N/A,N/A,N/A,on-site,MEDIUM,No,"NLP Analysis: Ambiguous signals (remote: 0, onsite: 0)",N/A,listing_page,No,https://www.allovoisins.com/r/0/79/0/0/location-vente/Remorque-accessoires-auto
N/A,Recherche Garde animaux à Rive-de-Gier,France,N/A,N/A,N/A,N/A,allovoisins,general,unknown,N/A,N/A,N/A,on-site,MEDIUM,No,"NLP Analysis: Ambiguous signals (remote: 0, onsite: 0)",N/A,listing_page,No,https://www.allovoisins.com/v/garde-animaux
N/A,Louer une fourgonette 9/12 m3 - Perpignan,France,N/A,30€,N/A,N/A,allovoisins,general,unknown,N/A,N/A,N/A,on-site,HIGH,No,Obvious on-site work: camion,N/A,listing_page,No,https://www.allovoisins.com/r/0/78/0/0/location-vente/Vehicule-utilitaire
N/A,Louer une bétonnière / toupie à béton - Dohem,France,N/A,21€,N/A,N/A,allovoisins,general,unknown,N/A,N/A,N/A,on-site,MEDIUM,No,"NLP Analysis: Ambiguous signals (remote: 0, onsite: 0)",Durée : 1 jour,detail_page,No,https://www.allovoisins.com/r/0/3/0/0/location-vente/Btp-chantier
N/A,Location broyeur de végétaux - Payrin-Augmontel,France,N/A,30€,N/A,N/A,allovoisins,general,employer,N/A,N/A,N/A,on-site,HIGH,No,"LLM: Location d'outils, nécessite présence physique",Durée : 1 jour,detail_page,No,https://www.allovoisins.com/r/0/11/0/0/location-vente/Outillage
N/A,Cherche Plâtrerie - Murs - Plafonds à Plonéour-Lanvern,France,N/A,N/A,N/A,N/A,allovoisins,general,unknown,N/A,N/A,N/A,on-site,MEDIUM,No,"NLP Analysis: Ambiguous signals (remote: 0, onsite: 0)",N/A,listing_page,No,https://www.allovoisins.com/v/platrerie-murs-plafonds
N/A,Location motoculteur - Blaignac,France,N/A,30€,N/A,N/A,allovoisins,general,employer,N/A,N/A,N/A,on-site,HIGH,No,"LLM: Location d'outils, nécessite présence physique",Durée : 1 jour,detail_page,No,https://www.allovoisins.com/r/0/11/0/0/location-vente/Outillage
N/A,Louer un groupe électrogène - Saint-Sériès,France,N/A,20€,N/A,N/A,allovoisins,general,unknown,N/A,N/A,N/A,on-site,MEDIUM,No,"NLP Analysis: Ambiguous signals (remote: 0, onsite: 0)",Durée : 1 jour,detail_page,No,https://www.allovoisins.com/r/0/3/0/0/location-vente/Btp-chantier
N/A,Louer une remorque porte-voiture / remorque routière - Colombey les Deux Églises,France,N/A,50€,N/A,N/A,allovoisins,general,unknown,N/A,N/A,N/A,on-site,MEDIUM,No,"NLP Analysis: Ambiguous signals (remote: 0, onsite: 0)",N/A,listing_page,No,https://www.allovoisins.com/r/0/79/0/0/location-vente/Remorque-accessoires-auto
N/A,Recherche Garde animaux à Rive-de-Gier,France,N/A,N/A,N/A,N/A,allovoisins,general,unknown,N/A,N/A,N/A,on-site,MEDIUM,No,"NLP Analysis: Ambiguous signals (remote: 0, onsite: 0)",N/A,listing_page,No,https://www.allovoisins.com/v/garde-animaux
N/A,Louer une fourgonette 9/12 m3 - Perpignan,France,N/A,30€,N/A,N/A,allovoisins,general,unknown,N/A,N/A,N/A,on-site,HIGH,No,Obvious on-site work: camion,N/A,listing_page,No,https://www.allovoisins.com/r/0/78/0/0/location-vente/Vehicule-utilitaire
N/A,Louer une fourgonette 9/12 m3 - Perpignan,France,N/A,30€,N/A,N/A,allovoisins,general,unknown,N/A,N/A,N/A,on-site,HIGH,No,Obvious on-site work: camion,N/A,listing_page,No,https://www.allovoisins.com/r/0/78/0/0/location-vente/Vehicule-utilitaire
N/A,Louer une bétonnière / toupie à béton - Dohem,France,N/A,21€,N/A,N/A,allovoisins,general,unknown,N/A,N/A,N/A,on-site,MEDIUM,No,"NLP Analysis: Ambiguous signals (remote: 0, onsite: 0)",Durée : 1 jour,detail_page,No,https://www.allovoisins.com/r/0/3/0/0/location-vente/Btp-chantier
N/A,Location broyeur de végétaux - Payrin-Augmontel,France,N/A,30€,N/A,N/A,allovoisins,general,employer,N/A,N/A,N/A,on-site,HIGH,No,"LLM: Location d'outils, nécessite présence physique",Durée : 1 jour,detail_page,No,https://www.allovoisins.com/r/0/11/0/0/location-vente/Outillage
N/A,Louer une fourgonette 9/12 m3 - Perpignan,France,N/A,30€,N/A,N/A,allovoisins,general,unknown,N/A,N/A,N/A,on-site,HIGH,No,Obvious on-site work: camion,N/A,listing_page,No,https://www.allovoisins.com/r/0/78/0/0/location-vente/Vehicule-utilitaire
N/A,Cherche Plâtrerie - Murs - Plafonds à Plonéour-Lanvern,France,N/A,N/A,N/A,N/A,allovoisins,general,unknown,N/A,N/A,N/A,on-site,MEDIUM,No,"NLP Analysis: Ambiguous signals (remote: 0, onsite: 0)",N/A,listing_page,No,https://www.allovoisins.com/v/platrerie-murs-plafonds
N/A,Location motoculteur - Blaignac,France,N/A,30€,N/A,N/A,allovoisins,general,employer,N/A,N/A,N/A,on-site,HIGH,No,"LLM: Location d'outils, nécessite présence physique",Durée : 1 jour,detail_page,No,https://www.allovoisins.com/r/0/11/0/0/location-vente/Outillage
N/A,Louer un groupe électrogène - Saint-Sériès,France,N/A,20€,N/A,N/A,allovoisins,general,unknown,N/A,N/A,N/A,on-site,MEDIUM,No,"NLP Analysis: Ambiguous signals (remote: 0, onsite: 0)",Durée : 1 jour,detail_page,No,https://www.allovoisins.com/r/0/3/0/0/location-vente/Btp-chantier
N/A,Louer une remorque porte-voiture / remorque routière - Colombey les Deux Églises,France,N/A,50€,N/A,N/A,allovoisins,general,unknown,N/A,N/A,N/A,on-site,MEDIUM,No,"NLP Analysis: Ambiguous signals (remote: 0, onsite: 0)",N/A,listing_page,No,https://www.allovoisins.com/r/0/79/0/0/location-vente/Remorque-accessoires-auto
N/A,Recherche Garde animaux à Rive-de-Gier,France,N/A,N/A,N/A,N/A,allovoisins,general,unknown,N/A,N/A,N/A,on-site,MEDIUM,No,"NLP Analysis: Ambiguous signals (remote: 0, onsite: 0)",N/A,listing_page,No,https://www.allovoisins.com/v/garde-animaux
N/A,Cherche Plâtrerie - Murs - Plafonds à Plonéour-Lanvern,France,N/A,N/A,N/A,N/A,allovoisins,general,unknown,N/A,N/A,N/A,on-site,MEDIUM,No,"NLP Analysis: Ambiguous signals (remote: 0, onsite: 0)",N/A,listing_page,No,https://www.allovoisins.com/v/platrerie-murs-plafonds
N/A,Location motoculteur - Blaignac,France,N/A,30€,N/A,N/A,allovoisins,general,employer,N/A,N/A,N/A,on-site,HIGH,No,"LLM: Location d'outils, nécessite présence physique",Durée : 1 jour,detail_page,No,https://www.allovoisins.com/r/0/11/0/0/location-vente/Outillage
N/A,Louer un groupe électrogène - Saint-Sériès,France,N/A,20€,N/A,N/A,allovoisins,general,unknown,N/A,N/A,N/A,on-site,MEDIUM,No,"NLP Analysis: Ambiguous signals (remote: 0, onsite: 0)",Durée : 1 jour,detail_page,No,https://www.allovoisins.com/r/0/3/0/0/location-vente/Btp-chantier
N/A,Louer une remorque porte-voiture / remorque routière - Colombey les Deux Églises,France,N/A,50€,N/A,N/A,allovoisins,general,unknown,N/A,N/A,N/A,on-site,MEDIUM,No,"NLP Analysis: Ambiguous signals (remote: 0, onsite: 0)",N/A,listing_page,No,https://www.allovoisins.com/r/0/79/0/0/location-vente/Remorque-accessoires-auto
N/A,Recherche Garde animaux à Rive-de-Gier,France,N/A,N/A,N/A,N/A,allovoisins,general,unknown,N/A,N/A,N/A,on-site,MEDIUM,No,"NLP Analysis: Ambiguous signals (remote: 0, onsite: 0)",N/A,listing_page,No,https://www.allovoisins.com/v/garde-animaux
N/A,Louer une fourgonette 9/12 m3 - Perpignan,France,N/A,30€,N/A,N/A,allovoisins,general,unknown,N/A,N/A,N/A,on-site,HIGH,No,Obvious on-site work: camion,N/A,listing_page,No,https://www.allovoisins.com/r/0/78/0/0/location-vente/Vehicule-utilitaire
N/A,Louer une bétonnière / toupie à béton - Dohem,France,N/A,21€,N/A,N/A,allovoisins,general,unknown,N/A,N/A,N/A,on-site,MEDIUM,No,"NLP Analysis: Ambiguous signals (remote: 0, onsite: 0)",Durée : 1 jour,detail_page,No,https://www.allovoisins.com/r/0/3/0/0/location-vente/Btp-chantier
N/A,Location broyeur de végétaux - Payrin-Augmontel,France,N/A,30€,N/A,N/A,allovoisins,general,employer,N/A,N/A,N/A,on-site,HIGH,No,"LLM: Location d'outils, nécessite présence physique",Durée : 1 jour,detail_page,No,https://www.allovoisins.com/r/0/11/0/0/location-vente/Outillage
N/A,Cherche Plâtrerie - Murs - Plafonds à Plonéour-Lanvern,France,N/A,N/A,N/A,N/A,allovoisins,general,unknown,N/A,N/A,N/A,on-site,MEDIUM,No,"NLP Analysis: Ambiguous signals (remote: 0, onsite: 0)",N/A,listing_page,No,https://www.allovoisins.com/v/platrerie-murs-plafonds
N/A,Location motoculteur - Blaignac,France,N/A,30€,N/A,N/A,allovoisins,general,employer,N/A,N/A,N/A,on-site,HIGH,No,"LLM: Location d'outils, nécessite présence physique",Durée : 1 jour,detail_page,No,https://www.allovoisins.com/r/0/11/0/0/location-vente/Outillage
N/A,Louer un groupe électrogène - Saint-Sériès,France,N/A,20€,N/A,N/A,allovoisins,general,unknown,N/A,N/A,N/A,on-site,MEDIUM,No,"NLP Analysis: Ambiguous signals (remote: 0, onsite: 0)",Durée : 1 jour,detail_page,No,https://www.allovoisins.com/r/0/3/0/0/location-vente/Btp-chantier
N/A,Louer une remorque porte-voiture / remorque routière - Colombey les Deux Églises,France,N/A,50€,N/A,N/A,allovoisins,general,unknown,N/A,N/A,N/A,on-site,MEDIUM,No,"NLP Analysis: Ambiguous signals (remote: 0, onsite: 0)",N/A,listing_page,No,https://www.allovoisins.com/r/0/79/0/0/location-vente/Remorque-accessoires-auto
N/A,Recherche Garde animaux à Rive-de-Gier,France,N/A,N/A,N/A,N/A,allovoisins,general,unknown,N/A,N/A,N/A,on-site,MEDIUM,No,"NLP Analysis: Ambiguous signals (remote: 0, onsite: 0)",N/A,listing_page,No,https://www.allovoisins.com/v/garde-animaux
N/A,Louer une fourgonette 9/12 m3 - Perpignan,France,N/A,30€,N/A,N/A,allovoisins,general,unknown,N/A,N/A,N/A,on-site,HIGH,No,Obvious on-site work: camion,N/A,listing_page,No,https://www.allovoisins.com/r/0/78/0/0/location-vente/Vehicule-utilitaire
N/A,Louer une fourgonette 9/12 m3 - Perpignan,France,N/A,30€,N/A,N/A,allovoisins,general,unknown,N/A,N/A,N/A,on-site,HIGH,No,Obvious on-site work: camion,N/A,listing_page,No,https://www.allovoisins.com/r/0/78/0/0/location-vente/Vehicule-utilitaire
N/A,Louer une bétonnière / toupie à béton - Dohem,France,N/A,21€,N/A,N/A,allovoisins,general,unknown,N/A,N/A,N/A,on-site,MEDIUM,No,"NLP Analysis: Ambiguous signals (remote: 0, onsite: 0)",Durée : 1 jour,detail_page,No,https://www.allovoisins.com/r/0/3/0/0/location-vente/Btp-chantier
N/A,Location broyeur de végétaux - Payrin-Augmontel,France,N/A,30€,N/A,N/A,allovoisins,general,employer,N/A,N/A,N/A,on-site,HIGH,No,"LLM: Location d'outils, nécessite présence physique",Durée : 1 jour,detail_page,No,https://www.allovoisins.com/r/0/11/0/0/location-vente/Outillage
N/A,Cherche Plâtrerie - Murs - Plafonds à Plonéour-Lanvern,France,N/A,N/A,N/A,N/A,allovoisins,general,unknown,N/A,N/A,N/A,on-site,MEDIUM,No,"NLP Analysis: Ambiguous signals (remote: 0, onsite: 0)",N/A,listing_page,No,https://www.allovoisins.com/v/platrerie-murs-plafonds
N/A,Location motoculteur - Blaignac,France,N/A,30€,N/A,N/A,allovoisins,general,employer,N/A,N/A,N/A,on-site,HIGH,No,"LLM: Location d'outils, nécessite présence physique",Durée : 1 jour,detail_page,No,https://www.allovoisins.com/r/0/11/0/0/location-vente/Outillage
N/A,Louer un groupe électrogène - Saint-Sériès,France,N/A,20€,N/A,N/A,allovoisins,general,unknown,N/A,N/A,N/A,on-site,MEDIUM,No,"NLP Analysis: Ambiguous signals (remote: 0, onsite: 0)",Durée : 1 jour,detail_page,No,https://www.allovoisins.com/r/0/3/0/0/location-vente/Btp-chantier
N/A,Louer une remorque porte-voiture / remorque routière - Colombey les Deux Églises,France,N/A,50€,N/A,N/A,allovoisins,general,unknown,N/A,N/A,N/A,on-site,MEDIUM,No,"NLP Analysis: Ambiguous signals (remote: 0, onsite: 0)",N/A,listing_page,No,https://www.allovoisins.com/r/0/79/0/0/location-vente/Remorque-accessoires-auto
N/A,Recherche Garde animaux à Rive-de-Gier,France,N/A,N/A,N/A,N/A,allovoisins,general,unknown,N/A,N/A,N/A,on-site,MEDIUM,No,"NLP Analysis: Ambiguous signals (remote: 0, onsite: 0)",N/A,listing_page,No,https://www.allovoisins.com/v/garde-animaux
N/A,Louer une fourgonette 9/12 m3 - Perpignan,France,N/A,30€,N/A,N/A,allovoisins,general,unknown,N/A,N/A,N/A,on-site,HIGH,No,Obvious on-site work: camion,N/A,listing_page,No,https://www.allovoisins.com/r/0/78/0/0/location-vente/Vehicule-utilitaire
