id,title,location,category,price,poster,date_posted,source,vertical,poster_type,subject_category,instruction_lang,level,classification,confidence,is_remote,reasoning,description_preview,description_source,was_reanalyzed,url
N/A,Acheter une plante d'extérieur / plan de légume - Dombasle-sur-Meurthe,France,N/A,20€,N/A,N/A,allovoisins,general,unknown,N/A,N/A,N/A,on-site,MEDIUM,No,"NLP Analysis: Ambiguous signals (remote: 0, onsite: 0)",Durée : 1 jour,detail_page,No,https://www.allovoisins.com/r/0/14/0/0/location-vente/Decoration-d-exterieur
N/A,Acheter une pièce auto / pièce moto - Petit-Fayt,France,N/A,20€,N/A,N/A,allovoisins,general,unknown,N/A,N/A,N/A,on-site,MEDIUM,No,"NLP Analysis: Ambiguous signals (remote: 0, onsite: 0)",N/A,listing_page,No,https://www.allovoisins.com/r/0/79/0/0/location-vente/Remorque-accessoires-auto
N/A,Louer un nettoyeur haute pression / karcher - Bordeaux,France,N/A,19€,N/A,N/A,allovoisins,general,unknown,N/A,N/A,N/A,on-site,MEDIUM,No,"NLP Analysis: Ambiguous signals (remote: 0, onsite: 0)",Durée : 1 jour,detail_page,No,https://www.allovoisins.com/r/490/11/49172/0/location-Nettoyeur-haute-pression-karcher-Bordeaux
N/A,Recherche Réparation objets à Cergy,France,N/A,N/A,N/A,N/A,allovoisins,general,unknown,N/A,N/A,N/A,on-site,MEDIUM,No,"NLP Analysis: Ambiguous signals (remote: 0, onsite: 0)",N/A,listing_page,No,https://www.allovoisins.com/v/reparation-objets
N/A,Recherche Cours de couture à Villeurbanne,France,N/A,N/A,N/A,N/A,allovoisins,general,unknown,N/A,N/A,N/A,on-site,MEDIUM,No,"NLP Analysis: Ambiguous signals (remote: 0, onsite: 0)",N/A,listing_page,No,https://www.allovoisins.com/v/cours-de-couture
N/A,Prêt perceuse - Nantes,France,N/A,N/A,N/A,N/A,allovoisins,general,unknown,N/A,N/A,N/A,on-site,MEDIUM,No,"NLP Analysis: Ambiguous signals (remote: 0, onsite: 0)",Durée : 1 jour,detail_page,No,https://www.allovoisins.com/r/126/2/24086/0/location-Perceuse-Nantes
N/A,Location maison / villa - Muret,France,N/A,900€,N/A,N/A,allovoisins,general,unknown,N/A,N/A,N/A,on-site,MEDIUM,No,NLP Analysis: Strong on-site indicators (score: 2 vs 0),Durée : 700 jours,detail_page,No,https://www.allovoisins.com/r/4343/87/19341/0/location-Maison-villa-Muret
N/A,Louer une surfaceuse ponceuse de sol - Leigneux,France,N/A,20€,N/A,N/A,allovoisins,general,unknown,N/A,N/A,N/A,on-site,MEDIUM,No,"NLP Analysis: Ambiguous signals (remote: 0, onsite: 0)",Durée : 1 jour,detail_page,No,https://www.allovoisins.com/r/279/3/23519/0/location-Surfaceuse-ponceuse-de-sol-Leigneux
N/A,Acheter des bois / bois de chauffage / bastaing - Condé-sur-Vesgre,France,N/A,1€,N/A,N/A,allovoisins,general,unknown,N/A,N/A,N/A,on-site,MEDIUM,No,"NLP Analysis: Ambiguous signals (remote: 0, onsite: 0)",Bois / Bois de chauffage / Bastaing Condé-sur-Vesgre,detail_page,No,https://www.allovoisins.com/r/5228/5/40110/0/location-Bois-bois-de-chauffage-bastaing-Conde-sur-vesgre
N/A,Acheter une plante d'extérieur / plan de légume - Dombasle-sur-Meurthe,France,N/A,20€,N/A,N/A,allovoisins,general,unknown,N/A,N/A,N/A,on-site,MEDIUM,No,"NLP Analysis: Ambiguous signals (remote: 0, onsite: 0)",Durée : 1 jour,detail_page,No,https://www.allovoisins.com/r/613/14/28059/0/location-Plante-d-exterieur-plan-de-legume-Dombasle-sur-meurthe
N/A,Location clé (outillage) - Saint-Dizier,France,N/A,5€,N/A,N/A,allovoisins,general,unknown,N/A,N/A,N/A,on-site,MEDIUM,No,"NLP Analysis: Ambiguous signals (remote: 0, onsite: 0)",Durée : 1 jour,detail_page,No,https://www.allovoisins.com/r/45/2/27252/0/location-Cle-outillage-Saint-dizier
N/A,Louer une shampouineuse - Saint-Hilaire-de-Chaléons,France,N/A,15€,N/A,N/A,allovoisins,general,unknown,N/A,N/A,N/A,on-site,MEDIUM,No,"NLP Analysis: Ambiguous signals (remote: 0, onsite: 0)",Durée : 1 jour,detail_page,No,https://www.allovoisins.com/r/199/2/24308/0/location-Shampouineuse-Saint-hilaire-de-chaleons
N/A,Acheter une pièce auto / pièce moto - Petit-Fayt,France,N/A,20€,N/A,N/A,allovoisins,general,unknown,N/A,N/A,N/A,on-site,MEDIUM,No,"NLP Analysis: Ambiguous signals (remote: 0, onsite: 0)",N/A,listing_page,No,https://www.allovoisins.com/r/5244/79/30893/0/location-Piece-auto-piece-moto-Petit-fayt
N/A,Recherche Réparation objets à Bondy,France,N/A,N/A,N/A,N/A,allovoisins,general,unknown,N/A,N/A,N/A,on-site,MEDIUM,No,"NLP Analysis: Ambiguous signals (remote: 0, onsite: 0)",N/A,listing_page,No,https://www.allovoisins.com/v/reparation-objets
N/A,Recherche Réparation objets à Sceaux,France,N/A,N/A,N/A,N/A,allovoisins,general,unknown,N/A,N/A,N/A,on-site,MEDIUM,No,"NLP Analysis: Ambiguous signals (remote: 0, onsite: 0)",N/A,listing_page,No,https://www.allovoisins.com/v/reparation-objets
N/A,Location remorque moto - Naveil,France,N/A,25€,N/A,N/A,allovoisins,general,unknown,N/A,N/A,N/A,on-site,MEDIUM,No,"NLP Analysis: Ambiguous signals (remote: 0, onsite: 0)",Durée : 1 jour,detail_page,No,https://www.allovoisins.com/r/4969/80/23197/0/location-Remorque-moto-Naveil
N/A,Location pulvérisateur thermique - Coucy-le-Château-Auffrique,France,N/A,10€,N/A,N/A,allovoisins,general,unknown,N/A,N/A,N/A,on-site,MEDIUM,No,"NLP Analysis: Ambiguous signals (remote: 0, onsite: 0)",Durée : 1 jour,detail_page,No,https://www.allovoisins.com/r/506/11/61345/0/location-Pulverisateur-thermique-Coucy-le-chateau-auffrique
N/A,Louer un appartement - Montrouge,France,N/A,1500€,N/A,N/A,allovoisins,general,unknown,N/A,N/A,N/A,on-site,MEDIUM,No,NLP Analysis: Strong on-site indicators (score: 2 vs 0),Durée : 365 jours,detail_page,No,https://www.allovoisins.com/r/4344/88/43125/0/location-Appartement-Montrouge
N/A,Location remorque réfrigérée / fourgon frigorifique - Vougy,France,N/A,100€,N/A,N/A,allovoisins,general,unknown,N/A,N/A,N/A,on-site,MEDIUM,No,"NLP Analysis: Ambiguous signals (remote: 0, onsite: 0)",Durée : 2 jours,detail_page,No,https://www.allovoisins.com/r/5261/79/23784/0/location-Remorque-refrigeree-fourgon-frigorifique-Vougy
N/A,Cherche Dressage à Servian,France,N/A,N/A,N/A,N/A,allovoisins,general,unknown,N/A,N/A,N/A,on-site,MEDIUM,No,"NLP Analysis: Ambiguous signals (remote: 0, onsite: 0)",N/A,listing_page,No,https://www.allovoisins.com/r/0/190/0/0/service/Dressage
N/A,Louer un jardin / espace vert - Éragny,France,N/A,300€,N/A,N/A,allovoisins,general,unknown,N/A,N/A,N/A,on-site,MEDIUM,No,"NLP Analysis: Ambiguous signals (remote: 0, onsite: 0)",Durée : 1 jour,detail_page,No,https://www.allovoisins.com/r/4364/94/44277/0/location-Jardin-espace-vert-Eragny
N/A,Location nettoyeur haute pression / karcher - Angers,France,N/A,19€,N/A,N/A,allovoisins,general,unknown,N/A,N/A,N/A,on-site,MEDIUM,No,"NLP Analysis: Ambiguous signals (remote: 0, onsite: 0)",Durée : 1 jour,detail_page,No,https://www.allovoisins.com/r/490/11/25563/0/location-Nettoyeur-haute-pression-karcher-Angers
N/A,Location débroussailleuse - Angers,France,N/A,20€,N/A,N/A,allovoisins,general,unknown,N/A,N/A,N/A,on-site,MEDIUM,No,"NLP Analysis: Ambiguous signals (remote: 0, onsite: 0)",Durée : 1 jour,detail_page,No,https://www.allovoisins.com/r/4930/11/25563/0/location-Debroussailleuse-Angers
N/A,Recherche Home sitting - Accueil - Gardiennage à La Seyne-sur-Mer,France,N/A,N/A,N/A,N/A,allovoisins,general,unknown,N/A,N/A,N/A,on-site,MEDIUM,No,"NLP Analysis: Ambiguous signals (remote: 0, onsite: 0)",N/A,listing_page,No,https://www.allovoisins.com/v/home-sitting-accueil-gardiennage
N/A,Location siège auto - Orléans,France,N/A,21€,N/A,N/A,allovoisins,general,unknown,N/A,N/A,N/A,on-site,MEDIUM,No,"NLP Analysis: Ambiguous signals (remote: 0, onsite: 0)",Durée : 5 jours,detail_page,No,https://www.allovoisins.com/r/4183/71/24345/0/location-Siege-auto-Orleans
N/A,Acheter une réfrigérateur congélateur - Annemasse,France,N/A,50€,N/A,N/A,allovoisins,general,unknown,N/A,N/A,N/A,on-site,MEDIUM,No,"NLP Analysis: Ambiguous signals (remote: 0, onsite: 0)",N/A,listing_page,No,https://www.allovoisins.com/r/700/17/38448/0/location-Refrigerateur-congelateur-Annemasse
N/A,Location appartement - Montreuil,France,N/A,1000€,N/A,N/A,allovoisins,general,unknown,N/A,N/A,N/A,on-site,MEDIUM,No,NLP Analysis: Strong on-site indicators (score: 2 vs 0),Durée : 365 jours,detail_page,No,https://www.allovoisins.com/r/4344/88/42933/0/location-Appartement-Montreuil
N/A,Louer un véhicule utilitaire / camionnette - Naveil,France,N/A,50€,N/A,N/A,allovoisins,general,unknown,N/A,N/A,N/A,on-site,HIGH,No,Obvious on-site work: camion,N/A,listing_page,No,https://www.allovoisins.com/r/5142/78/23197/0/location-Vehicule-utilitaire-camionnette-Naveil
N/A,Location shampouineuse - Wattignies,France,N/A,15€,N/A,N/A,allovoisins,general,unknown,N/A,N/A,N/A,on-site,MEDIUM,No,"NLP Analysis: Ambiguous signals (remote: 0, onsite: 0)",Durée : 1 jour,detail_page,No,https://www.allovoisins.com/r/199/2/30686/0/location-Shampouineuse-Wattignies
N/A,Location appartement - Thonon-les-Bains,France,N/A,580€,N/A,N/A,allovoisins,general,unknown,N/A,N/A,N/A,on-site,MEDIUM,No,NLP Analysis: Strong on-site indicators (score: 2 vs 0),Durée : 365 jours,detail_page,No,https://www.allovoisins.com/r/4344/88/38528/0/location-Appartement-Thonon-les-bains
N/A,Louer un motoculteur - Ruyaulcourt,France,N/A,15€,N/A,N/A,allovoisins,general,unknown,N/A,N/A,N/A,on-site,MEDIUM,No,"NLP Analysis: Ambiguous signals (remote: 0, onsite: 0)",Durée : 1 jour,detail_page,No,https://www.allovoisins.com/r/488/11/32588/0/location-Motoculteur-Ruyaulcourt
N/A,Recherche Taille de pierre - Marbrerie à Coëx,France,N/A,N/A,N/A,N/A,allovoisins,general,unknown,N/A,N/A,N/A,on-site,MEDIUM,No,"NLP Analysis: Ambiguous signals (remote: 0, onsite: 0)",N/A,listing_page,No,https://www.allovoisins.com/v/taille-de-pierre-marbrerie
N/A,Location motobineuse - Saujon,France,N/A,30€,N/A,N/A,allovoisins,general,unknown,N/A,N/A,N/A,on-site,MEDIUM,No,"NLP Analysis: Ambiguous signals (remote: 0, onsite: 0)",Durée : 1 jour,detail_page,No,https://www.allovoisins.com/r/487/11/12914/0/location-Motobineuse-Saujon
N/A,Location motoculteur - Ruyaulcourt,France,N/A,30€,N/A,N/A,allovoisins,general,unknown,N/A,N/A,N/A,on-site,MEDIUM,No,"NLP Analysis: Ambiguous signals (remote: 0, onsite: 0)",Durée : 1 jour,detail_page,No,https://www.allovoisins.com/r/488/11/32588/0/location-Motoculteur-Ruyaulcourt
N/A,Cherche Home sitting - Accueil - Gardiennage à Soustons,France,N/A,N/A,N/A,N/A,allovoisins,general,unknown,N/A,N/A,N/A,on-site,MEDIUM,No,"NLP Analysis: Ambiguous signals (remote: 0, onsite: 0)",N/A,listing_page,No,https://www.allovoisins.com/v/home-sitting-accueil-gardiennage
N/A,Acheter une pièce auto / pièce moto - Sainte-Marie-au-Bosc,France,N/A,1€,N/A,N/A,allovoisins,general,unknown,N/A,N/A,N/A,on-site,MEDIUM,No,"NLP Analysis: Ambiguous signals (remote: 0, onsite: 0)",N/A,listing_page,No,https://www.allovoisins.com/r/5244/79/38991/0/location-Piece-auto-piece-moto-Sainte-marie-au-bosc
N/A,Louer une fourgonette 3m3 - Amiens,France,N/A,10€,N/A,N/A,allovoisins,general,unknown,N/A,N/A,N/A,on-site,MEDIUM,No,"NLP Analysis: Ambiguous signals (remote: 0, onsite: 0)",Durée : 1 jour,detail_page,No,https://www.allovoisins.com/r/4205/78/40739/0/location-Fourgonette-3m3-Amiens
N/A,Recherche Cours de piano à Caluire-et-Cuire,France,N/A,N/A,N/A,N/A,allovoisins,general,unknown,N/A,N/A,N/A,on-site,MEDIUM,No,"NLP Analysis: Ambiguous signals (remote: 0, onsite: 0)",N/A,listing_page,No,https://www.allovoisins.com/v/cours-de-piano
N/A,Location nettoyeur haute pression / karcher - Villepinte,France,N/A,19€,N/A,N/A,allovoisins,general,unknown,N/A,N/A,N/A,on-site,MEDIUM,No,"NLP Analysis: Ambiguous signals (remote: 0, onsite: 0)",Durée : 1 jour,detail_page,No,https://www.allovoisins.com/r/490/11/49563/0/location-Nettoyeur-haute-pression-karcher-Villepinte
N/A,Louer une shampouineuse - La Turbie,France,N/A,15€,N/A,N/A,allovoisins,general,unknown,N/A,N/A,N/A,on-site,MEDIUM,No,"NLP Analysis: Ambiguous signals (remote: 0, onsite: 0)",Durée : 1 jour,detail_page,No,https://www.allovoisins.com/r/199/2/8269/0/location-Shampouineuse-La-turbie
N/A,Louer une bétonnière / toupie à béton - Linxe,France,N/A,30€,N/A,N/A,allovoisins,general,unknown,N/A,N/A,N/A,on-site,MEDIUM,No,"NLP Analysis: Ambiguous signals (remote: 0, onsite: 0)",Durée : 1 jour,detail_page,No,https://www.allovoisins.com/r/228/3/22981/0/location-Betonniere-toupie-a-beton-Linxe
N/A,Louer une pilonneuse - Metz,France,N/A,10€,N/A,N/A,allovoisins,general,unknown,N/A,N/A,N/A,on-site,MEDIUM,No,"NLP Analysis: Ambiguous signals (remote: 0, onsite: 0)",Durée : 1 jour,detail_page,No,https://www.allovoisins.com/r/258/3/29532/0/location-Pilonneuse-Metz
N/A,Recherche Montage photo video û Savigny-sur-Orge,France,N/A,N/A,N/A,N/A,allovoisins,general,unknown,N/A,N/A,N/A,on-site,MEDIUM,No,"NLP Analysis: Ambiguous signals (remote: 0, onsite: 0)",N/A,listing_page,No,https://www.allovoisins.com/v/montage-photo-video
N/A,Location meuleuse - Lesquin,France,N/A,N/A,N/A,N/A,allovoisins,general,unknown,N/A,N/A,N/A,on-site,MEDIUM,No,"NLP Analysis: Ambiguous signals (remote: 0, onsite: 0)",Durée : 1 jour,detail_page,No,https://www.allovoisins.com/r/121/2/31242/0/location-Meuleuse-Lesquin
N/A,Location vûˋhicule utilitaire / camionnette - Aubervilliers,France,N/A,N/A,N/A,N/A,allovoisins,general,unknown,N/A,N/A,N/A,on-site,HIGH,No,Obvious on-site work: uber,N/A,listing_page,No,https://www.allovoisins.com/r/5142/78/43075/0/location-Vehicule-utilitaire-camionnette-Aubervilliers
N/A,Location chaise pliante - Villeurbanne,France,N/A,N/A,N/A,N/A,allovoisins,general,unknown,N/A,N/A,N/A,on-site,MEDIUM,No,"NLP Analysis: Ambiguous signals (remote: 0, onsite: 0)",Durée : 1 jour,detail_page,No,https://www.allovoisins.com/r/4961/19/36222/0/location-Chaise-pliante-Villeurbanne
N/A,Recherche Manucure Ă Chaville,France,N/A,Ă€ convenir,N/A,N/A,allovoisins,general,unknown,N/A,N/A,N/A,on-site,HIGH,No,Obvious on-site work: manucure,N/A,listing_page,No,https://www.allovoisins.com/v/manucure
N/A,Louer une dĂ©colleuse Ă papier peint - Carquefou,France,N/A,N/A,N/A,N/A,allovoisins,general,unknown,N/A,N/A,N/A,on-site,MEDIUM,No,"NLP Analysis: Ambiguous signals (remote: 0, onsite: 0)",Durée : 2 jours,detail_page,No,https://www.allovoisins.com/r/70/2/24239/0/location-Decolleuse-a-papier-peint-Carquefou
N/A,Cherche Fille au pair à Poissy,France,N/A,N/A,N/A,N/A,allovoisins,general,unknown,N/A,N/A,N/A,on-site,MEDIUM,No,"NLP Analysis: Ambiguous signals (remote: 0, onsite: 0)",N/A,listing_page,No,https://www.allovoisins.com/v/fille-au-pair
N/A,Recherche Aide aux devoirs Ă Riedisheim,France,N/A,Ă€ convenir,N/A,N/A,allovoisins,general,unknown,N/A,N/A,N/A,on-site,MEDIUM,No,"NLP Analysis: Ambiguous signals (remote: 0, onsite: 0)",N/A,listing_page,No,https://www.allovoisins.com/v/aide-aux-devoirs
N/A,Location motoculteur - Thonon-les-Bains,France,N/A,30€,N/A,N/A,allovoisins,general,unknown,N/A,N/A,N/A,on-site,MEDIUM,No,"NLP Analysis: Ambiguous signals (remote: 0, onsite: 0)",Durée : 1 jour,detail_page,No,https://www.allovoisins.com/r/488/11/38528/0/location-Motoculteur-Thonon-les-bains
N/A,Louer une shampouineuse - Charenton-le-Pont,France,N/A,15€,N/A,N/A,allovoisins,general,unknown,N/A,N/A,N/A,on-site,MEDIUM,No,"NLP Analysis: Ambiguous signals (remote: 0, onsite: 0)",Durée : 1 jour,detail_page,No,https://www.allovoisins.com/r/199/2/42928/0/location-Shampouineuse-Charenton-le-pont
N/A,Louer une bétonnière / toupie à béton - Saint-Maurice-les-Brousses,France,N/A,21€,N/A,N/A,allovoisins,general,unknown,N/A,N/A,N/A,on-site,MEDIUM,No,"NLP Analysis: Ambiguous signals (remote: 0, onsite: 0)",Durée : 1 jour,detail_page,No,https://www.allovoisins.com/r/228/3/64192/0/location-Betonniere-toupie-a-beton-Saint-maurice-les-brousses
N/A,Location nettoyeur de vitres - Pessac,France,N/A,13€,N/A,N/A,allovoisins,general,unknown,N/A,N/A,N/A,on-site,MEDIUM,No,"NLP Analysis: Ambiguous signals (remote: 0, onsite: 0)",Durée : 1 jour,detail_page,No,https://www.allovoisins.com/r/690/17/20259/0/location-Nettoyeur-de-vitres-Pessac
N/A,Prêt sableuse - Aussonne,France,N/A,N/A,N/A,N/A,allovoisins,general,unknown,N/A,N/A,N/A,on-site,MEDIUM,No,"NLP Analysis: Ambiguous signals (remote: 0, onsite: 0)",Durée : 1 jour,detail_page,No,https://www.allovoisins.com/r/275/3/66053/0/location-Sableuse-Aussonne
N/A,Location scie double lame - Challans,France,N/A,30€,N/A,N/A,allovoisins,general,unknown,N/A,N/A,N/A,on-site,MEDIUM,No,"NLP Analysis: Ambiguous signals (remote: 0, onsite: 0)",Durée : 2 jours,detail_page,No,https://www.allovoisins.com/r/189/2/42544/0/location-Scie-double-lame-Challans
N/A,Louer des couverts de service - Rochegude,France,N/A,30€,N/A,N/A,allovoisins,general,unknown,N/A,N/A,N/A,on-site,MEDIUM,No,"NLP Analysis: Ambiguous signals (remote: 0, onsite: 0)",Durée : 1 jour,detail_page,No,https://www.allovoisins.com/r/779/18/17006/0/location-Couverts-de-service-Rochegude
N/A,Louer un vtt adulte - Néac,France,N/A,20€,N/A,N/A,allovoisins,general,unknown,N/A,N/A,N/A,on-site,MEDIUM,No,"NLP Analysis: Ambiguous signals (remote: 0, onsite: 0)",Durée : 1 jour,detail_page,No,https://www.allovoisins.com/r/2992/51/20196/0/location-Vtt-adulte-Neac
N/A,Location disqueuse - Auxonne,France,N/A,16€,N/A,N/A,allovoisins,general,unknown,N/A,N/A,N/A,on-site,MEDIUM,No,"NLP Analysis: Ambiguous signals (remote: 0, onsite: 0)",Durée : 1 jour,detail_page,No,https://www.allovoisins.com/r/75/2/14063/0/location-Disqueuse-Auxonne
N/A,Location portant - Villenave-d'Ornon,France,N/A,7€,N/A,N/A,allovoisins,general,unknown,N/A,N/A,N/A,on-site,MEDIUM,No,"NLP Analysis: Ambiguous signals (remote: 0, onsite: 0)",Durée : 1 jour,detail_page,No,https://www.allovoisins.com/r/1068/19/19913/0/location-Portant-Villenave-d-ornon
N/A,Louer une pince à sertir - Gaillard,France,N/A,10€,N/A,N/A,allovoisins,general,unknown,N/A,N/A,N/A,on-site,MEDIUM,No,"NLP Analysis: Ambiguous signals (remote: 0, onsite: 0)",Durée : 1 jour,detail_page,No,https://www.allovoisins.com/r/132/2/38550/0/location-Pince-a-sertir-Gaillard
N/A,Louer un logement - Le Grau-du-Roi,France,N/A,20€,N/A,N/A,allovoisins,general,unknown,N/A,N/A,N/A,on-site,MEDIUM,No,"NLP Analysis: Ambiguous signals (remote: 0, onsite: 0)",Durée : 365 jours,detail_page,No,https://www.allovoisins.com/r/4910/89/18566/0/location-Logement-Le-grau-du-roi
N/A,Location remorque vélo / charrette à vélo (pour transport d'enfants) - Thonon-les-Bains,France,N/A,20€,N/A,N/A,allovoisins,general,unknown,N/A,N/A,N/A,on-site,MEDIUM,No,"NLP Analysis: Ambiguous signals (remote: 0, onsite: 0)",Durée : 1 jour,detail_page,No,https://www.allovoisins.com/r/2964/51/38528/0/location-Remorque-velo-charrette-a-velo-pour-transport-d-enfants-Thonon-les-bains
N/A,Louer une ponceuse - Wasquehal,France,N/A,10€,N/A,N/A,allovoisins,general,unknown,N/A,N/A,N/A,on-site,MEDIUM,No,"NLP Analysis: Ambiguous signals (remote: 0, onsite: 0)",Durée : 1 jour,detail_page,No,https://www.allovoisins.com/r/158/2/30969/0/location-Ponceuse-Wasquehal
N/A,Cherche Home sitting - Accueil - Gardiennage à L'Herbergement,France,N/A,N/A,N/A,N/A,allovoisins,general,unknown,N/A,N/A,N/A,on-site,MEDIUM,No,"NLP Analysis: Ambiguous signals (remote: 0, onsite: 0)",N/A,listing_page,No,https://www.allovoisins.com/v/home-sitting-accueil-gardiennage
N/A,Acheter une pièce auto / pièce moto - Petit-Fayt,France,N/A,20€,N/A,N/A,allovoisins,general,unknown,N/A,N/A,N/A,on-site,MEDIUM,No,"NLP Analysis: Ambiguous signals (remote: 0, onsite: 0)",N/A,listing_page,No,https://www.allovoisins.com/r/0/79/0/0/location-vente/Remorque-accessoires-auto
N/A,Recherche Réparation objets à Bondy,France,N/A,N/A,N/A,N/A,allovoisins,general,unknown,N/A,N/A,N/A,on-site,MEDIUM,No,"NLP Analysis: Ambiguous signals (remote: 0, onsite: 0)",N/A,listing_page,No,https://www.allovoisins.com/v/reparation-objets
N/A,Recherche Réparation objets à Sceaux,France,N/A,N/A,N/A,N/A,allovoisins,general,unknown,N/A,N/A,N/A,on-site,MEDIUM,No,"NLP Analysis: Ambiguous signals (remote: 0, onsite: 0)",N/A,listing_page,No,https://www.allovoisins.com/v/reparation-objets
N/A,Recherche Réparation objets à Cergy,France,N/A,N/A,N/A,N/A,allovoisins,general,unknown,N/A,N/A,N/A,on-site,MEDIUM,No,"NLP Analysis: Ambiguous signals (remote: 0, onsite: 0)",N/A,listing_page,No,https://www.allovoisins.com/v/reparation-objets
N/A,Recherche Cours de couture à Villeurbanne,France,N/A,N/A,N/A,N/A,allovoisins,general,unknown,N/A,N/A,N/A,on-site,MEDIUM,No,"NLP Analysis: Ambiguous signals (remote: 0, onsite: 0)",N/A,listing_page,No,https://www.allovoisins.com/v/cours-de-couture
N/A,Recherche Réparation objets à Cergy,France,N/A,N/A,N/A,N/A,allovoisins,general,unknown,N/A,N/A,N/A,on-site,MEDIUM,No,"NLP Analysis: Ambiguous signals (remote: 0, onsite: 0)",N/A,listing_page,No,https://www.allovoisins.com/v/reparation-objets
N/A,Recherche Cours de couture à Villeurbanne,France,N/A,N/A,N/A,N/A,allovoisins,general,unknown,N/A,N/A,N/A,on-site,MEDIUM,No,"NLP Analysis: Ambiguous signals (remote: 0, onsite: 0)",N/A,listing_page,No,https://www.allovoisins.com/v/cours-de-couture
N/A,Recherche Réparation objets à Cergy,France,N/A,N/A,N/A,N/A,allovoisins,general,unknown,N/A,N/A,N/A,on-site,MEDIUM,No,"NLP Analysis: Ambiguous signals (remote: 0, onsite: 0)",N/A,listing_page,No,https://www.allovoisins.com/v/reparation-objets
N/A,Recherche Cours de couture à Villeurbanne,France,N/A,N/A,N/A,N/A,allovoisins,general,unknown,N/A,N/A,N/A,on-site,MEDIUM,No,"NLP Analysis: Ambiguous signals (remote: 0, onsite: 0)",N/A,listing_page,No,https://www.allovoisins.com/v/cours-de-couture
N/A,Acheter une plante d'extérieur / plan de légume - Dombasle-sur-Meurthe,France,N/A,20€,N/A,N/A,allovoisins,general,unknown,N/A,N/A,N/A,on-site,MEDIUM,No,"NLP Analysis: Ambiguous signals (remote: 0, onsite: 0)",Durée : 1 jour,detail_page,No,https://www.allovoisins.com/r/0/14/0/0/location-vente/Decoration-d-exterieur
N/A,Acheter une pièce auto / pièce moto - Petit-Fayt,France,N/A,20€,N/A,N/A,allovoisins,general,unknown,N/A,N/A,N/A,on-site,MEDIUM,No,"NLP Analysis: Ambiguous signals (remote: 0, onsite: 0)",N/A,listing_page,No,https://www.allovoisins.com/r/0/79/0/0/location-vente/Remorque-accessoires-auto
N/A,Recherche Réparation objets à Cergy,France,N/A,N/A,N/A,N/A,allovoisins,general,unknown,N/A,N/A,N/A,on-site,MEDIUM,No,"NLP Analysis: Ambiguous signals (remote: 0, onsite: 0)",N/A,listing_page,No,https://www.allovoisins.com/v/reparation-objets
N/A,Recherche Cours de couture à Villeurbanne,France,N/A,N/A,N/A,N/A,allovoisins,general,unknown,N/A,N/A,N/A,on-site,MEDIUM,No,"NLP Analysis: Ambiguous signals (remote: 0, onsite: 0)",N/A,listing_page,No,https://www.allovoisins.com/v/cours-de-couture
N/A,Recherche Réparation objets à Cergy,France,N/A,N/A,N/A,N/A,allovoisins,general,unknown,N/A,N/A,N/A,on-site,MEDIUM,No,"NLP Analysis: Ambiguous signals (remote: 0, onsite: 0)",N/A,listing_page,No,https://www.allovoisins.com/v/reparation-objets
N/A,Recherche Cours de couture à Villeurbanne,France,N/A,N/A,N/A,N/A,allovoisins,general,unknown,N/A,N/A,N/A,on-site,MEDIUM,No,"NLP Analysis: Ambiguous signals (remote: 0, onsite: 0)",N/A,listing_page,No,https://www.allovoisins.com/v/cours-de-couture
N/A,Acheter une plante d'extérieur / plan de légume - Dombasle-sur-Meurthe,France,N/A,20€,N/A,N/A,allovoisins,general,unknown,N/A,N/A,N/A,on-site,MEDIUM,No,"NLP Analysis: Ambiguous signals (remote: 0, onsite: 0)",Durée : 1 jour,detail_page,No,https://www.allovoisins.com/r/0/14/0/0/location-vente/Decoration-d-exterieur
N/A,Acheter une pièce auto / pièce moto - Petit-Fayt,France,N/A,20€,N/A,N/A,allovoisins,general,unknown,N/A,N/A,N/A,on-site,MEDIUM,No,"NLP Analysis: Ambiguous signals (remote: 0, onsite: 0)",N/A,listing_page,No,https://www.allovoisins.com/r/0/79/0/0/location-vente/Remorque-accessoires-auto
N/A,Acheter une pièce auto / pièce moto - Petit-Fayt,France,N/A,20€,N/A,N/A,allovoisins,general,unknown,N/A,N/A,N/A,on-site,MEDIUM,No,"NLP Analysis: Ambiguous signals (remote: 0, onsite: 0)",N/A,listing_page,No,https://www.allovoisins.com/r/0/79/0/0/location-vente/Remorque-accessoires-auto
N/A,Recherche Réparation objets à Bondy,France,N/A,N/A,N/A,N/A,allovoisins,general,unknown,N/A,N/A,N/A,on-site,MEDIUM,No,"NLP Analysis: Ambiguous signals (remote: 0, onsite: 0)",N/A,listing_page,No,https://www.allovoisins.com/v/reparation-objets
N/A,Recherche Réparation objets à Sceaux,France,N/A,N/A,N/A,N/A,allovoisins,general,unknown,N/A,N/A,N/A,on-site,MEDIUM,No,"NLP Analysis: Ambiguous signals (remote: 0, onsite: 0)",N/A,listing_page,No,https://www.allovoisins.com/v/reparation-objets
N/A,Acheter une plante d'extérieur / plan de légume - Dombasle-sur-Meurthe,France,N/A,20€,N/A,N/A,allovoisins,general,unknown,N/A,N/A,N/A,on-site,MEDIUM,No,"NLP Analysis: Ambiguous signals (remote: 0, onsite: 0)",Durée : 1 jour,detail_page,No,https://www.allovoisins.com/r/0/14/0/0/location-vente/Decoration-d-exterieur
N/A,Acheter une pièce auto / pièce moto - Petit-Fayt,France,N/A,20€,N/A,N/A,allovoisins,general,unknown,N/A,N/A,N/A,on-site,MEDIUM,No,"NLP Analysis: Ambiguous signals (remote: 0, onsite: 0)",N/A,listing_page,No,https://www.allovoisins.com/r/0/79/0/0/location-vente/Remorque-accessoires-auto
N/A,Acheter une plante d'extérieur / plan de légume - Dombasle-sur-Meurthe,France,N/A,20€,N/A,N/A,allovoisins,general,unknown,N/A,N/A,N/A,on-site,MEDIUM,No,"NLP Analysis: Ambiguous signals (remote: 0, onsite: 0)",Durée : 1 jour,detail_page,No,https://www.allovoisins.com/r/0/14/0/0/location-vente/Decoration-d-exterieur
N/A,Acheter une pièce auto / pièce moto - Petit-Fayt,France,N/A,20€,N/A,N/A,allovoisins,general,unknown,N/A,N/A,N/A,on-site,MEDIUM,No,"NLP Analysis: Ambiguous signals (remote: 0, onsite: 0)",N/A,listing_page,No,https://www.allovoisins.com/r/0/79/0/0/location-vente/Remorque-accessoires-auto
N/A,Acheter une pièce auto / pièce moto - Petit-Fayt,France,N/A,20€,N/A,N/A,allovoisins,general,unknown,N/A,N/A,N/A,on-site,MEDIUM,No,"NLP Analysis: Ambiguous signals (remote: 0, onsite: 0)",N/A,listing_page,No,https://www.allovoisins.com/r/0/79/0/0/location-vente/Remorque-accessoires-auto
N/A,Recherche Réparation objets à Bondy,France,N/A,N/A,N/A,N/A,allovoisins,general,unknown,N/A,N/A,N/A,on-site,MEDIUM,No,"NLP Analysis: Ambiguous signals (remote: 0, onsite: 0)",N/A,listing_page,No,https://www.allovoisins.com/v/reparation-objets
N/A,Recherche Réparation objets à Sceaux,France,N/A,N/A,N/A,N/A,allovoisins,general,unknown,N/A,N/A,N/A,on-site,MEDIUM,No,"NLP Analysis: Ambiguous signals (remote: 0, onsite: 0)",N/A,listing_page,No,https://www.allovoisins.com/v/reparation-objets
N/A,Acheter une plante d'extérieur / plan de légume - Dombasle-sur-Meurthe,France,N/A,20€,N/A,N/A,allovoisins,general,unknown,N/A,N/A,N/A,on-site,MEDIUM,No,"NLP Analysis: Ambiguous signals (remote: 0, onsite: 0)",Durée : 1 jour,detail_page,No,https://www.allovoisins.com/r/0/14/0/0/location-vente/Decoration-d-exterieur
N/A,Acheter une pièce auto / pièce moto - Petit-Fayt,France,N/A,20€,N/A,N/A,allovoisins,general,unknown,N/A,N/A,N/A,on-site,MEDIUM,No,"NLP Analysis: Ambiguous signals (remote: 0, onsite: 0)",N/A,listing_page,No,https://www.allovoisins.com/r/0/79/0/0/location-vente/Remorque-accessoires-auto
N/A,Recherche Réparation objets à Cergy,France,N/A,N/A,N/A,N/A,allovoisins,general,unknown,N/A,N/A,N/A,on-site,MEDIUM,No,"NLP Analysis: Ambiguous signals (remote: 0, onsite: 0)",N/A,listing_page,No,https://www.allovoisins.com/v/reparation-objets
N/A,Recherche Cours de couture à Villeurbanne,France,N/A,N/A,N/A,N/A,allovoisins,general,unknown,N/A,N/A,N/A,on-site,MEDIUM,No,"NLP Analysis: Ambiguous signals (remote: 0, onsite: 0)",N/A,listing_page,No,https://www.allovoisins.com/v/cours-de-couture
N/A,Acheter une plante d'extérieur / plan de légume - Dombasle-sur-Meurthe,France,N/A,20€,N/A,N/A,allovoisins,general,unknown,N/A,N/A,N/A,on-site,MEDIUM,No,"NLP Analysis: Ambiguous signals (remote: 0, onsite: 0)",Durée : 1 jour,detail_page,No,https://www.allovoisins.com/r/0/14/0/0/location-vente/Decoration-d-exterieur
N/A,Acheter une pièce auto / pièce moto - Petit-Fayt,France,N/A,20€,N/A,N/A,allovoisins,general,unknown,N/A,N/A,N/A,on-site,MEDIUM,No,"NLP Analysis: Ambiguous signals (remote: 0, onsite: 0)",N/A,listing_page,No,https://www.allovoisins.com/r/0/79/0/0/location-vente/Remorque-accessoires-auto
N/A,Acheter une pièce auto / pièce moto - Petit-Fayt,France,N/A,20€,N/A,N/A,allovoisins,general,unknown,N/A,N/A,N/A,on-site,MEDIUM,No,"NLP Analysis: Ambiguous signals (remote: 0, onsite: 0)",N/A,listing_page,No,https://www.allovoisins.com/r/0/79/0/0/location-vente/Remorque-accessoires-auto
N/A,Recherche Réparation objets à Bondy,France,N/A,N/A,N/A,N/A,allovoisins,general,unknown,N/A,N/A,N/A,on-site,MEDIUM,No,"NLP Analysis: Ambiguous signals (remote: 0, onsite: 0)",N/A,listing_page,No,https://www.allovoisins.com/v/reparation-objets
N/A,Recherche Réparation objets à Sceaux,France,N/A,N/A,N/A,N/A,allovoisins,general,unknown,N/A,N/A,N/A,on-site,MEDIUM,No,"NLP Analysis: Ambiguous signals (remote: 0, onsite: 0)",N/A,listing_page,No,https://www.allovoisins.com/v/reparation-objets
N/A,Acheter une plante d'extérieur / plan de légume - Dombasle-sur-Meurthe,France,N/A,20€,N/A,N/A,allovoisins,general,unknown,N/A,N/A,N/A,on-site,MEDIUM,No,"NLP Analysis: Ambiguous signals (remote: 0, onsite: 0)",Durée : 1 jour,detail_page,No,https://www.allovoisins.com/r/0/14/0/0/location-vente/Decoration-d-exterieur
N/A,Acheter une pièce auto / pièce moto - Petit-Fayt,France,N/A,20€,N/A,N/A,allovoisins,general,unknown,N/A,N/A,N/A,on-site,MEDIUM,No,"NLP Analysis: Ambiguous signals (remote: 0, onsite: 0)",N/A,listing_page,No,https://www.allovoisins.com/r/0/79/0/0/location-vente/Remorque-accessoires-auto
N/A,Acheter une pièce auto / pièce moto - Petit-Fayt,France,N/A,20€,N/A,N/A,allovoisins,general,unknown,N/A,N/A,N/A,on-site,MEDIUM,No,"NLP Analysis: Ambiguous signals (remote: 0, onsite: 0)",N/A,listing_page,No,https://www.allovoisins.com/r/0/79/0/0/location-vente/Remorque-accessoires-auto
N/A,Recherche Réparation objets à Bondy,France,N/A,N/A,N/A,N/A,allovoisins,general,unknown,N/A,N/A,N/A,on-site,MEDIUM,No,"NLP Analysis: Ambiguous signals (remote: 0, onsite: 0)",N/A,listing_page,No,https://www.allovoisins.com/v/reparation-objets
N/A,Recherche Réparation objets à Sceaux,France,N/A,N/A,N/A,N/A,allovoisins,general,unknown,N/A,N/A,N/A,on-site,MEDIUM,No,"NLP Analysis: Ambiguous signals (remote: 0, onsite: 0)",N/A,listing_page,No,https://www.allovoisins.com/v/reparation-objets
N/A,Acheter une plante d'extérieur / plan de légume - Dombasle-sur-Meurthe,France,N/A,20€,N/A,N/A,allovoisins,general,unknown,N/A,N/A,N/A,on-site,MEDIUM,No,"NLP Analysis: Ambiguous signals (remote: 0, onsite: 0)",Durée : 1 jour,detail_page,No,https://www.allovoisins.com/r/0/14/0/0/location-vente/Decoration-d-exterieur
N/A,Acheter une pièce auto / pièce moto - Petit-Fayt,France,N/A,20€,N/A,N/A,allovoisins,general,unknown,N/A,N/A,N/A,on-site,MEDIUM,No,"NLP Analysis: Ambiguous signals (remote: 0, onsite: 0)",N/A,listing_page,No,https://www.allovoisins.com/r/0/79/0/0/location-vente/Remorque-accessoires-auto
N/A,Recherche Réparation objets à Cergy,France,N/A,N/A,N/A,N/A,allovoisins,general,unknown,N/A,N/A,N/A,on-site,MEDIUM,No,"NLP Analysis: Ambiguous signals (remote: 0, onsite: 0)",N/A,listing_page,No,https://www.allovoisins.com/v/reparation-objets
N/A,Recherche Cours de couture à Villeurbanne,France,N/A,N/A,N/A,N/A,allovoisins,general,unknown,N/A,N/A,N/A,on-site,MEDIUM,No,"NLP Analysis: Ambiguous signals (remote: 0, onsite: 0)",N/A,listing_page,No,https://www.allovoisins.com/v/cours-de-couture
N/A,Acheter une plante d'extérieur / plan de légume - Dombasle-sur-Meurthe,France,N/A,20€,N/A,N/A,allovoisins,general,unknown,N/A,N/A,N/A,on-site,MEDIUM,No,"NLP Analysis: Ambiguous signals (remote: 0, onsite: 0)",Durée : 1 jour,detail_page,No,https://www.allovoisins.com/r/0/14/0/0/location-vente/Decoration-d-exterieur
N/A,Acheter une pièce auto / pièce moto - Petit-Fayt,France,N/A,20€,N/A,N/A,allovoisins,general,unknown,N/A,N/A,N/A,on-site,MEDIUM,No,"NLP Analysis: Ambiguous signals (remote: 0, onsite: 0)",N/A,listing_page,No,https://www.allovoisins.com/r/0/79/0/0/location-vente/Remorque-accessoires-auto
N/A,Recherche Réparation objets à Cergy,France,N/A,N/A,N/A,N/A,allovoisins,general,unknown,N/A,N/A,N/A,on-site,MEDIUM,No,"NLP Analysis: Ambiguous signals (remote: 0, onsite: 0)",N/A,listing_page,No,https://www.allovoisins.com/v/reparation-objets
N/A,Recherche Cours de couture à Villeurbanne,France,N/A,N/A,N/A,N/A,allovoisins,general,unknown,N/A,N/A,N/A,on-site,MEDIUM,No,"NLP Analysis: Ambiguous signals (remote: 0, onsite: 0)",N/A,listing_page,No,https://www.allovoisins.com/v/cours-de-couture
N/A,Recherche Réparation objets à Cergy,France,N/A,N/A,N/A,N/A,allovoisins,general,unknown,N/A,N/A,N/A,on-site,MEDIUM,No,"NLP Analysis: Ambiguous signals (remote: 0, onsite: 0)",N/A,listing_page,No,https://www.allovoisins.com/v/reparation-objets
N/A,Recherche Cours de couture à Villeurbanne,France,N/A,N/A,N/A,N/A,allovoisins,general,unknown,N/A,N/A,N/A,on-site,MEDIUM,No,"NLP Analysis: Ambiguous signals (remote: 0, onsite: 0)",N/A,listing_page,No,https://www.allovoisins.com/v/cours-de-couture
N/A,Recherche Réparation objets à Cergy,France,N/A,N/A,N/A,N/A,allovoisins,general,unknown,N/A,N/A,N/A,on-site,MEDIUM,No,"NLP Analysis: Ambiguous signals (remote: 0, onsite: 0)",N/A,listing_page,No,https://www.allovoisins.com/v/reparation-objets
N/A,Recherche Cours de couture à Villeurbanne,France,N/A,N/A,N/A,N/A,allovoisins,general,unknown,N/A,N/A,N/A,on-site,MEDIUM,No,"NLP Analysis: Ambiguous signals (remote: 0, onsite: 0)",N/A,listing_page,No,https://www.allovoisins.com/v/cours-de-couture
N/A,Acheter une pièce auto / pièce moto - Petit-Fayt,France,N/A,20€,N/A,N/A,allovoisins,general,unknown,N/A,N/A,N/A,on-site,MEDIUM,No,"NLP Analysis: Ambiguous signals (remote: 0, onsite: 0)",N/A,listing_page,No,https://www.allovoisins.com/r/0/79/0/0/location-vente/Remorque-accessoires-auto
N/A,Recherche Réparation objets à Bondy,France,N/A,N/A,N/A,N/A,allovoisins,general,unknown,N/A,N/A,N/A,on-site,MEDIUM,No,"NLP Analysis: Ambiguous signals (remote: 0, onsite: 0)",N/A,listing_page,No,https://www.allovoisins.com/v/reparation-objets
N/A,Recherche Réparation objets à Sceaux,France,N/A,N/A,N/A,N/A,allovoisins,general,unknown,N/A,N/A,N/A,on-site,MEDIUM,No,"NLP Analysis: Ambiguous signals (remote: 0, onsite: 0)",N/A,listing_page,No,https://www.allovoisins.com/v/reparation-objets
N/A,Acheter une pièce auto / pièce moto - Petit-Fayt,France,N/A,20€,N/A,N/A,allovoisins,general,unknown,N/A,N/A,N/A,on-site,MEDIUM,No,"NLP Analysis: Ambiguous signals (remote: 0, onsite: 0)",N/A,listing_page,No,https://www.allovoisins.com/r/0/79/0/0/location-vente/Remorque-accessoires-auto
N/A,Recherche Réparation objets à Bondy,France,N/A,N/A,N/A,N/A,allovoisins,general,unknown,N/A,N/A,N/A,on-site,MEDIUM,No,"NLP Analysis: Ambiguous signals (remote: 0, onsite: 0)",N/A,listing_page,No,https://www.allovoisins.com/v/reparation-objets
N/A,Recherche Réparation objets à Sceaux,France,N/A,N/A,N/A,N/A,allovoisins,general,unknown,N/A,N/A,N/A,on-site,MEDIUM,No,"NLP Analysis: Ambiguous signals (remote: 0, onsite: 0)",N/A,listing_page,No,https://www.allovoisins.com/v/reparation-objets
N/A,Acheter une pièce auto / pièce moto - Petit-Fayt,France,N/A,20€,N/A,N/A,allovoisins,general,unknown,N/A,N/A,N/A,on-site,MEDIUM,No,"NLP Analysis: Ambiguous signals (remote: 0, onsite: 0)",N/A,listing_page,No,https://www.allovoisins.com/r/0/79/0/0/location-vente/Remorque-accessoires-auto
N/A,Recherche Réparation objets à Bondy,France,N/A,N/A,N/A,N/A,allovoisins,general,unknown,N/A,N/A,N/A,on-site,MEDIUM,No,"NLP Analysis: Ambiguous signals (remote: 0, onsite: 0)",N/A,listing_page,No,https://www.allovoisins.com/v/reparation-objets
N/A,Recherche Réparation objets à Sceaux,France,N/A,N/A,N/A,N/A,allovoisins,general,unknown,N/A,N/A,N/A,on-site,MEDIUM,No,"NLP Analysis: Ambiguous signals (remote: 0, onsite: 0)",N/A,listing_page,No,https://www.allovoisins.com/v/reparation-objets
N/A,Recherche Réparation objets à Cergy,France,N/A,N/A,N/A,N/A,allovoisins,general,unknown,N/A,N/A,N/A,on-site,MEDIUM,No,"NLP Analysis: Ambiguous signals (remote: 0, onsite: 0)",N/A,listing_page,No,https://www.allovoisins.com/v/reparation-objets
N/A,Recherche Cours de couture à Villeurbanne,France,N/A,N/A,N/A,N/A,allovoisins,general,unknown,N/A,N/A,N/A,on-site,MEDIUM,No,"NLP Analysis: Ambiguous signals (remote: 0, onsite: 0)",N/A,listing_page,No,https://www.allovoisins.com/v/cours-de-couture
N/A,Recherche Réparation objets à Cergy,France,N/A,N/A,N/A,N/A,allovoisins,general,unknown,N/A,N/A,N/A,on-site,MEDIUM,No,"NLP Analysis: Ambiguous signals (remote: 0, onsite: 0)",N/A,listing_page,No,https://www.allovoisins.com/v/reparation-objets
N/A,Recherche Cours de couture à Villeurbanne,France,N/A,N/A,N/A,N/A,allovoisins,general,unknown,N/A,N/A,N/A,on-site,MEDIUM,No,"NLP Analysis: Ambiguous signals (remote: 0, onsite: 0)",N/A,listing_page,No,https://www.allovoisins.com/v/cours-de-couture
N/A,Acheter une pièce auto / pièce moto - Petit-Fayt,France,N/A,20€,N/A,N/A,allovoisins,general,unknown,N/A,N/A,N/A,on-site,MEDIUM,No,"NLP Analysis: Ambiguous signals (remote: 0, onsite: 0)",N/A,listing_page,No,https://www.allovoisins.com/r/0/79/0/0/location-vente/Remorque-accessoires-auto
N/A,Recherche Réparation objets à Bondy,France,N/A,N/A,N/A,N/A,allovoisins,general,unknown,N/A,N/A,N/A,on-site,MEDIUM,No,"NLP Analysis: Ambiguous signals (remote: 0, onsite: 0)",N/A,listing_page,No,https://www.allovoisins.com/v/reparation-objets
N/A,Recherche Réparation objets à Sceaux,France,N/A,N/A,N/A,N/A,allovoisins,general,unknown,N/A,N/A,N/A,on-site,MEDIUM,No,"NLP Analysis: Ambiguous signals (remote: 0, onsite: 0)",N/A,listing_page,No,https://www.allovoisins.com/v/reparation-objets
N/A,Recherche Réparation objets à Cergy,France,N/A,N/A,N/A,N/A,allovoisins,general,unknown,N/A,N/A,N/A,on-site,MEDIUM,No,"NLP Analysis: Ambiguous signals (remote: 0, onsite: 0)",N/A,listing_page,No,https://www.allovoisins.com/v/reparation-objets
N/A,Recherche Cours de couture à Villeurbanne,France,N/A,N/A,N/A,N/A,allovoisins,general,unknown,N/A,N/A,N/A,on-site,MEDIUM,No,"NLP Analysis: Ambiguous signals (remote: 0, onsite: 0)",N/A,listing_page,No,https://www.allovoisins.com/v/cours-de-couture
N/A,Acheter une plante d'extérieur / plan de légume - Dombasle-sur-Meurthe,France,N/A,20€,N/A,N/A,allovoisins,general,unknown,N/A,N/A,N/A,on-site,MEDIUM,No,"NLP Analysis: Ambiguous signals (remote: 0, onsite: 0)",Durée : 1 jour,detail_page,No,https://www.allovoisins.com/r/0/14/0/0/location-vente/Decoration-d-exterieur
N/A,Acheter une pièce auto / pièce moto - Petit-Fayt,France,N/A,20€,N/A,N/A,allovoisins,general,unknown,N/A,N/A,N/A,on-site,MEDIUM,No,"NLP Analysis: Ambiguous signals (remote: 0, onsite: 0)",N/A,listing_page,No,https://www.allovoisins.com/r/0/79/0/0/location-vente/Remorque-accessoires-auto
N/A,Recherche Réparation objets à Cergy,France,N/A,N/A,N/A,N/A,allovoisins,general,unknown,N/A,N/A,N/A,on-site,MEDIUM,No,"NLP Analysis: Ambiguous signals (remote: 0, onsite: 0)",N/A,listing_page,No,https://www.allovoisins.com/v/reparation-objets
N/A,Recherche Cours de couture à Villeurbanne,France,N/A,N/A,N/A,N/A,allovoisins,general,unknown,N/A,N/A,N/A,on-site,MEDIUM,No,"NLP Analysis: Ambiguous signals (remote: 0, onsite: 0)",N/A,listing_page,No,https://www.allovoisins.com/v/cours-de-couture
N/A,Recherche Réparation objets à Cergy,France,N/A,N/A,N/A,N/A,allovoisins,general,unknown,N/A,N/A,N/A,on-site,MEDIUM,No,"NLP Analysis: Ambiguous signals (remote: 0, onsite: 0)",N/A,listing_page,No,https://www.allovoisins.com/v/reparation-objets
N/A,Recherche Cours de couture à Villeurbanne,France,N/A,N/A,N/A,N/A,allovoisins,general,unknown,N/A,N/A,N/A,on-site,MEDIUM,No,"NLP Analysis: Ambiguous signals (remote: 0, onsite: 0)",N/A,listing_page,No,https://www.allovoisins.com/v/cours-de-couture
N/A,Recherche Réparation objets à Cergy,France,N/A,N/A,N/A,N/A,allovoisins,general,unknown,N/A,N/A,N/A,on-site,MEDIUM,No,"NLP Analysis: Ambiguous signals (remote: 0, onsite: 0)",N/A,listing_page,No,https://www.allovoisins.com/v/reparation-objets
N/A,Recherche Cours de couture à Villeurbanne,France,N/A,N/A,N/A,N/A,allovoisins,general,unknown,N/A,N/A,N/A,on-site,MEDIUM,No,"NLP Analysis: Ambiguous signals (remote: 0, onsite: 0)",N/A,listing_page,No,https://www.allovoisins.com/v/cours-de-couture
N/A,Recherche Réparation objets à Cergy,France,N/A,N/A,N/A,N/A,allovoisins,general,unknown,N/A,N/A,N/A,on-site,MEDIUM,No,"NLP Analysis: Ambiguous signals (remote: 0, onsite: 0)",N/A,listing_page,No,https://www.allovoisins.com/v/reparation-objets
N/A,Recherche Cours de couture à Villeurbanne,France,N/A,N/A,N/A,N/A,allovoisins,general,unknown,N/A,N/A,N/A,on-site,MEDIUM,No,"NLP Analysis: Ambiguous signals (remote: 0, onsite: 0)",N/A,listing_page,No,https://www.allovoisins.com/v/cours-de-couture
N/A,Recherche Réparation objets à Cergy,France,N/A,N/A,N/A,N/A,allovoisins,general,unknown,N/A,N/A,N/A,on-site,MEDIUM,No,"NLP Analysis: Ambiguous signals (remote: 0, onsite: 0)",N/A,listing_page,No,https://www.allovoisins.com/v/reparation-objets
N/A,Recherche Cours de couture à Villeurbanne,France,N/A,N/A,N/A,N/A,allovoisins,general,unknown,N/A,N/A,N/A,on-site,MEDIUM,No,"NLP Analysis: Ambiguous signals (remote: 0, onsite: 0)",N/A,listing_page,No,https://www.allovoisins.com/v/cours-de-couture
N/A,Acheter une pièce auto / pièce moto - Petit-Fayt,France,N/A,20€,N/A,N/A,allovoisins,general,unknown,N/A,N/A,N/A,on-site,MEDIUM,No,"NLP Analysis: Ambiguous signals (remote: 0, onsite: 0)",N/A,listing_page,No,https://www.allovoisins.com/r/0/79/0/0/location-vente/Remorque-accessoires-auto
N/A,Recherche Réparation objets à Bondy,France,N/A,N/A,N/A,N/A,allovoisins,general,unknown,N/A,N/A,N/A,on-site,MEDIUM,No,"NLP Analysis: Ambiguous signals (remote: 0, onsite: 0)",N/A,listing_page,No,https://www.allovoisins.com/v/reparation-objets
N/A,Recherche Réparation objets à Sceaux,France,N/A,N/A,N/A,N/A,allovoisins,general,unknown,N/A,N/A,N/A,on-site,MEDIUM,No,"NLP Analysis: Ambiguous signals (remote: 0, onsite: 0)",N/A,listing_page,No,https://www.allovoisins.com/v/reparation-objets
N/A,Recherche Réparation objets à Cergy,France,N/A,N/A,N/A,N/A,allovoisins,general,unknown,N/A,N/A,N/A,on-site,MEDIUM,No,"NLP Analysis: Ambiguous signals (remote: 0, onsite: 0)",N/A,listing_page,No,https://www.allovoisins.com/v/reparation-objets
N/A,Recherche Cours de couture à Villeurbanne,France,N/A,N/A,N/A,N/A,allovoisins,general,unknown,N/A,N/A,N/A,on-site,MEDIUM,No,"NLP Analysis: Ambiguous signals (remote: 0, onsite: 0)",N/A,listing_page,No,https://www.allovoisins.com/v/cours-de-couture
N/A,Acheter une plante d'extérieur / plan de légume - Dombasle-sur-Meurthe,France,N/A,20€,N/A,N/A,allovoisins,general,unknown,N/A,N/A,N/A,on-site,MEDIUM,No,"NLP Analysis: Ambiguous signals (remote: 0, onsite: 0)",Durée : 1 jour,detail_page,No,https://www.allovoisins.com/r/0/14/0/0/location-vente/Decoration-d-exterieur
N/A,Acheter une pièce auto / pièce moto - Petit-Fayt,France,N/A,20€,N/A,N/A,allovoisins,general,unknown,N/A,N/A,N/A,on-site,MEDIUM,No,"NLP Analysis: Ambiguous signals (remote: 0, onsite: 0)",N/A,listing_page,No,https://www.allovoisins.com/r/0/79/0/0/location-vente/Remorque-accessoires-auto
N/A,Acheter une pièce auto / pièce moto - Petit-Fayt,France,N/A,20€,N/A,N/A,allovoisins,general,unknown,N/A,N/A,N/A,on-site,MEDIUM,No,"NLP Analysis: Ambiguous signals (remote: 0, onsite: 0)",N/A,listing_page,No,https://www.allovoisins.com/r/0/79/0/0/location-vente/Remorque-accessoires-auto
N/A,Recherche Réparation objets à Bondy,France,N/A,N/A,N/A,N/A,allovoisins,general,unknown,N/A,N/A,N/A,on-site,MEDIUM,No,"NLP Analysis: Ambiguous signals (remote: 0, onsite: 0)",N/A,listing_page,No,https://www.allovoisins.com/v/reparation-objets
N/A,Recherche Réparation objets à Sceaux,France,N/A,N/A,N/A,N/A,allovoisins,general,unknown,N/A,N/A,N/A,on-site,MEDIUM,No,"NLP Analysis: Ambiguous signals (remote: 0, onsite: 0)",N/A,listing_page,No,https://www.allovoisins.com/v/reparation-objets
N/A,Recherche Réparation objets à Cergy,France,N/A,N/A,N/A,N/A,allovoisins,general,unknown,N/A,N/A,N/A,on-site,MEDIUM,No,"NLP Analysis: Ambiguous signals (remote: 0, onsite: 0)",N/A,listing_page,No,https://www.allovoisins.com/v/reparation-objets
N/A,Recherche Cours de couture à Villeurbanne,France,N/A,N/A,N/A,N/A,allovoisins,general,unknown,N/A,N/A,N/A,on-site,MEDIUM,No,"NLP Analysis: Ambiguous signals (remote: 0, onsite: 0)",N/A,listing_page,No,https://www.allovoisins.com/v/cours-de-couture
N/A,Acheter une plante d'extérieur / plan de légume - Dombasle-sur-Meurthe,France,N/A,20€,N/A,N/A,allovoisins,general,unknown,N/A,N/A,N/A,on-site,MEDIUM,No,"NLP Analysis: Ambiguous signals (remote: 0, onsite: 0)",Durée : 1 jour,detail_page,No,https://www.allovoisins.com/r/0/14/0/0/location-vente/Decoration-d-exterieur
N/A,Acheter une pièce auto / pièce moto - Petit-Fayt,France,N/A,20€,N/A,N/A,allovoisins,general,unknown,N/A,N/A,N/A,on-site,MEDIUM,No,"NLP Analysis: Ambiguous signals (remote: 0, onsite: 0)",N/A,listing_page,No,https://www.allovoisins.com/r/0/79/0/0/location-vente/Remorque-accessoires-auto
N/A,Recherche Réparation objets à Cergy,France,N/A,N/A,N/A,N/A,allovoisins,general,unknown,N/A,N/A,N/A,on-site,MEDIUM,No,"NLP Analysis: Ambiguous signals (remote: 0, onsite: 0)",N/A,listing_page,No,https://www.allovoisins.com/v/reparation-objets
N/A,Recherche Cours de couture à Villeurbanne,France,N/A,N/A,N/A,N/A,allovoisins,general,unknown,N/A,N/A,N/A,on-site,MEDIUM,No,"NLP Analysis: Ambiguous signals (remote: 0, onsite: 0)",N/A,listing_page,No,https://www.allovoisins.com/v/cours-de-couture
N/A,Acheter une pièce auto / pièce moto - Petit-Fayt,France,N/A,20€,N/A,N/A,allovoisins,general,unknown,N/A,N/A,N/A,on-site,MEDIUM,No,"NLP Analysis: Ambiguous signals (remote: 0, onsite: 0)",N/A,listing_page,No,https://www.allovoisins.com/r/0/79/0/0/location-vente/Remorque-accessoires-auto
N/A,Recherche Réparation objets à Bondy,France,N/A,N/A,N/A,N/A,allovoisins,general,unknown,N/A,N/A,N/A,on-site,MEDIUM,No,"NLP Analysis: Ambiguous signals (remote: 0, onsite: 0)",N/A,listing_page,No,https://www.allovoisins.com/v/reparation-objets
N/A,Recherche développeur application mobile,France,N/A,N/A,N/A,N/A,codeur,general,employer,N/A,N/A,N/A,on-site,MEDIUM,No,"NLP Analysis: Ambiguous signals (remote: 0, onsite: 0)",21 freelances ont répondu à ce projet 21 propositions de devis en moins de 2h Montant moyen des devis proposés : 1 600 € Estimation du délai : 9 jours,detail_page,No,https://www.codeur.com/projects/482631-recherche-developpeur-application-mobile
N/A,Développeur Shopify front-end pour ajustements design,France,N/A,N/A,N/A,N/A,codeur,general,unknown,N/A,N/A,N/A,remote,MEDIUM,Yes,NLP Analysis: Strong remote indicators (score: 2 vs 0),38 freelances ont répondu à ce projet 33 propositions de devis en moins de 2h Montant moyen des devis proposés : 300 € Estimation du délai : 3 jours,detail_page,No,https://www.codeur.com/projects/482494-developpeur-shopify-front-end-pour-ajustements-design
N/A,Générique de 25sec pour une chaine youtube,France,N/A,N/A,N/A,N/A,codeur,general,unknown,N/A,N/A,N/A,on-site,MEDIUM,No,"NLP Analysis: Ambiguous signals (remote: 0, onsite: 0)",3 freelances ont répondu à ce projet 1 proposition de devis en moins de 2h,detail_page,No,https://www.codeur.com/projects/482391-generique-de-25sec-pour-une-chaine-youtube
N/A,Recherche expert WordPress Elementor – Création header & footer,France,N/A,N/A,N/A,N/A,codeur,general,unknown,N/A,N/A,N/A,on-site,MEDIUM,No,"NLP Analysis: Ambiguous signals (remote: 0, onsite: 0)",48 freelances ont répondu à ce projet 28 propositions de devis en moins de 2h Montant moyen des devis proposés : 250 € Estimation du délai : 3 jours,detail_page,No,https://www.codeur.com/projects/482247-recherche-expert-wordpress-elementor-creation-header-footer
N/A,Recherche développeur freelance Next.js / Node.js pour logiciel Saas,France,N/A,N/A,N/A,N/A,codeur,general,employer,N/A,N/A,N/A,remote,MEDIUM,Yes,NLP Analysis: Strong remote indicators (score: 2 vs 0),61 freelances ont répondu à ce projet 61 propositions de devis en moins de 2h Montant moyen des devis proposés : 1 150 € Estimation du délai : 7 jours,detail_page,No,https://www.codeur.com/projects/482101-recherche-developpeur-freelance-next-js-node-js-pour-logiciel-saas
N/A,Site e commerce,France,N/A,N/A,N/A,N/A,codeur,general,unknown,N/A,N/A,N/A,on-site,MEDIUM,No,"NLP Analysis: Ambiguous signals (remote: 0, onsite: 0)",39 freelances ont répondu à ce projet 33 propositions de devis en moins de 2h Montant moyen des devis proposés : 600 € Estimation du délai : 7 jours,detail_page,No,https://www.codeur.com/projects/481947-site-e-commerce
N/A,Developpeur Senior Fullstack,France,N/A,N/A,N/A,N/A,codeur,general,unknown,N/A,N/A,N/A,on-site,MEDIUM,No,"NLP Analysis: Ambiguous signals (remote: 0, onsite: 0)",48 freelances ont répondu à ce projet 22 propositions de devis en moins de 2h Montant moyen des devis proposés : 3 450 € Estimation du délai : 13 jours,detail_page,No,https://www.codeur.com/projects/478611-developpeur-senior-fullstack
N/A,Appels sortants & qualification prospects pour plateforme SaaS,France,N/A,N/A,N/A,N/A,codeur,general,unknown,N/A,N/A,N/A,on-site,MEDIUM,No,"NLP Analysis: Ambiguous signals (remote: 0, onsite: 0)",6 freelances ont répondu à ce projet 6 propositions de devis en moins de 2h Montant moyen des devis proposés : 350 € Estimation du délai : 11 jours,detail_page,No,https://www.codeur.com/projects/481669-appels-sortants-qualification-prospects-pour-plateforme-saas
N/A,Community manager & montage vidéo pour collaboration long terme,France,N/A,N/A,N/A,N/A,codeur,general,unknown,N/A,N/A,N/A,on-site,MEDIUM,No,"NLP Analysis: Ambiguous signals (remote: 0, onsite: 0)",20 freelances ont répondu à ce projet 10 propositions de devis en moins de 2h Montant moyen des devis proposés : 500 € Estimation du délai : 13 jours,detail_page,No,https://www.codeur.com/projects/481444-community-manager-montage-video-pour-collaboration-long-terme
N/A,Expert Comtable,France,N/A,N/A,N/A,N/A,codeur,general,unknown,N/A,N/A,N/A,on-site,MEDIUM,No,"NLP Analysis: Ambiguous signals (remote: 0, onsite: 0)",4 freelances ont répondu à ce projet 2 propositions de devis en moins de 2h,detail_page,No,https://www.codeur.com/projects/481274-expert-comtable
N/A,Amélioration d'une application HTML,France,N/A,N/A,N/A,N/A,codeur,general,unknown,N/A,N/A,N/A,on-site,MEDIUM,No,"NLP Analysis: Ambiguous signals (remote: 0, onsite: 0)",26 freelances ont répondu à ce projet 20 propositions de devis en moins de 2h Montant moyen des devis proposés : 550 € Estimation du délai : 7 jours,detail_page,No,https://www.codeur.com/projects/481081-amelioration-d-une-application-html
N/A,"Applications, saas",France,N/A,N/A,N/A,N/A,codeur,general,unknown,N/A,N/A,N/A,on-site,MEDIUM,No,"NLP Analysis: Ambiguous signals (remote: 0, onsite: 0)",30 freelances ont répondu à ce projet 21 propositions de devis en moins de 2h Montant moyen des devis proposés : 700 € Estimation du délai : 5 jours,detail_page,No,https://www.codeur.com/projects/480831-applications-saas
N/A,Création vidéo courte pour les réseaux sociaux,France,N/A,N/A,N/A,N/A,codeur,general,unknown,N/A,N/A,N/A,on-site,MEDIUM,No,"NLP Analysis: Ambiguous signals (remote: 0, onsite: 0)",21 freelances ont répondu à ce projet 18 propositions de devis en moins de 2h Montant moyen des devis proposés : 500 € Estimation du délai : 8 jours,detail_page,No,https://www.codeur.com/projects/480713-creation-video-courte-pour-les-reseaux-sociaux
N/A,Application mobile,France,N/A,N/A,N/A,N/A,codeur,general,unknown,N/A,N/A,N/A,on-site,MEDIUM,No,"NLP Analysis: Ambiguous signals (remote: 0, onsite: 0)",52 freelances ont répondu à ce projet 34 propositions de devis en moins de 2h Montant moyen des devis proposés : 750 € Estimation du délai : 7 jours,detail_page,No,https://www.codeur.com/projects/475029-application-mobile
N/A,App/web contrôle automat utilise ESP32 OU RASBERRY,France,N/A,N/A,N/A,N/A,codeur,general,unknown,N/A,N/A,N/A,remote,MEDIUM,Yes,NLP Analysis: Strong remote indicators (score: 5 vs 0),8 freelances ont répondu à ce projet 6 propositions de devis en moins de 2h,detail_page,No,https://www.codeur.com/projects/460890-app-web-controle-automat-utilise-esp32-ou-rasberry
N/A,"Consultant (m/w/d) Datenschutz & Informationssicherheit (Teilzeit, Remote)",Augsburg,N/A,N/A,N/A,N/A,arbeitnow,general,employer,N/A,N/A,N/A,remote,HIGH,Yes,Pre-classified by arbeitnow scraper,"DSEV ist ein innovatives Beratungsunternehmen mit Fokus auf Datenschutz, Informationssicherheit und Compliance. Wir unterstützen unsere Kunden bei der Umsetzung gesetzlicher Anforderungen sowie beim A...",listing_page,No,https://www.arbeitnow.com/jobs/companies/dsev-consulting-akademie-gmbh/consultant-datenschutz-informationssicherheit-teilzeit-remote-augsburg-175849
N/A,Dynamics 365 Consultant & Engineer (m/w/d) mit Karriereambitionen!,Markt Indersdorf,N/A,N/A,N/A,N/A,arbeitnow,general,employer,N/A,N/A,N/A,remote,HIGH,Yes,Pre-classified by arbeitnow scraper,"Wir sind ein schnell wachsendes IT-Unternehmen (ca. 50 MA) und suchen Verstärkung, um anspruchsvolle Projekte im Bereich Microsoft Dynamics 365 bei unseren Kunden umzusetzen und aktiv mitzugestalten. ...",listing_page,No,https://www.arbeitnow.com/jobs/companies/auralis-group/dynamics-365-consultant-engineer-mit-karriereambitionen-markt-indersdorf-368597
N/A,Java Softwareentwickler:in mit Karriereambitionen - jetzt mit uns voll durchstarten!,Markt Indersdorf,N/A,N/A,N/A,N/A,arbeitnow,general,employer,N/A,N/A,N/A,remote,HIGH,Yes,Pre-classified by arbeitnow scraper,"Wir sind ein fast zwei Jahre altes IT Unternehmen, aktuell 50 MA, und suchen nun weiterhin Verstärkung, um Java-Projekte bei unseren Kunden durchzuführen. Aufgaben Du willst: Deine Arbeitszeiten selbs...",listing_page,No,https://www.arbeitnow.com/jobs/companies/auralis-group/java-softwareentwicklerin-mit-karriereambitionen-jetzt-mit-uns-voll-durchstarten-markt-indersdorf-331168
N/A,Software Testautomatisierer (m/w/d) mit Karriereambitionen,Markt Indersdorf,N/A,N/A,N/A,N/A,arbeitnow,general,employer,N/A,N/A,N/A,remote,HIGH,Yes,Pre-classified by arbeitnow scraper,"Wir sind ein fast zwei Jahre altes IT-Unternehmen mit aktuell 70 MA und wachsen weiter 🚀 Dafür suchen wir Verstärkung im Bereich Software Testing & Testautomatisierung, um spannende Projekte bei unser...",listing_page,No,https://www.arbeitnow.com/jobs/companies/auralis-group/software-testautomatisierer-mit-karriereambitionen-markt-indersdorf-8546
N/A,SAP EWM Berater,Frankfurt am Main,N/A,N/A,N/A,N/A,arbeitnow,general,employer,N/A,N/A,N/A,remote,HIGH,Yes,Pre-classified by arbeitnow scraper,"SAP EWM Entwickler (m/w/d) 📍 Deutschlandweit | Remote! | 💰 bis zu 90.000 € Du bist im SAP EWM Umfeld zuhause und möchtest an spannenden Projekten arbeiten, bei denen du wirklich etwas bewegen kannst? ...",listing_page,No,https://www.arbeitnow.com/jobs/companies/pertemps-erp/sap-ewm-berater-frankfurt-am-main-306747
N/A,Sap Finance Control Consultant,Frankfurt am Main,N/A,N/A,N/A,N/A,arbeitnow,general,employer,N/A,N/A,N/A,remote,HIGH,Yes,Pre-classified by arbeitnow scraper,Wir haben die nächste Möglichkeit für Sie als SAP FICO Consultant zur Verfügung! Wie stehen Sie zu neuen Herausforderungen als SAP FICO Consultant? Haben Sie Interesse an (inter)nationalen Projekten z...,listing_page,No,https://www.arbeitnow.com/jobs/companies/pertemps-erp/sap-finance-control-consultant-frankfurt-am-main-447309
N/A,M&A Research Analyst,Berlin,N/A,N/A,N/A,N/A,arbeitnow,general,employer,N/A,N/A,N/A,remote,HIGH,Yes,Pre-classified by arbeitnow scraper,EquiMatch is a Berlin-based AI-assisted deal target generation platform serving private equity firms. We turn high-level investment criteria into curated longlists of acquisition targets — combining s...,listing_page,No,https://www.arbeitnow.com/jobs/companies/equimatch-gmbh/ma-research-analyst-berlin-498635
N/A,DevOps Softwareentwickler:in mit Karriereambitionen - jetzt mit uns voll durchstarten!,Markt Indersdorf,N/A,N/A,N/A,N/A,arbeitnow,general,employer,N/A,N/A,N/A,remote,HIGH,Yes,Pre-classified by arbeitnow scraper,"Wir sind ein fast zwei Jahre altes IT Unternehmen, aktuell 50 MA, und suchen nun weiterhin Verstärkung, um Cloud-Projekte bei unseren Kunden durchzuführen. Aufgaben Du willst: Deine Arbeitszeiten selb...",listing_page,No,https://www.arbeitnow.com/jobs/companies/auralis-group/devops-softwareentwicklerin-mit-karriereambitionen-jetzt-mit-uns-voll-durchstarten-markt-indersdorf-74834
N/A,Head of Influencer Marketing (m/f/d),Frankfurt am Main,N/A,N/A,N/A,N/A,arbeitnow,general,employer,N/A,N/A,N/A,remote,HIGH,Yes,Pre-classified by arbeitnow scraper,"Our mission at HEY HOLY: Taking dog health to the next level through nutrition. Instead of one-size-fits-all, we focus on breed-specific, functional food – developed with veterinarians and with the go...",listing_page,No,https://www.arbeitnow.com/jobs/companies/hey-holy-gmbh/head-of-influencer-marketing-frankfurt-am-main-231749
N/A,Snr. Business Development Manager - Mobile Performance Ads,Berlin,N/A,N/A,N/A,N/A,arbeitnow,general,employer,N/A,N/A,N/A,remote,HIGH,Yes,Pre-classified by arbeitnow scraper,"REPLUG is an award-winning mobile growth agency working with mobile-first brands to design and execute tailor-made strategies via App Store Optimization, Paid Acquisition, Creative Strategies, and Gro...",listing_page,No,https://www.arbeitnow.com/jobs/companies/replug/snr-business-development-manager-mobile-performance-ads-berlin-137330
N/A,Marketing Manager,Berlin,N/A,N/A,N/A,N/A,arbeitnow,general,employer,N/A,N/A,N/A,remote,HIGH,Yes,Pre-classified by arbeitnow scraper,"We are looking for a channel-agnostic, high-velocity Marketing Manager to join our team. You aren’t just a ""specialist"" in one area; you are a digital architect who understands how to pull the levers ...",listing_page,No,https://www.arbeitnow.com/jobs/companies/lumiform/marketing-manager-berlin-434729
N/A,Shopify E-Commerce Manager/in - International & B2B (m/w/d),Ganderkesee,N/A,N/A,N/A,N/A,arbeitnow,general,employer,N/A,N/A,N/A,remote,HIGH,Yes,Pre-classified by arbeitnow scraper,"Es ist Feierabend und du verlässt das Office, happy und mit einem guten Gefühl. Dein erster Tag bei PRESCH war einfach stark 🔥 Du hast direkt dein Team kennengelernt, einen ersten Blick in den Shopify...",listing_page,No,https://www.arbeitnow.com/jobs/companies/presch-tools-gmbh/shopify-e-commerce-manager-international-b2b-ganderkesee-278253
N/A,(Senior) Teamlead Software Development,Berlin,N/A,N/A,N/A,N/A,arbeitnow,general,employer,N/A,N/A,N/A,remote,HIGH,Yes,Pre-classified by arbeitnow scraper,"Your mission The Bikeleasing Group is one of the leading employer‑benefit and mobility solutions groups in Germany. With several specialized companies and strong, profitable growth, we are shaping the...",listing_page,No,https://www.arbeitnow.com/jobs/companies/bikeleasing-service-gmbh-co-kg/senior-teamlead-software-development-berlin-107950
N/A,(Senior) Teamlead Software Development,Berlin,N/A,N/A,N/A,N/A,arbeitnow,general,employer,N/A,N/A,N/A,remote,HIGH,Yes,Pre-classified by arbeitnow scraper,"Deine Aufgaben Die Bikeleasing Gruppe ist eine der führenden Employer‑Benefit‑ und Mobilitätslösungsgruppen in Deutschland. Mit mehreren spezialisierten Gesellschaften und starkem, profitablem Wachstu...",listing_page,No,https://www.arbeitnow.com/jobs/companies/bikeleasing-service-gmbh-co-kg/senior-teamlead-software-development-berlin-48764
N/A,(Senior) Direct Response Copywriter (all genders),Berlin,N/A,N/A,N/A,N/A,arbeitnow,general,employer,N/A,N/A,N/A,remote,HIGH,Yes,Pre-classified by arbeitnow scraper,"Du bist kein Texter. Du bist ein Umsatzmacher. Du weißt genau, wie ein Funnel tickt, was eine Headline ausmacht und warum Menschen kaufen. Oder es eben nicht tun. Du hast bewiesen, dass deine Texte ve...",listing_page,No,https://www.arbeitnow.com/jobs/companies/mammaly/senior-direct-response-copywriter-all-genders-berlin-344573
N/A,SEO / SEA Spezialist (m/w/d) - Freelance,Mainz,N/A,N/A,N/A,N/A,arbeitnow,general,employer,N/A,N/A,N/A,remote,HIGH,Yes,Pre-classified by arbeitnow scraper,"Dein Platz im Digital Trendteam 🚀 Bei uns zählt das Ergebnis - daher: Arbeite dort, wo du am produktivsten bist. Wir suchen keinen Berater, sondern einen Experten für unser Performance-Team , der tech...",listing_page,No,https://www.arbeitnow.com/jobs/companies/digital-trendteam/seo-sea-spezialist-freelance-mainz-299971
N/A,(Senior) IT Operations Engineer (gn),Berlin,N/A,N/A,N/A,N/A,arbeitnow,general,employer,N/A,N/A,N/A,remote,HIGH,Yes,Pre-classified by arbeitnow scraper,"Deine Aufgaben Die Bikeleasing Gruppe gehört zu den führenden Anbietern moderner Dienstradleasing-Lösungen und verbindet digitale Plattformen, innovative Services und ein stark wachsendes Ökosystem. W...",listing_page,No,https://www.arbeitnow.com/jobs/companies/bikeleasing-service-gmbh-co-kg/senior-it-operations-engineer-gn-berlin-482461
N/A,(Senior) IT Operations Engineer (gn),Berlin,N/A,N/A,N/A,N/A,arbeitnow,general,employer,N/A,N/A,N/A,remote,HIGH,Yes,Pre-classified by arbeitnow scraper,"Your mission Bikeleasing Group is one of the leading providers of modern bike‑leasing solutions, combining digital platforms, innovative services and a strongly growing ecosystem. We enable sustainabl...",listing_page,No,https://www.arbeitnow.com/jobs/companies/bikeleasing-service-gmbh-co-kg/senior-it-operations-engineer-gn-berlin-253306
N/A,Product Marketing Manager (all genders),Hanover,N/A,N/A,N/A,N/A,arbeitnow,general,employer,N/A,N/A,N/A,remote,HIGH,Yes,Pre-classified by arbeitnow scraper,"Als dedizierter Product Marketing Manager bei SYNAOS bringst du Struktur und Klarheit in komplexe Technologien. Du prägst maßgeblich, wie wir unsere Plattform am Markt positionieren, wie wir mit poten...",listing_page,No,https://www.arbeitnow.com/jobs/companies/synaos-gmbh/product-marketing-manager-all-genders-hanover-101926
N/A,Acquisition & Creative Strategy Lead (m/w/d) - Teilzeit,Berlin,N/A,N/A,N/A,N/A,arbeitnow,general,employer,N/A,N/A,N/A,remote,HIGH,Yes,Pre-classified by arbeitnow scraper,"Hilf uns, Meta als Hauptumsatzkanal sauber und profitabel zu skalieren, Creative Testing massiv zu professionalisieren, Google als zweiten Performance-Kanal aufzubauen und die Learnings in Shop, Landi...",listing_page,No,https://www.arbeitnow.com/jobs/companies/fembites/acquisition-creative-strategy-lead-teilzeit-berlin-45069
N/A,Minijob (bis zu 35€/Std.): Werde Englischlehrer und sei dein eigener Boss (w/m/d),Berlin,N/A,N/A,N/A,N/A,arbeitnow,general,employer,N/A,N/A,N/A,remote,HIGH,Yes,Pre-classified by arbeitnow scraper,"Suchst du einen Job mit flexiblen Arbeitszeiten, bei dem du von zu Hause aus etwas dazuverdienen kannst? Werde Mitglied bei Nachhilfeunterricht , der führenden Plattform für Nachhilfeunterricht, der z...",listing_page,No,https://www.arbeitnow.com/jobs/companies/nachhilfeunterricht/minijob-bis-zu-35eur-std-werde-englischlehrer-und-sei-dein-eigener-boss-berlin-148017
N/A,Werkstudent (m/w/d) Video Creation & Editing (m/w/d) - 100 % Homeoffice,Grafschaft,N/A,N/A,N/A,N/A,arbeitnow,general,employer,N/A,N/A,N/A,remote,HIGH,Yes,Pre-classified by arbeitnow scraper,"Wir bei nutri+ glauben an eine Welt, in der Tiere respektiert werden und niemand zurückgelassen wird. Deshalb setzen wir uns nicht nur für hochwertige vegane Produkte ein, sondern unterstützen aktiv d...",listing_page,No,https://www.arbeitnow.com/jobs/companies/nutrition-plus-germany-ek/werkstudent-video-creation-editing-100-homeoffice-grafschaft-86295
N/A,Werkstudent Marketing (w/m/d) remote,Berlin,N/A,N/A,N/A,N/A,arbeitnow,general,employer,N/A,N/A,N/A,remote,HIGH,Yes,Pre-classified by arbeitnow scraper,"PIMA ist der richtige Partner, um Mitarbeiter und Unternehmen gesund erfolgreich zu machen! Wir kümmern uns in allen gesetzlichen, branchenspezifischen und individuellen Belangen ganzheitlich um die G...",listing_page,No,https://www.arbeitnow.com/jobs/companies/pima-health-group-gmbh/werkstudent-marketing-remote-berlin-465676
N/A,Praktikum Automations & KI (m/w/d),Mainz,N/A,N/A,N/A,N/A,arbeitnow,general,employer,N/A,N/A,N/A,remote,HIGH,Yes,Pre-classified by arbeitnow scraper,"Du hast schon erste Berührungspunkte mit Automatisierungen, KI oder digitalen Workflows gehabt — und willst jetzt sehen, wie das Ganze in einem echten Unternehmen angewendet wird? Dann komm zu uns. 🚀 ...",listing_page,No,https://www.arbeitnow.com/jobs/companies/digital-trendteam/praktikum-automations-ki-mainz-59839
N/A,Senior Data Engineer,Munich,N/A,N/A,N/A,N/A,arbeitnow,general,employer,N/A,N/A,N/A,remote,HIGH,Yes,Pre-classified by arbeitnow scraper,"Senior Data Engineer Location: Germany / Spain / Romania (Remote) The Role As a Senior Data Engineer, you will drive the end-to-end development of our core data infrastructure through AI-native engine...",listing_page,No,https://www.arbeitnow.com/jobs/companies/trustyou/senior-data-engineer-munich-176349
N/A,Buchhaltung & Automatisierung im Minijob (m/w/d),Mainz,N/A,N/A,N/A,N/A,arbeitnow,general,employer,N/A,N/A,N/A,remote,HIGH,Yes,Pre-classified by arbeitnow scraper,"Du hast Bock auf Zahlen, Struktur und digitale Tools? Perfekt — wir suchen jemanden, der unsere Buchhaltung nicht nur „mitmacht“, sondern smarter macht. 🚀 Wir sind Digital Trendteam & Digital Brand Ac...",listing_page,No,https://www.arbeitnow.com/jobs/companies/digital-trendteam/buchhaltung-automatisierung-im-minijob-mainz-88666
N/A,Senior Go Consultant / Engineer (m/w/d),Munich,N/A,N/A,N/A,N/A,arbeitnow,general,employer,N/A,N/A,N/A,remote,HIGH,Yes,Pre-classified by arbeitnow scraper,"Hackstack Collective verbindet außergewöhnliche Talente mit Organisationen, die digitale Souveränität ernst nehmen. Aktuell suchen wir für unsere Partner einen Go Experten der High-End-Softwareentwick...",listing_page,No,https://www.arbeitnow.com/jobs/companies/hackstack-gmbh/senior-go-consultant-engineer-munich-341776
N/A,Senior Rust Consultant / Engineer (m/w/d),Munich,N/A,N/A,N/A,N/A,arbeitnow,general,employer,N/A,N/A,N/A,remote,HIGH,Yes,Pre-classified by arbeitnow scraper,"Hackstack Collective verbindet außergewöhnliche Talente mit Organisationen, die digitale Souveränität ernst nehmen. Aktuell suchen wir für unsere Partner einen Rust Experten der High-End-Softwareentwi...",listing_page,No,https://www.arbeitnow.com/jobs/companies/hackstack-gmbh/senior-rust-consultant-engineer-munich-451602
N/A,Consultant Microsoft 365/ Microsoft Cloud (m/w/d),Munich,N/A,N/A,N/A,N/A,arbeitnow,general,employer,N/A,N/A,N/A,remote,HIGH,Yes,Pre-classified by arbeitnow scraper,Seit unserer Gründung 2021 sind wir mit unserem Team aus technischen IT-Experten auf Wachstumskurs. Als cloud-native Company beraten und unterstützen wir Unternehmen und öffentliche Auftraggeber hands...,listing_page,No,https://www.arbeitnow.com/jobs/companies/ares-consulting-gmbh/consultant-microsoft-365-microsoft-cloud-munich-230387
N/A,Senior Consultant Cloud & DevOps Engineering (m/w/d),Munich,N/A,N/A,N/A,N/A,arbeitnow,general,employer,N/A,N/A,N/A,remote,HIGH,Yes,Pre-classified by arbeitnow scraper,Seit unserer Gründung 2021 sind wir mit unserem Team aus technischen IT-Experten auf Wachstumskurs. Als cloud-native Company beraten und unterstützen wir Unternehmen und öffentliche Auftraggeber hands...,listing_page,No,https://www.arbeitnow.com/jobs/companies/ares-consulting-gmbh/senior-consultant-cloud-devops-engineering-munich-164813
N/A,(Senior) Performance Marketing Manager - Paid Social (all genders),Berlin,N/A,N/A,N/A,N/A,arbeitnow,general,employer,N/A,N/A,N/A,remote,HIGH,Yes,Pre-classified by arbeitnow scraper,"About mammaly We are mammaly! - und unsere Mission sind gesunde und glückliche Hunde! Deshalb entwickeln wir Premium Supplements für Hunde, die ein langes und gutes Leben ermöglichen. Gegründet in 202...",listing_page,No,https://www.arbeitnow.com/jobs/companies/mammaly/senior-performance-marketing-manager-paid-social-all-genders-berlin-471446
N/A,(Senior) Lifecycle Manager - Subscription (all genders),Berlin,N/A,N/A,N/A,N/A,arbeitnow,general,employer,N/A,N/A,N/A,remote,HIGH,Yes,Pre-classified by arbeitnow scraper,"About mammaly We are mammaly! - und unsere Mission sind gesunde und glückliche Hunde! Deshalb entwickeln wir Premium Supplements für Hunde, die ein langes und gutes Leben ermöglichen. Gegründet in 202...",listing_page,No,https://www.arbeitnow.com/jobs/companies/mammaly/senior-lifecycle-manager-subscription-all-genders-berlin-79742
N/A,(Senior) Subscription Manager (all genders),Berlin,N/A,N/A,N/A,N/A,arbeitnow,general,employer,N/A,N/A,N/A,remote,HIGH,Yes,Pre-classified by arbeitnow scraper,"About mammaly We are mammaly! - und unsere Mission sind gesunde und glückliche Hunde! Deshalb entwickeln wir Premium Supplements für Hunde, die ein langes und gutes Leben ermöglichen. Gegründet in 202...",listing_page,No,https://www.arbeitnow.com/jobs/companies/mammaly/senior-subscription-manager-all-genders-berlin-146561
N/A,Client Relations Manager (B2C) (m/w/d) | 100% remote,Neuss,N/A,N/A,N/A,N/A,arbeitnow,general,employer,N/A,N/A,N/A,remote,HIGH,Yes,Pre-classified by arbeitnow scraper,"Wir suchen einen Customer Success Manager (B2C) der eigenverantwortlich einen festen Kundenstamm von ca. 2.000+ Kunden betreut. Du bist der zentrale Ansprechpartner und sorgst dafür, dass unsere Kunde...",listing_page,No,https://www.arbeitnow.com/jobs/companies/smartkundigen-ohg/client-relations-manager-b2c-100-remote-neuss-358026
N/A,Kundenbetreuungsmanager (B2C) | 100% remote,Neuss,N/A,N/A,N/A,N/A,arbeitnow,general,employer,N/A,N/A,N/A,remote,HIGH,Yes,Pre-classified by arbeitnow scraper,"Wir suchen einen Customer Success Manager (B2C) der eigenverantwortlich einen festen Kundenstamm von ca. 2.000+ Kunden betreut. Du bist der zentrale Ansprechpartner und sorgst dafür, dass unsere Kunde...",listing_page,No,https://www.arbeitnow.com/jobs/companies/smartkundigen-ohg/kundenbetreuungsmanager-b2c-100-remote-neuss-300895
N/A,Customer Success Manager (B2C) (m/w/d) | 100% remote,Neuss,N/A,N/A,N/A,N/A,arbeitnow,general,employer,N/A,N/A,N/A,remote,HIGH,Yes,Pre-classified by arbeitnow scraper,"Wir suchen einen Customer Success Manager (B2C) der eigenverantwortlich einen festen Kundenstamm von ca. 2.000+ Kunden betreut. Du bist der zentrale Ansprechpartner und sorgst dafür, dass unsere Kunde...",listing_page,No,https://www.arbeitnow.com/jobs/companies/smartkundigen-ohg/customer-success-manager-b2c-100-remote-neuss-442709
N/A,OF Chat-Moderator/-in und Sales Rep (m/w/d),Friedrichshafen,N/A,N/A,N/A,N/A,arbeitnow,general,employer,N/A,N/A,N/A,remote,HIGH,Yes,Pre-classified by arbeitnow scraper,"Bist du bereit, deine Kommunikationsfähigkeiten auf das nächste Level zu bringen? Bei Krea-M, einem kleinen, aber dynamisch wachsenden Unternehmen im Bereich Marketing Services, suchen wir einen engag...",listing_page,No,https://www.arbeitnow.com/jobs/companies/krea-m/of-chat-moderator-in-und-sales-rep-friedrichshafen-497021
N/A,"Senior Performance Marketing & Growth Manager (m/w/d) - Meta & Google, E-Commerce",Munich,N/A,N/A,N/A,N/A,arbeitnow,general,employer,N/A,N/A,N/A,remote,HIGH,Yes,Pre-classified by arbeitnow scraper,Über CAPULET CAPULET ist eine unabhängige Luxus Schmuckmarke aus Deutschland. Mit Headquarter in München und weiteren Werkstätten in Pforzheim und Berlin. Seit über 15 Jahren stehen wir für hochwertig...,listing_page,No,https://www.arbeitnow.com/jobs/companies/capulet-jewelry/senior-performance-marketing-growth-manager-meta-google-e-commerce-munich-380619
N/A,Shopify Backend Developer / API / Java / GraphQL - (Spring Boot 3) (GCP / Azure / AWS) - remote in EU,Hamburg,N/A,N/A,N/A,N/A,arbeitnow,general,employer,N/A,N/A,N/A,remote,HIGH,Yes,Pre-classified by arbeitnow scraper,"At Pathway Solutions GmbH , we're on a mission to automate accounting for E-Commerce and SaaS companies. Our goal is to free 10,000 entrepreneurs from the burden of manual bookkeeping so they can focu...",listing_page,No,https://www.arbeitnow.com/jobs/companies/pathway-solutions-gmbh/shopify-backend-developer-api-java-graphql-spring-boot-3-gcp-azure-aws-remote-in-eu-hamburg-440589
N/A,Junior (m/w/d) Customer Success & Client Onboarding,Hamburg,N/A,N/A,N/A,N/A,arbeitnow,general,employer,N/A,N/A,N/A,remote,HIGH,Yes,Pre-classified by arbeitnow scraper,"Du suchst den Start-up-Vibe, aber Berlin ist nicht dein Ding? Du willst dort unterstützen, wo du am meisten Impact liefern kannst – statt in starren Strukturen tagein und tagaus dieselben Aufgaben zu ...",listing_page,No,https://www.arbeitnow.com/jobs/companies/linkster-gmbh/junior-customer-success-client-onboarding-hamburg-234300
N/A,Senior Python Developer - Django (m/w/d),Haltern am See,N/A,N/A,N/A,N/A,arbeitnow,general,employer,N/A,N/A,N/A,remote,HIGH,Yes,Pre-classified by arbeitnow scraper,"Du arbeitest strukturiert, behältst auch in komplexen Situationen den Überblick und hast Freude daran, Software gründlich zu prüfen, zu testen und zuverlässig zu deployen? Dann passt du perfekt zu uns...",listing_page,No,https://www.arbeitnow.com/jobs/companies/syncblue-gmbh/senior-python-developer-django-haltern-am-see-16238
N/A,(Juinor) Manager Strategic Projects & Operations (m/f/d),Frankfurt am Main,N/A,N/A,N/A,N/A,arbeitnow,general,employer,N/A,N/A,N/A,remote,HIGH,Yes,Pre-classified by arbeitnow scraper,Deine Aufgaben Du begleitest strategische Kundenprojekte von der ersten Beratung über das Projektmanagement bis hin zur erfolgreichen Durchführung von Proof of Concepts (POCs). Du verantwortest das On...,listing_page,No,https://www.arbeitnow.com/jobs/companies/cashlink-technologies-gmbh/juinor-manager-strategic-projects-operations-frankfurt-am-main-58977
N/A,Senior Java Cloud Backend Engineer (m/f/d) (Ref.Nr.: 46659),Munich,N/A,N/A,N/A,N/A,arbeitnow,general,employer,N/A,N/A,N/A,remote,HIGH,Yes,Pre-classified by arbeitnow scraper,"We are looking for a Developer (Nearshore) to further develop a master data solution in the after-sales domain, focused on managing battery systems, vehicle references, and logistics data. The role is...",listing_page,No,https://www.arbeitnow.com/jobs/companies/wavestone-germany-ag/senior-java-cloud-backend-engineer-refnr-46659-munich-21429
N/A,SAP CO Consultant (m/f/d) (Ref.Nr.: 46657),Munich,N/A,N/A,N/A,N/A,arbeitnow,general,employer,N/A,N/A,N/A,remote,HIGH,Yes,Pre-classified by arbeitnow scraper,We are looking for an experienced SAP CO consultant to support complex cost accounting processes and module integrations at locations in Romania or Poland. Key Facts Start: 04.05.2026 Dauer: Nicht bek...,listing_page,No,https://www.arbeitnow.com/jobs/companies/wavestone-germany-ag/sap-co-consultant-refnr-46657-munich-487419
N/A,Professional Services Consultant (m/f/d),Düsseldorf,N/A,N/A,N/A,N/A,arbeitnow,general,employer,N/A,N/A,N/A,remote,HIGH,Yes,Pre-classified by arbeitnow scraper,An exciting opportunity has opened within our Professional Services Team in the DACH region for a Professional Services Consultant role. This is a full-time position. You will directly contribute to h...,listing_page,No,https://www.arbeitnow.com/jobs/companies/bedford-consulting/professional-services-consultant-dusseldorf-138613
N/A,Anaplan Model Builder (m/f/d),Düsseldorf,N/A,N/A,N/A,N/A,arbeitnow,general,employer,N/A,N/A,N/A,remote,HIGH,Yes,Pre-classified by arbeitnow scraper,An exciting opportunity has opened within our Professional Services Team in the DACH region for a Model Builder role. This is a full-time position. This role is aimed at professionals working close to...,listing_page,No,https://www.arbeitnow.com/jobs/companies/bedford-consulting/anaplan-model-builder-dusseldorf-210735
N/A,Freelance Senior AI Product Manager,Berlin,N/A,N/A,N/A,N/A,arbeitnow,general,employer,N/A,N/A,N/A,remote,HIGH,Yes,Pre-classified by arbeitnow scraper,"We’re hiring a Freelance Senior AI Product Manager to turn messy real-world problems into working GenAI solutions. This is a hands-on role at the intersection of product, delivery, and customer collab...",listing_page,No,https://www.arbeitnow.com/jobs/companies/nexamind-gmbh/freelance-senior-ai-product-manager-berlin-73613
N/A,Digital Marketing & Content Werkstudent:in (m/w/d) 100% Remote,Mannheim,N/A,N/A,N/A,N/A,arbeitnow,general,employer,N/A,N/A,N/A,remote,HIGH,Yes,Pre-classified by arbeitnow scraper,"Bock auf echten Impact im wachsenden KI-Startup? Öffentliche Ausschreibungen sind ein 400-Milliarden-Euro-Markt – und einer der letzten großen Bereiche, der gerade erst digitalisiert wird. Wir sind Ve...",listing_page,No,https://www.arbeitnow.com/jobs/companies/ciconia-systems-gmbh/digital-marketing-content-werkstudentin-100-remote-mannheim-442319
N/A,"Social Media & Creator Marketing Manager, m/w/d",Berlin,N/A,N/A,N/A,N/A,arbeitnow,general,employer,N/A,N/A,N/A,remote,HIGH,Yes,Pre-classified by arbeitnow scraper,"Als Social Media & Creator Marketing Manager bist du verantwortlich für unseren organischen Social-Media-Auftritt und den Aufbau unseres Creator- und UGC-Contents. Du entwickelst Content-Ideen, planst...",listing_page,No,https://www.arbeitnow.com/jobs/companies/neolymp/social-media-creator-marketing-manager-berlin-177763
N/A,Werkstudent(in) Influencer Marketing Manager,Münster,N/A,N/A,N/A,N/A,arbeitnow,general,employer,N/A,N/A,N/A,remote,HIGH,Yes,Pre-classified by arbeitnow scraper,"paselo ist eine der am schnellsten wachsenden D2C-Marken für Hunde-Ergänzungsfuttermittel im DACH-Raum. Wir entwickeln wissenschaftlich fundierte Produkte, die Hunden helfen — länger, aktiver und glüc...",listing_page,No,https://www.arbeitnow.com/jobs/companies/paselo-gmbh/werkstudentin-influencer-marketing-manager-munster-257091
N/A,"Senior Full-Stack-Entwickler:in React / TypeScript / .NET 100 % Remote, KI-First",Berlin,N/A,N/A,N/A,N/A,arbeitnow,general,employer,N/A,N/A,N/A,remote,HIGH,Yes,Pre-classified by arbeitnow scraper,"Softwarelösung im Microsoft-/Cloud-Umfeld. Unsere Zusammenarbeit findet vollständig im Home Office statt, mit kurzen Abstimmungswegen, hoher Eigenverantwortung und einer stark KI-gestützten Arbeitswei...",listing_page,No,https://www.arbeitnow.com/jobs/companies/yourmail-gmbh/senior-full-stack-entwicklerin-react-typescript-net-100-remote-ki-first-berlin-21152
N/A,"Senior Frontend-Entwickler:in React / TypeScript, 100 % Remote, KI-First",Berlin,N/A,N/A,N/A,N/A,arbeitnow,general,employer,N/A,N/A,N/A,remote,HIGH,Yes,Pre-classified by arbeitnow scraper,Wir sind ein modernes Remote-First- und KI-First-Softwareunternehmen und entwickeln eine spezialisierte Softwarelösung im Microsoft-/Cloud-Umfeld. Unsere Zusammenarbeit findet vollständig im Home Offi...,listing_page,No,https://www.arbeitnow.com/jobs/companies/yourmail-gmbh/senior-frontend-entwicklerin-react-typescript-100-remote-ki-first-berlin-288218
N/A,Solution Architect/ PreSales-Consultant (w/m/d),Mannheim,N/A,N/A,N/A,N/A,arbeitnow,general,employer,N/A,N/A,N/A,remote,HIGH,Yes,Pre-classified by arbeitnow scraper,"Wir, die AVENDIS, sind gerade auf der Suche nach Verstärkung für unser PreSales Team durch einen Solution Architect/PreSales-Consultant (w/m/d) . Aufgaben Lösungsorientierte Beratung unserer Kunden An...",listing_page,No,https://www.arbeitnow.com/jobs/companies/avendis-gmbh/solution-architect-presales-consultant-mannheim-437994
N/A,"Performance Marketing Manager*in (SEO, SEA & Social)",Jakobsdorf,N/A,N/A,N/A,N/A,arbeitnow,general,employer,N/A,N/A,N/A,remote,HIGH,Yes,Pre-classified by arbeitnow scraper,Wir suchen zum nächstmöglichen Zeitpunkt Unterstützung für unser Google- und Social-Media-Team. Als Digital Marketing Agentur steigern wir die Sichtbarkeit unserer Kund*innen und übernehmen nicht nur ...,listing_page,No,https://www.arbeitnow.com/jobs/companies/tom-phillip-zenker-digital-marketing-agentur-gmbh/performance-marketing-managerin-seo-sea-social-jakobsdorf-327856
N/A,Teamleiter Softwareentwickler (all genders) - Home Office 100 %,Kassel,N/A,N/A,N/A,N/A,arbeitnow,general,employer,N/A,N/A,N/A,remote,HIGH,Yes,Pre-classified by arbeitnow scraper,"fino taxtech ist ein innovatives Unternehmen an der Schnittstelle von Finanzen, Steuern und Technologie. Als Teil der fino-Gruppe entwickeln wir digitale Lösungen, die steuerliche und finanzielle Proz...",listing_page,No,https://www.arbeitnow.com/jobs/companies/fino-taxtech-gmbh/teamleiter-softwareentwickler-all-genders-home-office-100-kassel-110835
N/A,Projektleiter Softwareentwicklung (all genders) - Home Office 100 %,Kassel,N/A,N/A,N/A,N/A,arbeitnow,general,employer,N/A,N/A,N/A,remote,HIGH,Yes,Pre-classified by arbeitnow scraper,"Die fino data services GmbH entwickelt datengetriebene Softwarelösungen im Finanzumfeld. Zur Verstärkung unseres Teams suchen wir einen Technischen Projektmanager (m/w/d), der Projekte an der Schnitts...",listing_page,No,https://www.arbeitnow.com/jobs/companies/fino-data-services-gmbh/projektleiter-softwareentwicklung-all-genders-home-office-100-kassel-240822
N/A,"Redaktion & Content Sparring (m/w/d) - Minijob, Remote",Cologne,N/A,N/A,N/A,N/A,arbeitnow,general,employer,N/A,N/A,N/A,remote,HIGH,Yes,Pre-classified by arbeitnow scraper,"Unsere Marke WhyWords arbeitet an der Schnittstelle von Positionierung, Inhalt und Wirkung – mit klarem Fokus auf LinkedIn. Unsere Kund:innen sind keine anonymen Marken, sondern Persönlichkeiten mit k...",listing_page,No,https://www.arbeitnow.com/jobs/companies/kiwimo-product-gmbh/redaktion-content-sparring-minijob-remote-cologne-338855
N/A,Full-Stack Entwickler (m/w/d) - .NET 100% Remote,Frankfurt am Main,N/A,N/A,N/A,N/A,arbeitnow,general,employer,N/A,N/A,N/A,remote,HIGH,Yes,Pre-classified by arbeitnow scraper,"FNTIO sind AI-First Systems Engineers für Enterprise. Wir arbeiten seit 2022 produktiv mit AI in echten Kundenprojekten. Siemens, Deutsche Börse, Volkswagen. Wir liefern Projekte mit Ergebnisverantwor...",listing_page,No,https://www.arbeitnow.com/jobs/companies/fntio/full-stack-entwickler-net-100-remote-frankfurt-am-main-122380
N/A,Senior AI Systems Engineer (AWS) 100% Remote (m/w/d),Frankfurt am Main,N/A,N/A,N/A,N/A,arbeitnow,general,employer,N/A,N/A,N/A,remote,HIGH,Yes,Pre-classified by arbeitnow scraper,"FNTIO sind AI-First Systems Engineers für Enterprise. Wir arbeiten seit 2022 produktiv mit AI in echten Kundenprojekten. Siemens, Deutsche Börse, Volkswagen. Wir liefern Projekte mit Ergebnisverantwor...",listing_page,No,https://www.arbeitnow.com/jobs/companies/fntio/senior-ai-systems-engineer-aws-100-remote-frankfurt-am-main-153269
N/A,Demand Planner (all genders),Berlin,N/A,N/A,N/A,N/A,arbeitnow,general,employer,N/A,N/A,N/A,remote,HIGH,Yes,Pre-classified by arbeitnow scraper,"Willkommen bei Glow25! Wir sind ein dynamisches, schnell wachsendes Beauty & Pro Aging Unternehmen aus Berlin – mit einer Herzensmission: Glow-Momente schaffen. Für unsere Kund:innen, für unser Team, ...",listing_page,No,https://www.arbeitnow.com/jobs/companies/glow25-by-primal-state-performance-gmbh/demand-planner-all-genders-berlin-4777
N/A,Mediengestalter/in Digital und Print (mwd),Hamburg,N/A,N/A,N/A,N/A,arbeitnow,general,employer,N/A,N/A,N/A,remote,HIGH,Yes,Pre-classified by arbeitnow scraper,Wir sind eine junge und dynamische Werbemittelagentur aus Hamburg HafenCity und als agiles Unternehmen sind wir permanent auf der Suche nach neuen Talenten wie dich! Aufgaben Mit Promobedarf - unserem...,listing_page,No,https://www.arbeitnow.com/jobs/companies/bugaga-werbeagentur-ek/mediengestalter-in-digital-und-print-mwd-hamburg-486452
N/A,Client Relations Manager (B2C) (m/w/d) | 100% remote,Neuss,N/A,N/A,N/A,N/A,arbeitnow,general,employer,N/A,N/A,N/A,remote,HIGH,Yes,Pre-classified by arbeitnow scraper,"Wir suchen einen Customer Success Manager (B2C) der eigenverantwortlich einen festen Kundenstamm von ca. 2.000+ Kunden betreut. Du bist der zentrale Ansprechpartner und sorgst dafür, dass unsere Kunde...",listing_page,No,https://www.arbeitnow.com/jobs/companies/smartkundigen-ohg/client-relations-manager-b2c-100-remote-neuss-7682
N/A,Kundenbetreuungsmanager (B2C) | 100% remote,Neuss,N/A,N/A,N/A,N/A,arbeitnow,general,employer,N/A,N/A,N/A,remote,HIGH,Yes,Pre-classified by arbeitnow scraper,"Wir suchen einen Customer Success Manager (B2C) der eigenverantwortlich einen festen Kundenstamm von ca. 2.000+ Kunden betreut. Du bist der zentrale Ansprechpartner und sorgst dafür, dass unsere Kunde...",listing_page,No,https://www.arbeitnow.com/jobs/companies/smartkundigen-ohg/kundenbetreuungsmanager-b2c-100-remote-neuss-319903
N/A,Customer Success Manager (B2C) (m/w/d) | 100% remote,Neuss,N/A,N/A,N/A,N/A,arbeitnow,general,employer,N/A,N/A,N/A,remote,HIGH,Yes,Pre-classified by arbeitnow scraper,"Wir suchen einen Customer Success Manager (B2C) der eigenverantwortlich einen festen Kundenstamm von ca. 2.000+ Kunden betreut. Du bist der zentrale Ansprechpartner und sorgst dafür, dass unsere Kunde...",listing_page,No,https://www.arbeitnow.com/jobs/companies/smartkundigen-ohg/customer-success-manager-b2c-100-remote-neuss-372699
N/A,Influencer Marketing Manager,Münster,N/A,N/A,N/A,N/A,arbeitnow,general,employer,N/A,N/A,N/A,remote,HIGH,Yes,Pre-classified by arbeitnow scraper,"paselo ist eine der am schnellsten wachsenden D2C-Marken für Hunde-Ergänzungsfuttermittel im DACH-Raum. Wir entwickeln wissenschaftlich fundierte Produkte, die Hunden helfen — länger, aktiver und glüc...",listing_page,No,https://www.arbeitnow.com/jobs/companies/paselo-gmbh/influencer-marketing-manager-munster-153859
N/A,Social Media Marketing Manager*in in Teilzeit und Hybrid in Homeoffice,Jakobsdorf,N/A,N/A,N/A,N/A,arbeitnow,general,employer,N/A,N/A,N/A,remote,HIGH,Yes,Pre-classified by arbeitnow scraper,"Wir suchen zum nächstmöglichen Zeitpunkt Unterstützung für unsere Social Media Redaktion (m/w/d) für die Region Mecklenburg-Vorpommern, Brandenburg und Berlin. Als Digital Marketing Agentur steigern w...",listing_page,No,https://www.arbeitnow.com/jobs/companies/tom-phillip-zenker-digital-marketing-agentur-gmbh/social-media-marketing-managerin-in-teilzeit-und-hybrid-in-homeoffice-jakobsdorf-412014
N/A,Content Creator/ Community Builder (m/w/d),Langweid am Lech,N/A,N/A,N/A,N/A,arbeitnow,general,employer,N/A,N/A,N/A,remote,HIGH,Yes,Pre-classified by arbeitnow scraper,"Wir suchen jemanden, der langfristig Lust auf dieses Projekt hat , gemeinsam mit uns eine Community aufzubauen und sich vorstellen kann, Diamond Painting sowie Malen nach Zahlen selbst als Hobby zu en...",listing_page,No,https://www.arbeitnow.com/jobs/companies/picmondoo-gmbh/content-creator-community-builder-langweid-am-lech-375605
N/A,"Performance Marketing Manager*in (SEO, SEA & Social)",Jakobsdorf,N/A,N/A,N/A,N/A,arbeitnow,general,employer,N/A,N/A,N/A,remote,HIGH,Yes,Pre-classified by arbeitnow scraper,Wir suchen zum nächstmöglichen Zeitpunkt Unterstützung für unser Google- und Social-Media-Team. Als Digital Marketing Agentur steigern wir die Sichtbarkeit unserer Kund*innen und übernehmen nicht nur ...,listing_page,No,https://www.arbeitnow.com/jobs/companies/tom-phillip-zenker-digital-marketing-agentur-gmbh/performance-marketing-managerin-seo-sea-social-jakobsdorf-41274
N/A,Junior Consultant (m/w/d) Digitalisierung im HR / Personal,Traunreut,N/A,N/A,N/A,N/A,arbeitnow,general,employer,N/A,N/A,N/A,remote,HIGH,Yes,Pre-classified by arbeitnow scraper,Die 9toThrive GmbH berät und unterstützt Unternehmen bei der Digitalisierung von HR-Prozessen sowie bei der Integration und Optimierung von HR-Software. Als modernes Startup mit geballter Expertise in...,listing_page,No,https://www.arbeitnow.com/jobs/companies/9tothrive-gmbh/junior-consultant-digitalisierung-im-hr-personal-traunreut-136161
N/A,Machine Learning Engineer,Berlin,N/A,N/A,N/A,N/A,arbeitnow,general,employer,N/A,N/A,N/A,remote,HIGH,Yes,Pre-classified by arbeitnow scraper,"At Phantasma Labs, we’re building smart software that helps factories plan better. Our AI co-pilot helps factories schedule production more efficiently, adapt to changes faster, and make the most of a...",listing_page,No,https://www.arbeitnow.com/jobs/companies/phantasma-labs/machine-learning-engineer-berlin-303955
N/A,DevOps Engineer (m/w/d) in Voll- oder Teilzeit,Stuttgart,N/A,N/A,N/A,N/A,arbeitnow,general,employer,N/A,N/A,N/A,remote,HIGH,Yes,Pre-classified by arbeitnow scraper,Du hast Lust auf Mitgestaltung? Dann bist du bei uns genau richtig! Aufgaben Du gestaltest gemeinsam mit unserem DevOps-Team die interne IT- und Entwicklungsinfrastruktur aktiv weiter Du unterstützt b...,listing_page,No,https://www.arbeitnow.com/jobs/companies/iconcxm-gmbh/devops-engineer-in-voll-oder-teilzeit-stuttgart-461146
N/A,"Performance Marketing Manager Marketplaces (m/w/d) - Vollzeit, 100 % Homeoffice",Grafschaft,N/A,N/A,N/A,N/A,arbeitnow,general,employer,N/A,N/A,N/A,remote,HIGH,Yes,Pre-classified by arbeitnow scraper,"Wir bei nutri+ glauben an eine Welt, in der Tiere respektiert werden und niemand zurückgelassen wird. Deshalb setzen wir uns nicht nur für hochwertige vegane Produkte ein, sondern unterstützen aktiv d...",listing_page,No,https://www.arbeitnow.com/jobs/companies/nutrition-plus-germany-ek/performance-marketing-manager-marketplaces-vollzeit-100-homeoffice-grafschaft-379703
N/A,(Senior) Performance Marketing Manager - Paid Social (all genders),Berlin,N/A,N/A,N/A,N/A,arbeitnow,general,employer,N/A,N/A,N/A,remote,HIGH,Yes,Pre-classified by arbeitnow scraper,"About mammaly We are mammaly! - und unsere Mission sind gesunde und glückliche Hunde! Deshalb entwickeln wir Premium Supplements für Hunde, die ein langes und gutes Leben ermöglichen. Gegründet in 202...",listing_page,No,https://www.arbeitnow.com/jobs/companies/mammaly/senior-performance-marketing-manager-paid-social-all-genders-berlin-295240
N/A,Newsroom Editor / Media Analyst (w/m/d) in Teilzeit (50%) - Berlin oder remote,Berlin,N/A,N/A,N/A,N/A,arbeitnow,general,employer,N/A,N/A,N/A,remote,HIGH,Yes,Pre-classified by arbeitnow scraper,Dein Profil Zur Verstärkung unseres Teams suchen wir eine analytisch denkende Persönlichkeit mit Interesse an datenbasierter Medienanalyse und neuen Technologien. Die Rolle eignet sich sowohl für Beru...,listing_page,No,https://www.arbeitnow.com/jobs/companies/cognita-deutschland-gmbh/newsroom-editor-media-analyst-in-teilzeit-50-berlin-oder-remote-160278
N/A,"Senior IT Manager (m/w/d) (ID134) - volunteer, unpaid",Munich,N/A,N/A,N/A,N/A,arbeitnow,general,employer,N/A,N/A,N/A,remote,HIGH,Yes,Pre-classified by arbeitnow scraper,"EUSMS gGmbH is a passionate team of change-makers dedicated to making a profound impact in Kenya, East Africa, and beyond. Our organization stands for five core pillars: Entrepreneurship, Stoicism, Mi...",listing_page,No,https://www.arbeitnow.com/jobs/companies/eusms-ggmbh/senior-it-manager-id134-volunteer-unpaid-munich-298186
N/A,Technical Data Manager (m/w/d),Augsburg,N/A,N/A,N/A,N/A,arbeitnow,general,employer,N/A,N/A,N/A,remote,HIGH,Yes,Pre-classified by arbeitnow scraper,"BMF Group Die BMF Group ist ein Full Stack Serviceprovider mit Niederlassungen in Augsburg und Bardowick (bei Lüneburg). Seit über 35 Jahren begleiten wir europaweit Kunden im Mobilitäts‑, Räder‑ und ...",listing_page,No,https://www.arbeitnow.com/jobs/companies/bmf-media-information-technology-gmbh/technical-data-manager-augsburg-42188
N/A,Data Integration & API Engineer m/w/d - Bi & Data Automation,Hamburg,N/A,N/A,N/A,N/A,arbeitnow,general,employer,N/A,N/A,N/A,remote,HIGH,Yes,Pre-classified by arbeitnow scraper,"loyos bi ist ein wachsendes SaaS-Unternehmen aus Hamburg. Unsere Financial Management Suite und HR Reporting Suite auf Basis von Microsoft Power BI ermöglichen es Unternehmen, Finanz- und HR-Daten kla...",listing_page,No,https://www.arbeitnow.com/jobs/companies/loyos-bi-gmbh/data-integration-api-engineer-bi-data-automation-hamburg-66228
N/A,Senior Performance Marketing Manager (Remote in DE) - all genders,Cologne,N/A,N/A,N/A,N/A,arbeitnow,general,employer,N/A,N/A,N/A,remote,HIGH,Yes,Pre-classified by arbeitnow scraper,join the team High Budgets. Hoher Impact. Klare Verantwortung. Als Senior Performance Marketing Manager bei ADBAKER steuerst du 6- bis 7-stellige Paid Social Budgets für unterschiedliche Brands und en...,listing_page,No,https://www.arbeitnow.com/jobs/companies/adbaker/senior-performance-marketing-manager-remote-in-de-all-genders-cologne-92673
N/A,"BI Platform & Data Automation Engineer(m/w/d) - PowerBI, Power Automate & Microsoft Fabric",Hamburg,N/A,N/A,N/A,N/A,arbeitnow,general,employer,N/A,N/A,N/A,remote,HIGH,Yes,Pre-classified by arbeitnow scraper,"loyos bi ist ein wachsendes SaaS-Unternehmen aus Hamburg. Unsere Financial Management Suite und HR Reporting Suite auf Basis von Microsoft Power BI ermöglichen es Unternehmen, Finanz- und HR-Daten kla...",listing_page,No,https://www.arbeitnow.com/jobs/companies/loyos-bi-gmbh/bi-platform-data-automation-engineer-powerbi-power-automate-microsoft-fabric-hamburg-108979
N/A,Training Operations Intern / Werkstudent:in,Berlin,N/A,N/A,N/A,N/A,arbeitnow,general,employer,N/A,N/A,N/A,remote,HIGH,Yes,Pre-classified by arbeitnow scraper,"Hi there, if you genuinely love project planning and management, live and breathe Excel, and want to use AI to automate the work you do every day, keep on reading :) You will help diligently run the o...",listing_page,No,https://www.arbeitnow.com/jobs/companies/bots-and-people-product-gmbh/training-operations-intern-werkstudentin-berlin-61014
N/A,Junior Performance Marketing Manager (all genders),Berlin,N/A,N/A,N/A,N/A,arbeitnow,general,employer,N/A,N/A,N/A,remote,HIGH,Yes,Pre-classified by arbeitnow scraper,"Welcome to Glow25! We are a dynamic, fast-growing beauty and pro-aging company based in Berlin. Our heartfelt mission: Glow moments that last — for our community and for us as a team. Work at Glow25 s...",listing_page,No,https://www.arbeitnow.com/jobs/companies/glow25-by-primal-state-performance-gmbh/junior-performance-marketing-manager-all-genders-berlin-155983
N/A,Client Relations Manager (B2C) (m/w/d) | 100% remote,Neuss,N/A,N/A,N/A,N/A,arbeitnow,general,employer,N/A,N/A,N/A,remote,HIGH,Yes,Pre-classified by arbeitnow scraper,"Wir suchen einen Customer Success Manager (B2C) der eigenverantwortlich einen festen Kundenstamm von ca. 2.000+ Kunden betreut. Du bist der zentrale Ansprechpartner und sorgst dafür, dass unsere Kunde...",listing_page,No,https://www.arbeitnow.com/jobs/companies/smartkundigen-ohg/client-relations-manager-b2c-100-remote-neuss-104651
N/A,Kundenbetreuungsmanager (B2C) | 100% remote,Neuss,N/A,N/A,N/A,N/A,arbeitnow,general,employer,N/A,N/A,N/A,remote,HIGH,Yes,Pre-classified by arbeitnow scraper,"Wir suchen einen Customer Success Manager (B2C) der eigenverantwortlich einen festen Kundenstamm von ca. 2.000+ Kunden betreut. Du bist der zentrale Ansprechpartner und sorgst dafür, dass unsere Kunde...",listing_page,No,https://www.arbeitnow.com/jobs/companies/smartkundigen-ohg/kundenbetreuungsmanager-b2c-100-remote-neuss-141522
N/A,Customer Success Manager (B2C) (m/w/d) | 100% remote,Neuss,N/A,N/A,N/A,N/A,arbeitnow,general,employer,N/A,N/A,N/A,remote,HIGH,Yes,Pre-classified by arbeitnow scraper,"Wir suchen einen Customer Success Manager (B2C) der eigenverantwortlich einen festen Kundenstamm von ca. 2.000+ Kunden betreut. Du bist der zentrale Ansprechpartner und sorgst dafür, dass unsere Kunde...",listing_page,No,https://www.arbeitnow.com/jobs/companies/smartkundigen-ohg/customer-success-manager-b2c-100-remote-neuss-197931
N/A,App Developer - Founding Member (m/w/d) - AI Health,Cologne,N/A,N/A,N/A,N/A,arbeitnow,general,employer,N/A,N/A,N/A,remote,HIGH,Yes,Pre-classified by arbeitnow scraper,"Wir bauen Deutschlands erste ganzheitliche KI-Gesundheits-App – und suchen jemanden, der sie lebendig macht. Unsere Vision : Die O App verbindet Körper, Psyche und Emotionen und bringt echte Gesundhei...",listing_page,No,https://www.arbeitnow.com/jobs/companies/o-app-holistic-health/app-developer-founding-member-freelance-cologne-452949
N/A,App Designer - Founding Member (m/w/d) - AI Health,Cologne,N/A,N/A,N/A,N/A,arbeitnow,general,employer,N/A,N/A,N/A,remote,HIGH,Yes,Pre-classified by arbeitnow scraper,"Wir bauen Deutschlands erste ganzheitliche KI-Gesundheits-App – und suchen jemanden, der sie lebendig macht. Unsere Vision : Die O App verbindet Körper, Psyche und Emotionen und bringt echte Gesundhei...",listing_page,No,https://www.arbeitnow.com/jobs/companies/o-app-holistic-health/app-designer-founding-member-freelance-cologne-67860
N/A,Remote Assistenz Immobilienverwaltung & Vermietung (m/w/d) VZ/TZ/MJ (100% Homeoffice),Essen,N/A,N/A,N/A,N/A,arbeitnow,general,employer,N/A,N/A,N/A,remote,HIGH,Yes,Pre-classified by arbeitnow scraper,"Die SN Immobilien GmbH ist ein Immobilienunternehmen mit Sitz in Essen und spezialisiert auf den Erwerb, die Verwaltung und die Veräußerung von Immobilien. Unser Fokus liegt auf einer professionellen,...",listing_page,No,https://www.arbeitnow.com/jobs/companies/sn-immobilien-gmbh/remote-assistenz-immobilienverwaltung-vermietung-vz-tz-mj-100-homeoffice-essen-261359
N/A,Team Lead Customer Onboarding (m/w/d),Berlin,N/A,N/A,N/A,N/A,arbeitnow,general,employer,N/A,N/A,N/A,remote,HIGH,Yes,Pre-classified by arbeitnow scraper,"Your mission Schön, dass Du auf unsere Ausschreibung gestoßen bist - wir sind SIDES - die richtige Wahl wenn Du ein motiviertes und inspirierendes Arbeitsumfeld suchst!! Für unser Customer Success-Tea...",listing_page,No,https://www.arbeitnow.com/jobs/companies/sides-simplydelivery-gmbh/team-lead-customer-onboarding-berlin-221844
N/A,Praktikant Marketing Manager (m/w/d),Munich,N/A,N/A,N/A,N/A,arbeitnow,general,employer,N/A,N/A,N/A,remote,HIGH,Yes,Pre-classified by arbeitnow scraper,"energized& – Dein Growth Partner aus deiner Branche. Wir sind eine tech- und datengetriebene Unternehmensberatung, die B2B-Unternehmen aus den Bereichen New Energy und E-Mobility unterstützt. Mit tech...",listing_page,No,https://www.arbeitnow.com/jobs/companies/energized-company-gmbh/praktikant-marketing-manager-munich-155870
N/A,Praktikant Marketing & Content Creation (m/w/d) 100 Prozent im Home-Office,Herford,N/A,N/A,N/A,N/A,arbeitnow,general,employer,N/A,N/A,N/A,remote,HIGH,Yes,Pre-classified by arbeitnow scraper,Praktikant Marketing & Content Creation (m/w/d) Über uns: Wir bei Canicu machen das Leben von Hunden besser – und das ihrer Menschen gleich mit. Als eine der am schnellsten wachsenden Premium-Marken f...,listing_page,No,https://www.arbeitnow.com/jobs/companies/canicu/praktikant-marketing-content-creation-100-prozent-im-home-office-herford-213471
N/A,Opener/Terminsetter,Düsseldorf,N/A,N/A,N/A,N/A,arbeitnow,general,employer,N/A,N/A,N/A,remote,HIGH,Yes,Pre-classified by arbeitnow scraper,"Ort: Deutschland (Remote möglich) Start: ab sofort Pensum: Teilzeit, Stundenbasis oder Freelancer Vergütung: Stundenhonorar + leistungsbasierte Provision (bis zu EUR 1.500 monatlich) + Abschlussbonus ...",listing_page,No,https://www.arbeitnow.com/jobs/companies/ariscon-gmbh/opener-terminsetter-dusseldorf-38141
N/A,Professional Social-Media-Marketing-Manager (SMM) (m/w/d),Berlin,N/A,N/A,N/A,N/A,arbeitnow,general,employer,N/A,N/A,N/A,remote,HIGH,Yes,Pre-classified by arbeitnow scraper,"ARBEITEN BEI CAMEDIA Als junge und innovative Marketing-Agentur mit einer breiten Palette an Online-Marketing-Maßnahmen liegt unser Fokus auf SEO, SEA und Social Media Marketing. Wir legen großen Wert...",listing_page,No,https://www.arbeitnow.com/jobs/companies/camedia-gmbh/social-media-marketing-manager-smm-berlin-24738
N/A,(Senior) Technical Product Owner (m/f/d) REMOTE,Bonn,N/A,N/A,N/A,N/A,arbeitnow,general,employer,N/A,N/A,N/A,remote,HIGH,Yes,Pre-classified by arbeitnow scraper,"As a (Senior) Technical Product Owner, you will maximize product value by translating business and customer needs into clear, technically sound requirements that enable high‑quality delivery. You will...",listing_page,No,https://www.arbeitnow.com/jobs/companies/allocnow-gmbh/senior-technical-product-owner-remote-bonn-196783
N/A,HR/Recruiter Intern: Unpaid Part Time Mandatory Internship @ early stage startup,Berlin,N/A,N/A,N/A,N/A,arbeitnow,general,employer,N/A,N/A,N/A,remote,HIGH,Yes,Pre-classified by arbeitnow scraper,"About Occibo Occibo[occibo dot com] is a SaaS platform that helps creators build children’s books from manuscript to print ready output along with marketing assets. We focus on speed, quality, and sim...",listing_page,No,https://www.arbeitnow.com/jobs/companies/indiekidz-gmbh/hr-recruiter-intern-unpaid-part-time-mandatory-internship-at-early-stage-startup-berlin-397959
N/A,Werkstudent (m/w/d) Digital Marketing & Experience – Wildes Land,Munich,N/A,N/A,N/A,N/A,arbeitnow,general,employer,N/A,N/A,N/A,remote,HIGH,Yes,Pre-classified by arbeitnow scraper,"Deine Aufgaben Zur Unterstützung unseres Wildes Land Brand Teams suchen wir einen motivierten Werkstudenten, der unsere Leidenschaft für Haustiere teilt und uns im Bereich Online Shop & Digital Experi...",listing_page,No,https://www.arbeitnow.com/jobs/companies/alphapet-ventures-gmbh/werkstudent-digital-marketing-experience-wildes-land-munich-445393
N/A,Finance Associate - Remote (m/w/d),Nottensdorf,N/A,N/A,N/A,N/A,arbeitnow,general,employer,N/A,N/A,N/A,remote,HIGH,Yes,Pre-classified by arbeitnow scraper,Finton Advisors ist eine Tech-Enabled Finance & BI Boutique Beratung. Durch den Einsatz künstlicher Intelligenz und Prozessautomatisierung unterstützen wir Unternehmen ganzheitlich in den Bereichen Fi...,listing_page,No,https://www.arbeitnow.com/jobs/companies/finton-advisors-by-efpinai-gmbh/finance-associate-remote-nottensdorf-385549
N/A,Remote Chatter,Bad Dürrheim,N/A,N/A,N/A,N/A,arbeitnow,general,employer,N/A,N/A,N/A,remote,HIGH,Yes,Pre-classified by arbeitnow scraper,"📍 100% Remote | 🌍 International Team | ⏰ Full-Time Looking for a remote role where communication, responsibility, and flexibility come together? This might be a strong fit. Tasks Your Responsibilities...",listing_page,No,https://www.arbeitnow.com/jobs/companies/pooglewoogle/remote-chatter-bad-durrheim-461274
N/A,Senior Full Stack Engineer,Berlin,N/A,N/A,N/A,N/A,arbeitnow,general,employer,N/A,N/A,N/A,remote,HIGH,Yes,Pre-classified by arbeitnow scraper,"Coding Partners is a dynamic software development agency specializing in empowering softare companies to build and ship products faster. We deliver custom, scalable software solutions and provide expe...",listing_page,No,https://www.arbeitnow.com/jobs/companies/coding-partners/senior-full-stack-engineer-berlin-391720
N/A,Client Relations Manager (B2C) (m/w/d) | 100% remote,Neuss,N/A,N/A,N/A,N/A,arbeitnow,general,employer,N/A,N/A,N/A,remote,HIGH,Yes,Pre-classified by arbeitnow scraper,"Wir suchen einen Customer Success Manager (B2C) der eigenverantwortlich einen festen Kundenstamm von ca. 2.000+ Kunden betreut. Du bist der zentrale Ansprechpartner und sorgst dafür, dass unsere Kunde...",listing_page,No,https://www.arbeitnow.com/jobs/companies/smartkundigen-ohg/client-relations-manager-b2c-100-remote-neuss-428211
N/A,Kundenbetreuungsmanager (B2C) | 100% remote,Neuss,N/A,N/A,N/A,N/A,arbeitnow,general,employer,N/A,N/A,N/A,remote,HIGH,Yes,Pre-classified by arbeitnow scraper,"Wir suchen einen Customer Success Manager (B2C) der eigenverantwortlich einen festen Kundenstamm von ca. 2.000+ Kunden betreut. Du bist der zentrale Ansprechpartner und sorgst dafür, dass unsere Kunde...",listing_page,No,https://www.arbeitnow.com/jobs/companies/smartkundigen-ohg/kundenbetreuungsmanager-b2c-100-remote-neuss-236291
N/A,Customer Support Manager (m/w/d),Gladenbach,N/A,N/A,N/A,N/A,arbeitnow,general,employer,N/A,N/A,N/A,remote,HIGH,Yes,Pre-classified by arbeitnow scraper,"Wir bei Pacemo sind auf der Suche nach engagierten und motivierten Customer Support Manager:innen, der/die unser Team verstärkt. Pacemo ist Teil der internationalen Memcare Group und strömt in eine Br...",listing_page,No,https://www.arbeitnow.com/jobs/companies/pacemo-gmbh-digitalisierung-im-bestattungswesen/customer-support-manager-gladenbach-45340
N/A,SAP FI Consultant (m/w/d),Düsseldorf,N/A,N/A,N/A,N/A,arbeitnow,general,employer,N/A,N/A,N/A,remote,HIGH,Yes,Pre-classified by arbeitnow scraper,Die Manß & Partner GmbH sucht zum nächstmöglichen Zeitpunkt einen SAP FI Consultant (w/m/d) . Als SAP Beratungshaus und Silver Partner der SAP SE realisieren wir seit über 30 Jahren erfolgreich Projek...,listing_page,No,https://www.arbeitnow.com/jobs/companies/manss-partner-gmbh/sap-fi-consultant-dusseldorf-434581
N/A,Testmanager (w/m/d) für Testautomatisierung,Münster,N/A,N/A,N/A,N/A,arbeitnow,general,employer,N/A,N/A,N/A,remote,HIGH,Yes,Pre-classified by arbeitnow scraper,"Als Testmanager:in übernimmst Du Verantwortung für die Qualitätssicherung komplexer Softwarelösungen. Du planst und steuerst Testaktivitäten, koordinierst Testteams und sorgst dafür, dass Anforderunge...",listing_page,No,https://www.arbeitnow.com/jobs/companies/bbht-beratungsgesellschaft-mbh-co-kg/testmanager-fur-testautomatisierung-munster-232406
N/A,Kundenbetreuung in der Finanzbuchhaltung - FinTech - Scale-Up - 100% von Zuhause,Hamburg,N/A,N/A,N/A,N/A,arbeitnow,general,employer,N/A,N/A,N/A,remote,HIGH,Yes,Pre-classified by arbeitnow scraper,"Wir von pathway solutions haben ein klares Ziel: Die Buchhaltung gemeinsam mit dir zu revolutionieren! Ob Shopify-Startups oder SaaS-Unternehmen – unsere Software automatisiert Buchhaltungsprozesse, d...",listing_page,No,https://www.arbeitnow.com/jobs/companies/pathway-solutions-gmbh/kundenbetreuung-in-der-finanzbuchhaltung-fintec-scale-up-100-von-zuhause-hamburg-112026
N/A,Java Softwareentwickler (w/m/d),Münster,N/A,N/A,N/A,N/A,arbeitnow,general,employer,N/A,N/A,N/A,remote,HIGH,Yes,Pre-classified by arbeitnow scraper,"Als Java Entwickler:in gestaltest Du von der technischen Konzeption, bis hin zur erfolgreichen Implementierung, die Softwareentwicklungsprojekte unserer Kunden. Dabei bringst Du Dein technisches Know-...",listing_page,No,https://www.arbeitnow.com/jobs/companies/bbht-beratungsgesellschaft-mbh-co-kg/java-softwareentwicklerin-backend-microservices-munster-15140
N/A,Laravel Developer (m/w/d) - AI-First PropTech,Korntal-Münchingen,N/A,N/A,N/A,N/A,arbeitnow,general,employer,N/A,N/A,N/A,remote,HIGH,Yes,Pre-classified by arbeitnow scraper,"Immovara ist ein junges Start-up, das innovative Produkte für die Immobilienbranche entwickelt (RentUpp). AI ist bei uns nicht nur Feature, sondern die Grundlage unserer gesamten Arbeitsweise - wir ne...",listing_page,No,https://www.arbeitnow.com/jobs/companies/immovara-gmbh/laravel-developer-ai-first-proptech-korntal-munchingen-471269
N/A,Customer Success Manager (B2C) (m/w/d) | 100% remote,Neuss,N/A,N/A,N/A,N/A,arbeitnow,general,employer,N/A,N/A,N/A,remote,HIGH,Yes,Pre-classified by arbeitnow scraper,"Wir suchen einen Customer Success Manager (B2C) der eigenverantwortlich einen festen Kundenstamm von ca. 2.000+ Kunden betreut. Du bist der zentrale Ansprechpartner und sorgst dafür, dass unsere Kunde...",listing_page,No,https://www.arbeitnow.com/jobs/companies/smartkundigen-ohg/customer-success-manager-b2c-100-remote-neuss-140064
N/A,"Marketing & Customer Experience, Working Student",Berlin,N/A,N/A,N/A,N/A,arbeitnow,general,employer,N/A,N/A,N/A,remote,HIGH,Yes,Pre-classified by arbeitnow scraper,"Flybaby makes baby carriers that parents and babies actually love. We're a small, passionate team in Berlin building a brand that stands for movement, freedom, and the joy of keeping your little one c...",listing_page,No,https://www.arbeitnow.com/jobs/companies/flybaby-gmbh/marketing-customer-experience-working-student-berlin-17683
N/A,Qualitäts- und Testingenieur SAP (m/w/d) (Ref.Nr.: 46616),Munich,N/A,N/A,N/A,N/A,arbeitnow,general,employer,N/A,N/A,N/A,remote,HIGH,Yes,Pre-classified by arbeitnow scraper,Wir suchen zwei erfahrene Senior Quality- / Test-Engineers (m/w/d) für SAP-Verfahren zur Unterstützung eines agilen Entwicklungsteams. In dieser Rolle begleiten Sie die Qualitätssicherung und Testauto...,listing_page,No,https://www.arbeitnow.com/jobs/companies/wavestone-germany-ag/qualitats-und-testingenieur-sap-refnr-46616-munich-434811
N/A,Gebietsverkaufsleiter/ Rehafachberater Baden-Württemberg,Stuttgart,N/A,N/A,N/A,N/A,arbeitnow,general,employer,N/A,N/A,N/A,remote,HIGH,Yes,Pre-classified by arbeitnow scraper,Ihre Aufgaben: Aufbau und Ausbau des bestehenden Absatzmarktes in der Region Aktive Neukundengewinnung und Bestandskundenbetreuung von Sanitätshäusern und Medizinproduktehändlern Planung und Durchführ...,listing_page,No,https://www.arbeitnow.com/jobs/companies/vermeiren-deutschland-gmbh/gebietsverkaufsleiter-rehafachberater-baden-wurttemberg-stuttgart-465063
N/A,Customer Success Manager SEO/GEO (m/w/d),Freiburg im Breisgau,N/A,N/A,N/A,N/A,arbeitnow,general,employer,N/A,N/A,N/A,remote,HIGH,Yes,Pre-classified by arbeitnow scraper,"Finseo ist eine Plattform für Generative Engine Optimization (GEO) und AI-Visibility-Tracking. Wir helfen Marken dabei, in der neuen Welt der KI-Suche – ChatGPT, Claude, Perplexity, Gemini & Co. – sic...",listing_page,No,https://www.arbeitnow.com/jobs/companies/finseo-gmbh/customer-success-manager-freiburg-im-breisgau-69724
N/A,Applied AI Engineer - Remote,Cologne,N/A,N/A,N/A,N/A,arbeitnow,general,employer,N/A,N/A,N/A,remote,HIGH,Yes,Pre-classified by arbeitnow scraper,"👋 Welcome to dexter health! At dexter health, we build AI-powered software for care teams. Our mission is to reduce administrative workload in healthcare so caregivers can spend more time with patient...",listing_page,No,https://www.arbeitnow.com/jobs/companies/dexter-health/applied-ai-engineer-remote-cologne-2870
N/A,Python Backend Engineer - Remote,Cologne,N/A,N/A,N/A,N/A,arbeitnow,general,employer,N/A,N/A,N/A,remote,HIGH,Yes,Pre-classified by arbeitnow scraper,"👋 Welcome to dexter health! At dexter health, we build AI-powered software for care teams. Our mission is to reduce administrative workload in healthcare so caregivers can spend more time with patient...",listing_page,No,https://www.arbeitnow.com/jobs/companies/dexter-health/python-backend-engineer-remote-cologne-34228
N/A,AI Engineer (LLM Products) - Remote,Cologne,N/A,N/A,N/A,N/A,arbeitnow,general,employer,N/A,N/A,N/A,remote,HIGH,Yes,Pre-classified by arbeitnow scraper,"👋 Welcome to dexter health! At dexter health, we build AI-powered software for care teams. Our mission is to reduce administrative workload in healthcare so caregivers can spend more time with patient...",listing_page,No,https://www.arbeitnow.com/jobs/companies/dexter-health/ai-engineer-llm-products-remote-cologne-236027
N/A,"Backend Python Engineer (APIs, Databases & Cloud) - Remote",Cologne,N/A,N/A,N/A,N/A,arbeitnow,general,employer,N/A,N/A,N/A,remote,HIGH,Yes,Pre-classified by arbeitnow scraper,"👋 Welcome to dexter health! At dexter health, we build AI-powered software for care teams. Our mission is to reduce administrative workload in healthcare so caregivers can spend more time with patient...",listing_page,No,https://www.arbeitnow.com/jobs/companies/dexter-health/backend-python-engineer-apis-databases-cloud-remote-cologne-274767
N/A,Founders Associate Intern (m/w/d),Munich,N/A,N/A,N/A,N/A,arbeitnow,general,employer,N/A,N/A,N/A,remote,HIGH,Yes,Pre-classified by arbeitnow scraper,"Als Founders Associate Intern unterstützt du uns beim Aufbau unseres Vertriebspartnernetzwerks, bei der Optimierung unserere Top-Funnel Vertriebsprozesse und arbeitest eng mit unserem CEO zusammen. Du...",listing_page,No,https://www.arbeitnow.com/jobs/companies/spreadly-gmbh/founders-associate-intern-munich-457487
N/A,Founders Associate,Munich,N/A,N/A,N/A,N/A,arbeitnow,general,employer,N/A,N/A,N/A,remote,HIGH,Yes,Pre-classified by arbeitnow scraper,MediMeets ist die zentrale Plattform für die Digitalisierung deutscher Arztpraxen. Wir verbinden Ärzt:innen mit den richtigen digitalen Tools und unterstützen Praxisgründer:innen und Übernehmer:innen ...,listing_page,No,https://www.arbeitnow.com/jobs/companies/medimeets-digital-health-hub/founders-associate-munich-19616
N/A,Senior Social Media Expert (m/w/d),Berlin,N/A,N/A,N/A,N/A,arbeitnow,general,employer,N/A,N/A,N/A,remote,HIGH,Yes,Pre-classified by arbeitnow scraper,"Wir sind Wachstums-Partner für über 100 der größten Deutschen B2C Brands wie zB. AG1, AirUp, TOOM Baumarkt & Smilodox und suchen aktuell Creative Strategists (m/w/d). Als Senior Social Media Expert (m...",listing_page,No,https://www.arbeitnow.com/jobs/companies/realstudio-gmbh/senior-social-media-expert-berlin-390268
N/A,"Technischer Kundenservice - 100% remote, auch aus dem Ausland & gut bezahlt",Reichartshausen,N/A,N/A,N/A,N/A,arbeitnow,general,employer,N/A,N/A,N/A,remote,HIGH,Yes,Pre-classified by arbeitnow scraper,"Ein Unternehmen aus der IT-Branche, das sich auf smarte Lösungen im Haustierbereich spezialisiert hat, entwickelt innovative Produkte zur Unterstützung von Haustierbesitzern. Das Hauptprodukt ist ein ...",listing_page,No,https://www.arbeitnow.com/jobs/companies/peters-und-partner/technischer-kundenservice-100-remote-auch-aus-dem-ausland-gut-bezahlt-reichartshausen-262878
N/A,Sales Engineer F/M/D,Munich,N/A,N/A,N/A,N/A,arbeitnow,general,employer,N/A,N/A,N/A,remote,HIGH,Yes,Pre-classified by arbeitnow scraper,Sales Engineer (m/f/d) Remote position | Germany Are you an experienced Sales Engineer with a strong background in electronics and business development ? Do you want to grow and own the German market ...,listing_page,No,https://www.arbeitnow.com/jobs/companies/icape-group/sales-engineer-munich-388814
N/A,Influencer & Creator Marketing Manager (m/w/d),Berlin,N/A,N/A,N/A,N/A,arbeitnow,general,employer,N/A,N/A,N/A,remote,HIGH,Yes,Pre-classified by arbeitnow scraper,"Wir sind Wachstums-Partner für über 100 der größten Deutschen B2C Brands wie zB. AG1, AirUp, TOOM Baumarkt & Smilodox und suchen aktuell Creative Strategists (m/w/d). Als Influencer & Creator Marketin...",listing_page,No,https://www.arbeitnow.com/jobs/companies/realstudio-gmbh/influencer-creator-marketing-manager-berlin-226500
N/A,Social Media Manager (m/w/d),Berlin,N/A,N/A,N/A,N/A,arbeitnow,general,employer,N/A,N/A,N/A,remote,HIGH,Yes,Pre-classified by arbeitnow scraper,"Wir sind Wachstums-Partner für über 100 der größten Deutschen B2C Brands wie zB. AG1, AirUp, TOOM Baumarkt & Smilodox und suchen aktuell Creative Strategists (m/w/d). Als Creative Strategist (m/w/d) v...",listing_page,No,https://www.arbeitnow.com/jobs/companies/realstudio-gmbh/social-media-manager-berlin-216853
N/A,Junior PR Manager (m/w/d) – Remote oder Berlin,Berlin,N/A,N/A,N/A,N/A,arbeitnow,general,employer,N/A,N/A,N/A,remote,HIGH,Yes,Pre-classified by arbeitnow scraper,"Overview Du denkst wie eine Redaktion – und lieferst Themen, die Medien wirklich interessieren? Dann bist du bei uns richtig. getpress bietet PR Lösungen für starke Wachstumsunternehmen. Transparent, ...",listing_page,No,https://www.arbeitnow.com/jobs/companies/getpress/junior-pr-manager-remote-oder-berlin-193557
N/A,Copywriter / Creative Strategist im E-Commerce (m/w/d),Berlin,N/A,N/A,N/A,N/A,arbeitnow,general,employer,N/A,N/A,N/A,remote,HIGH,Yes,Pre-classified by arbeitnow scraper,"Wir sind Wachstums-Partner für über 100 der größten Deutschen B2C Brands wie zB. AG1, AirUp, TOOM Baumarkt & Smilodox und suchen aktuell Creative Strategists (m/w/d). Als Creative Strategist (m/w/d) v...",listing_page,No,https://www.arbeitnow.com/jobs/companies/realstudio-gmbh/copywriter-creative-strategist-im-e-commerce-berlin-97006
N/A,Creative Strategist (m/w/d),Berlin,N/A,N/A,N/A,N/A,arbeitnow,general,employer,N/A,N/A,N/A,remote,HIGH,Yes,Pre-classified by arbeitnow scraper,"Wir sind Wachstums-Partner für über 100 der größten Deutschen B2C Brands wie zB. AG1, AirUp, TOOM Baumarkt & Smilodox und suchen aktuell Creative Strategists (m/w/d). Als Creative Strategist (m/w/d) v...",listing_page,No,https://www.arbeitnow.com/jobs/companies/realstudio-gmbh/creative-strategist-berlin-376450
N/A,Lead Paid Search / SEA (m/w/d) | 100 % remote | Voll- oder Teilzeit,Stuttgart,N/A,N/A,N/A,N/A,arbeitnow,general,employer,N/A,N/A,N/A,remote,HIGH,Yes,Pre-classified by arbeitnow scraper,"Du willst Paid Search nicht nur betreuen, sondern wirklich weiterentwickeln? Paid Search steht an einem Wendepunkt. AI, Automatisierung, Performance Max, Feed-Qualität, First-Party-Data und neue Searc...",listing_page,No,https://www.arbeitnow.com/jobs/companies/hurracom/lead-paid-search-sea-100-remote-voll-oder-teilzeit-stuttgart-104144
N/A,Lead Customer Success Manager,Berlin,N/A,N/A,N/A,N/A,arbeitnow,general,employer,N/A,N/A,N/A,remote,HIGH,Yes,Pre-classified by arbeitnow scraper,"Lead the team. Own the outcomes. Shape what customer success means at babelforce. We’re looking for a senior, technically capable leader to head up our Customer Success function. You’ll manage a team ...",listing_page,No,https://www.arbeitnow.com/jobs/companies/babelforce-gmbh/lead-customer-success-manager-berlin-336211
N/A,Head of Marketing (m/w/d),Hamburg,N/A,N/A,N/A,N/A,arbeitnow,general,employer,N/A,N/A,N/A,remote,HIGH,Yes,Pre-classified by arbeitnow scraper,"Wir sind Start to Finish. Kein Startup kann wachsen ohne das richtige Team: Aus diesem Grund unterstützen wir aufstrebende Startups und Growth Companies wie Snocks, Seller X, Mellow Noir, Pets Deli un...",listing_page,No,https://www.arbeitnow.com/jobs/companies/start-to-finish-consulting-gmbh/head-of-marketing-hamburg-343977
N/A,(Senior) Analytics Engineer (gn),Berlin,N/A,N/A,N/A,N/A,arbeitnow,general,employer,N/A,N/A,N/A,remote,HIGH,Yes,Pre-classified by arbeitnow scraper,"Deine Aufgaben Die Bikeleasing-Gruppe hat sich zu einer führenden Unternehmensgruppe für Arbeitgeber-Benefits und Mobilitätslösungen entwickelt. Sie umfasst fünf spezialisierte Unternehmen, darunter M...",listing_page,No,https://www.arbeitnow.com/jobs/companies/bikeleasing-service-gmbh-co-kg/senior-analytics-engineer-gn-berlin-72526
N/A,Senior Analytics Engineer (gn),Berlin,N/A,N/A,N/A,N/A,arbeitnow,general,employer,N/A,N/A,N/A,remote,HIGH,Yes,Pre-classified by arbeitnow scraper,"Your mission The Bikeleasing Group has developed into a leading group of companies for employer benefits and mobility solutions. It comprises five specialized companies, including multi-benefit provid...",listing_page,No,https://www.arbeitnow.com/jobs/companies/bikeleasing-service-gmbh-co-kg/senior-analytics-engineer-gn-berlin-158891
N/A,Fullstack Softwareentwickler (m/w/d),Braunschweig,N/A,N/A,N/A,N/A,arbeitnow,general,employer,N/A,N/A,N/A,remote,HIGH,Yes,Pre-classified by arbeitnow scraper,Möchtest du moderne Anwendungen ganzheitlich entwickeln – vom Backend über APIs bis hin zum Frontend? Arbeitest du gerne mit skalierbaren Architekturen und fühlst dich in agilen Teams wohl? Dann könnt...,listing_page,No,https://www.arbeitnow.com/jobs/companies/tecfox-gmbh/fullstack-softwareentwickler-braunschweig-405178
N/A,E-Commerce Developer (m/w/d),Mannheim,N/A,N/A,N/A,N/A,arbeitnow,general,employer,N/A,N/A,N/A,remote,HIGH,Yes,Pre-classified by arbeitnow scraper,"Zur Verstärkung unseres Teams im Bereich Customer Experience und E-Commerce suchen wir einen E-Commerce Developer (m/w/d) mit Schwerpunkt SAP Commerce, der/die mit technischem Know-how und Eigeninitia...",listing_page,No,https://www.arbeitnow.com/jobs/companies/avvale-gmbh/e-commerce-developer-mannheim-384032
N/A,Frontend Softwareentwickler (m/w/d),Braunschweig,N/A,N/A,N/A,N/A,arbeitnow,general,employer,N/A,N/A,N/A,remote,HIGH,Yes,Pre-classified by arbeitnow scraper,"Begeisterst du dich für moderne Webinterfaces, sauber strukturierten Code und performante Single-Page-Anwendungen? Dann könnte TecFox genau das richtige Unternehmen für dich sein. Als zukunftsorientie...",listing_page,No,https://www.arbeitnow.com/jobs/companies/tecfox-gmbh/frontend-softwareentwickler-braunschweig-341792
N/A,"Online-Redakteur:in (m/w/d) - Minijob (Remote, LinkedIn & Personal Branding)",Cologne,N/A,N/A,N/A,N/A,arbeitnow,general,employer,N/A,N/A,N/A,remote,HIGH,Yes,Pre-classified by arbeitnow scraper,"Unser Tochterunternehmen ""WhyWords"" arbeitet an der Schnittstelle von Positionierung, Inhalt und Wirkung - mit klarem Fokus auf LinkedIn. Unsere Kund:innen sind keine anonymen Marken, sondern Persönli...",listing_page,No,https://www.arbeitnow.com/jobs/companies/kiwimo-product-gmbh/online-redakteurin-minijob-remote-linkedin-personal-branding-cologne-430416
N/A,"KI Content Creator (Remote, 16-20h/Woche, Werkstudent/in m/w/d)",Düsseldorf,N/A,N/A,N/A,N/A,arbeitnow,general,employer,N/A,N/A,N/A,remote,HIGH,Yes,Pre-classified by arbeitnow scraper,"Die ParkEfficient GmbH ist ein Softwareunternehmen für digitales Park- und Arbeitsplatzmanagement. Mit ParkEfficient und OfficeEfficient helfen wir Unternehmen, Flächen effizienter zu nutzen, Prozesse...",listing_page,No,https://www.arbeitnow.com/jobs/companies/parkefficient/ki-content-creator-remote-dusseldorf-129693
N/A,Shopify Senior Backend Engineer / Java - (Spring Boot 3) (GCP / Azure / AWS) - remote in EU,Hamburg,N/A,N/A,N/A,N/A,arbeitnow,general,employer,N/A,N/A,N/A,remote,HIGH,Yes,Pre-classified by arbeitnow scraper,"At Pathway Solutions GmbH , we're on a mission to automate accounting for E-Commerce and SaaS companies. Our goal is to free 10,000 entrepreneurs from the burden of manual bookkeeping so they can focu...",listing_page,No,https://www.arbeitnow.com/jobs/companies/pathway-solutions-gmbh/shopify-senior-backend-engineer-java-spring-boot-3-gcp-azure-aws-remote-in-eu-hamburg-416468
N/A,Senior Fullstack Entwickler (alle Geschlechter),Fulda,N/A,N/A,N/A,N/A,arbeitnow,general,employer,N/A,N/A,N/A,remote,HIGH,Yes,Pre-classified by arbeitnow scraper,"Aufgaben Du entwickelst kundenspezifische Lösungen im Bereich Dokumentenmanagement und Prozessautomatisierung – im Backend (Java) und Frontend (moderne Web-Technologien) Die Arbeit mit Anwendungen, di...",listing_page,No,https://www.arbeitnow.com/jobs/companies/it-novum/senior-fullstack-entwickler-alle-geschlechter-fulda-383482
N/A,Fullstack-Developer*in (m/w/d) Web & AI Automation,Nuremberg,N/A,N/A,N/A,N/A,arbeitnow,general,employer,N/A,N/A,N/A,remote,HIGH,Yes,Pre-classified by arbeitnow scraper,"Vollzeit oder Teilzeit. Hybrid bis zu 100% Remote. Du brennst für moderne Webtechnologien und verstehst KI nicht nur als Schreibhilfe, sondern als mächtiges Werkzeug in der Softwareentwicklung? Dann g...",listing_page,No,https://www.arbeitnow.com/jobs/companies/neobird-digital/fullstack-developerin-web-ai-automation-nuremberg-157752
N/A,SAP HCM Berater:in,Frankfurt am Main,N/A,N/A,N/A,N/A,arbeitnow,general,employer,N/A,N/A,N/A,remote,HIGH,Yes,Pre-classified by arbeitnow scraper,"Aufgaben SAP HCM Berater:in (m/w/d) gesucht - Deutschlandweit | 100% Remote Sind Sie ein erfahrener SAP HCM Berater:in? Unser Klient, ein international tätiges Beratungshaus, sucht dringend nach Berat...",listing_page,No,https://www.arbeitnow.com/jobs/companies/pertemps-erp/sap-hcm-beraterin-frankfurt-am-main-4086
N/A,SAP SD/MM Consultant,Frankfurt am Main,N/A,N/A,N/A,N/A,arbeitnow,general,employer,N/A,N/A,N/A,remote,HIGH,Yes,Pre-classified by arbeitnow scraper,"Wie stehen Sie zu einer neuen Herausforderung als SAP SD/MM Consultant? Lust in SAP Public Cloud zu arbeiten? Einer unserer Stammkunden, ein internationales Beratungshaus, sucht zum nächstmöglichen Ze...",listing_page,No,https://www.arbeitnow.com/jobs/companies/pertemps-erp/sap-sd-mm-consultant-frankfurt-am-main-315482
N/A,SAP Senior ABAP Entwickler,Frankfurt am Main,N/A,N/A,N/A,N/A,arbeitnow,general,employer,N/A,N/A,N/A,remote,HIGH,Yes,Pre-classified by arbeitnow scraper,"Gehalt : bis zu 100,000 Euro (abhängig von der Erfahrung) Sprachen : Deutsch (C1) und Englisch von Vorteil Meine Kunde, ein sehr wohlbekanntes Beratungshaus (SAP GOLD PARTNER) in Deutschland sucht mom...",listing_page,No,https://www.arbeitnow.com/jobs/companies/pertemps-erp/sap-senior-abap-entwickler-frankfurt-am-main-131179
N/A,Werkstudent (m/w/d) für die Weiterentwicklung der Betriebsmitteldatenbank in der Anlagenzertifizierung nach VDE-AR-N 4110 - REMOTE,Meldorf,N/A,N/A,N/A,N/A,arbeitnow,general,employer,N/A,N/A,N/A,remote,HIGH,Yes,Pre-classified by arbeitnow scraper,"Mitten im (Master-)Studium und so langsam wird’s Zeit für dich, praktische Erfahrungen zu sammeln? Dann komm zu uns ins Team, schnuppere motivierende Startup-Luft und hilf uns bei unserer Mission, ein...",listing_page,No,https://www.arbeitnow.com/jobs/companies/carbonfreed-gmbh/werkstudent-fur-die-weiterentwicklung-der-betriebsmitteldatenbank-in-der-anlagenzertifizierung-nach-vde-ar-n-4110-remote-meldorf-449978
N/A,Lead Consultant (m/w/d) SAP Data Engineering,Hamburg,N/A,N/A,N/A,N/A,arbeitnow,general,employer,N/A,N/A,N/A,remote,HIGH,Yes,Pre-classified by arbeitnow scraper,Seit über 25 Jahren verwandeln wir bei der Windhoff Group Daten in echte Geschäftschancen – von klassischer Business Intelligence bis zur KI-getriebenen Automatisierung. Dabei denken wir ganzheitlich:...,listing_page,No,https://www.arbeitnow.com/jobs/companies/windhoff-group/lead-consultant-sap-data-engineering-hamburg-133254
N/A,Performance Marketing (SEA/PPC) Manager (all genders),Hamburg,N/A,N/A,N/A,N/A,arbeitnow,general,employer,N/A,N/A,N/A,remote,HIGH,Yes,Pre-classified by arbeitnow scraper,"Wir sind die xpose360 GmbH, eine international agierende Online-Marketing-Agentur und stolzes Mitglied der 450 Kopf-starken Agentur-Gruppe „MAI Marketing. Automation. Intelligence.“. Unser Fokus liegt...",listing_page,No,https://www.arbeitnow.com/jobs/companies/mai-group/performance-marketing-sea-ppc-manager-all-genders-hamburg-164260
N/A,Intern/Praktikant - Startup Scout & Dealflow Manager (w/m/d),Lietzow,N/A,N/A,N/A,N/A,arbeitnow,general,employer,N/A,N/A,N/A,remote,HIGH,Yes,Pre-classified by arbeitnow scraper,"Der Founders Bay Impact Accelerator ist ein intensives, sechsmonatiges Vollzeitprogramm für Startup-Teams, das zweimal im Jahr stattfindet. Als Pioniere in der Förderung von Startups auch abseits der ...",listing_page,No,https://www.arbeitnow.com/jobs/companies/founders-bay/intern-praktikant-startup-scout-dealflow-manager-lietzow-94839
N/A,Werkstudentin / Praktikantin Marketing & Growth (m/w/d),Kassel,N/A,N/A,N/A,N/A,arbeitnow,general,employer,N/A,N/A,N/A,remote,HIGH,Yes,Pre-classified by arbeitnow scraper,"Werkstudentin / Praktikantin Marketing & Growth (m/w/d) SEO | Social Media | Wix Website | Leadgenerierung 📍 Remote / flexibel | Start: ab sofort Aufgaben Deine Aufgaben (Marketing, SEO & Growth) Webs...",listing_page,No,https://www.arbeitnow.com/jobs/companies/plus-placement-gmbh/werkstudentin-praktikantin-marketing-growth-kassel-488787
N/A,Head of Marketing (w/m/d) – AWS & Cloud Consulting,Hanover,N/A,N/A,N/A,N/A,arbeitnow,general,employer,N/A,N/A,N/A,remote,HIGH,Yes,Pre-classified by arbeitnow scraper,Jobbeschreibung Ambitious. Appreciative. Together - that's tecRacer! Als Head of Marketing (w/m/d) bei der tecRacer Germany GmbH übernimmst du die strategische und operative Gesamtverantwortung für un...,listing_page,No,https://www.arbeitnow.com/jobs/companies/tecracer-germany-gmbh/head-of-marketing-aws-cloud-consulting-hanover-298308
N/A,UGC Creator (m/w/d) - Fashion & Handtaschen,Stade,N/A,N/A,N/A,N/A,arbeitnow,general,employer,N/A,N/A,N/A,remote,HIGH,Yes,Pre-classified by arbeitnow scraper,"Du liebst es, vor der Kamera zu stehen, Taschen in Szene zu setzen & Reels zu produzieren, die hängen bleiben? Perfekt. Bei MAKANI – einem wachsenden E-Commerce-Brand im Fashion-Bereich mit Fokus auf ...",listing_page,No,https://www.arbeitnow.com/jobs/companies/makani-gmbh/ugc-creator-fashion-handtaschen-stade-7541
N/A,Ex Steuerfachangestellter / Digitaler Buchhalter im SaaS (m/w/d) - Finanzbranche - DATEV - remote,Hamburg,N/A,N/A,N/A,N/A,arbeitnow,general,employer,N/A,N/A,N/A,remote,HIGH,Yes,Pre-classified by arbeitnow scraper,"Wir von pathway solutions haben ein klares Ziel: Die Buchhaltung gemeinsam mit dir zu revolutionieren! Ob Shopify-Startups oder SaaS-Unternehmen – unsere Software automatisiert Buchhaltungsprozesse, d...",listing_page,No,https://www.arbeitnow.com/jobs/companies/pathway-solutions-gmbh/ex-steuerfachangestellter-digitaler-buchhalter-im-saas-finanzbranche-datev-remote-hamburg-258377
N/A,Kundensupport / Onboarding - Finanzbranche - DATEV - remote,Hamburg,N/A,N/A,N/A,N/A,arbeitnow,general,employer,N/A,N/A,N/A,remote,HIGH,Yes,Pre-classified by arbeitnow scraper,"Wir von pathway solutions haben ein klares Ziel: Die Buchhaltung gemeinsam mit dir zu revolutionieren! Ob Shopify-Startups oder SaaS-Unternehmen – unsere Software automatisiert Buchhaltungsprozesse, d...",listing_page,No,https://www.arbeitnow.com/jobs/companies/pathway-solutions-gmbh/kundensupport-onboarding-demo-calls-finanzbranche-datev-remote-hamburg-323890
N/A,Produkt-Test Koordinator (remote) auf freier Mitarbeit,Hamburg,N/A,N/A,N/A,N/A,arbeitnow,general,employer,N/A,N/A,N/A,remote,HIGH,Yes,Pre-classified by arbeitnow scraper,"Hast du Lust, Teil unseres Teams zu werden? Wir suchen motivierte Unterstützungskräfte für unser spannendes Produkt-Testing Projekt! Diese Position ist perfekt für all diejenigen, die nach einer flexi...",listing_page,No,https://www.arbeitnow.com/jobs/companies/verisana/produkt-test-koordinator-remote-auf-freier-mitarbeit-hamburg-260313
N/A,Freelance-Berater (m/w/d) SAP Solution Manager & Focused Build,Berlin,N/A,N/A,N/A,N/A,arbeitnow,general,employer,N/A,N/A,N/A,remote,HIGH,Yes,Pre-classified by arbeitnow scraper,"Die Cross ALM GmbH ist eine spezialisierte SAP-Beratung mit Fokus auf Application Lifecycle Management. Wir unterstützen unsere Kunden bei der Einführung, dem Betrieb und der Weiterentwicklung ihrer S...",listing_page,No,https://www.arbeitnow.com/jobs/companies/cross-alm/freelance-berater-sap-solution-manager-focused-build-berlin-194860
N/A,IT-Projektkoordinator (m/w/d) Kernbanksysteme,Bremen,N/A,N/A,N/A,N/A,arbeitnow,general,employer,N/A,N/A,N/A,remote,HIGH,Yes,Pre-classified by arbeitnow scraper,"Komm an Bord unserer FINNOFLEET Crew Von Testing über Projektkoordination bis Kundensupport – du hältst die Fäden zusammen? Dann bring deine Stärken in unsere Banking-IT-Projekte ein und sorge dafür, ...",listing_page,No,https://www.arbeitnow.com/jobs/companies/finnofleet-engram-gmbh/it-projektkoordinator-kernbanksysteme-bremen-31861
N/A,"Junior Developer (m/w/d) - Fullstack, Data & AI - 100% Home Office möglich",Rostock,N/A,N/A,N/A,N/A,arbeitnow,general,employer,N/A,N/A,N/A,remote,HIGH,Yes,Pre-classified by arbeitnow scraper,"Du entwickelst moderne Web- und KI-Anwendungen und arbeitest bis zu 50% deiner Zeit in echter KI-Forschung gemeinsam mit Forschungspartnern (Prototypen, Experimente, Evaluation). Aufgaben Deine Aufgab...",listing_page,No,https://www.arbeitnow.com/jobs/companies/dej-technology-gmbh/junior-developer-fullstack-data-ai-100-home-office-moglich-rostock-491473
N/A,Senior Customer Support Engineer (m/w/d) MedTech,Nuremberg,N/A,N/A,N/A,N/A,arbeitnow,general,employer,N/A,N/A,N/A,remote,HIGH,Yes,Pre-classified by arbeitnow scraper,"Sie haben Lust darauf, unsere Kunden in Krankenhäusern und Arztpraxen dabei zu unterstützen, unsere innovativen SaaS-Lösungen für Bilddatenmanagement optimal zu nutzen? Dann kommen Sie in unser Suppor...",listing_page,No,https://www.arbeitnow.com/jobs/companies/telepaxx-medical-data-gmbh/senior-customer-support-engineer-medtech-nuremberg-246999
N/A,Junior Linkbuilding Manager - 100% Remote,Munich,N/A,N/A,N/A,N/A,arbeitnow,general,employer,N/A,N/A,N/A,remote,HIGH,Yes,Pre-classified by arbeitnow scraper,"WOLF OF SEO ist eine der führenden SEO-Agenturen im DACH-Raum – spezialisiert auf datengetriebene Suchmaschinenoptimierung für E-Commerce und wachstumsstarke Brands. Unser Anspruch ist es, zu den Top ...",listing_page,No,https://www.arbeitnow.com/jobs/companies/wolf-of-seo-fz-llc/junior-linkbuilding-manager-100-remote-munich-231085
N/A,Full-Stack Software Engineer / Backend & Frontend - Bootstrapped SaaS Startup (m/w/d) remote in EU,Cologne,N/A,N/A,N/A,N/A,arbeitnow,general,employer,N/A,N/A,N/A,remote,HIGH,Yes,Pre-classified by arbeitnow scraper,"DatAds is redefining how marketing and creative teams build winning ads. Our SaaS platform bridges the gap between performance marketers and creative teams by delivering visual ad insights, automated ...",listing_page,No,https://www.arbeitnow.com/jobs/companies/datads/full-stack-software-engineer-backend-frontend-bootstrapped-saas-startup-remote-in-eu-cologne-82307
N/A,Full-Stack Software Engineer / Rest APIs / Cloud / TailwindCSS / SaaS Startup (m/w/d) remote in EU,Cologne,N/A,N/A,N/A,N/A,arbeitnow,general,employer,N/A,N/A,N/A,remote,HIGH,Yes,Pre-classified by arbeitnow scraper,"DatAds is redefining how marketing and creative teams build winning ads. Our SaaS platform bridges the gap between performance marketers and creative teams by delivering visual ad insights, automated ...",listing_page,No,https://www.arbeitnow.com/jobs/companies/datads/full-stack-software-engineer-backend-frontend-bootstrapped-saas-startup-remote-in-eu-cologne-38634
N/A,Full-Stack Software Engineer / Node.js / TypeScript / React / Azure - AdTech SaaS Startup (m/w/d) remote,Cologne,N/A,N/A,N/A,N/A,arbeitnow,general,employer,N/A,N/A,N/A,remote,HIGH,Yes,Pre-classified by arbeitnow scraper,"DatAds is redefining how marketing and creative teams build winning ads. Our SaaS platform bridges the gap between performance marketers and creative teams by delivering visual ad insights, automated ...",listing_page,No,https://www.arbeitnow.com/jobs/companies/datads/full-stack-software-engineer-backend-frontend-adtech-saas-startup-remote-cologne-263746
N/A,"Werkstudent:in Video Cutter für META Werbeanzeigen (m,w,d)",Waldkirchen,N/A,N/A,N/A,N/A,arbeitnow,general,employer,N/A,N/A,N/A,remote,HIGH,Yes,Pre-classified by arbeitnow scraper,"Erstelle Video-Werbeanzeigen für eine der führenden Social-Media-Marketingagenturen in Deutschland für Online-Brands. Du erstellst nicht nur „nette, schöne Bildchen & Videos“, sondern funktionierende ...",listing_page,No,https://www.arbeitnow.com/jobs/companies/spacedome-media-gmbh/werkstudentin-video-cutter-fur-meta-werbeanzeigen-mwd-waldkirchen-480967
N/A,Werksstudent:in -Junior Performance-Marketing Manager (m/w/d),Berlin,N/A,N/A,N/A,N/A,arbeitnow,general,employer,N/A,N/A,N/A,remote,HIGH,Yes,Pre-classified by arbeitnow scraper,Du hast eine Leidenschaft für Performance-Marketing und möchtest mehr Praxiserfahrung sammeln und gemeinsam Onlineshops auf 7- stellige Umsätze skalieren? Arbeite an Werbekonten mit einem bis zu 6- st...,listing_page,No,https://www.arbeitnow.com/jobs/companies/spacedome-media-gmbh/werksstudentin-junior-performance-marketing-manager-berlin-111647
N/A,Cloud Engineer (m/w/d) mit Karriereambitionen!,Markt Indersdorf,N/A,N/A,N/A,N/A,arbeitnow,general,employer,N/A,N/A,N/A,remote,HIGH,Yes,Pre-classified by arbeitnow scraper,"Wir sind ein fast zwei Jahre altes IT Unternehmen, aktuell 50 MA, und suchen nun weiterhin Verstärkung, um Cloud-Projekte bei unseren Kunden durchzuführen. Aufgaben Du willst: Deine Arbeitszeiten selb...",listing_page,No,https://www.arbeitnow.com/jobs/companies/auralis-group/cloud-engineer-mit-karriereambitionen-markt-indersdorf-461447
N/A,Senior Project Finance Manager,Karlsruhe,N/A,N/A,N/A,N/A,arbeitnow,general,employer,N/A,N/A,N/A,remote,HIGH,Yes,Pre-classified by arbeitnow scraper,"Senior Project Finance Manager—Italy Location: Rome/Milan - Hybrid Company: ILOS Scope: Full-time WHO ARE ILOS? ILOS is a fast-growing renewable energy company with a strong presence across Europe, ba...",listing_page,No,https://www.arbeitnow.com/jobs/companies/ilos-projects-gmbh-co-kg/senior-project-finance-manager-karlsruhe-63439
N/A,Java Softwareentwickler:in mit Karriereambitionen - jetzt mit uns voll durchstarten!,Markt Indersdorf,N/A,N/A,N/A,N/A,arbeitnow,general,employer,N/A,N/A,N/A,remote,HIGH,Yes,Pre-classified by arbeitnow scraper,"Wir sind ein fast zwei Jahre altes IT Unternehmen, aktuell 50 MA, und suchen nun weiterhin Verstärkung, um Java-Projekte bei unseren Kunden durchzuführen. Aufgaben Du willst: Deine Arbeitszeiten selbs...",listing_page,No,https://www.arbeitnow.com/jobs/companies/auralis-group/java-softwareentwicklerin-mit-karriereambitionen-jetzt-mit-uns-voll-durchstarten-markt-indersdorf-39392
N/A,Platform Engineer mit Karriereambitionen - jetzt mit uns voll durchstarten!,Markt Indersdorf,N/A,N/A,N/A,N/A,arbeitnow,general,employer,N/A,N/A,N/A,remote,HIGH,Yes,Pre-classified by arbeitnow scraper,"Wir sind ein fast zwei Jahre altes IT Unternehmen, aktuell 50 MA, und suchen nun weiterhin Verstärkung, um Cloud-Projekte bei unseren Kunden durchzuführen. Aufgaben Du willst: Deine Arbeitszeiten selb...",listing_page,No,https://www.arbeitnow.com/jobs/companies/auralis-group/platform-engineer-mit-karriereambitionen-jetzt-mit-uns-voll-durchstarten-markt-indersdorf-466663
N/A,Product Owner / techn. Projektleitung TYPO3,Berlin,N/A,N/A,N/A,N/A,arbeitnow,general,employer,N/A,N/A,N/A,remote,HIGH,Yes,Pre-classified by arbeitnow scraper,Wir sind eine Digitalagentur und ein Labor für webbasierte Geschäftsideen seit 2001. Mit einem schlagkräftigen Team erschaffen wir attraktive und umfassende Digitallösungen für unsere Kunden und auch ...,listing_page,No,https://www.arbeitnow.com/jobs/companies/tpwd-ag/product-owner-techn-projektleitung-typo3-berlin-1925
N/A,(Senior) Performance Marketing Manager - Paid Social (all genders),Berlin,N/A,N/A,N/A,N/A,arbeitnow,general,employer,N/A,N/A,N/A,remote,HIGH,Yes,Pre-classified by arbeitnow scraper,"About mammaly We are mammaly! - und unsere Mission sind gesunde und glückliche Hunde! Deshalb entwickeln wir Premium Supplements für Hunde, die ein langes und gutes Leben ermöglichen. Gegründet in 202...",listing_page,No,https://www.arbeitnow.com/jobs/companies/mammaly/senior-performance-marketing-manager-paid-social-all-genders-berlin-162986
N/A,Buchhaltungsassistent:in,Bochum,N/A,N/A,N/A,N/A,arbeitnow,general,employer,N/A,N/A,N/A,remote,HIGH,Yes,Pre-classified by arbeitnow scraper,"Zahlenprofi / Buchhaltungsexpertin (remote) – für nachhaltige IT & digitale Transformation Wir, die DIGITAL BUILDERS GmbH, unterstützen Unternehmen bei ihrer digitalen Transformation mit Fokus auf Nac...",listing_page,No,https://www.arbeitnow.com/jobs/companies/digital-builders-gmbh/event-mitarbeiterin-bochum-250086
N/A,Senior DevOps / Platform Engineer (f/m/x),Leipzig,N/A,N/A,N/A,N/A,arbeitnow,general,employer,N/A,N/A,N/A,remote,HIGH,Yes,Pre-classified by arbeitnow scraper,"MAIA is the AI platform built for industrial companies, where generic AI tools break down because the data is complex, the stakes are high, and precision actually matters. We focus on the hard problem...",listing_page,No,https://www.arbeitnow.com/jobs/companies/maia/senior-devops-platform-engineer-leipzig-388068
N/A,Projekt - Manager:in (m/w/d) - Remote oder im Büro,Erbendorf,N/A,N/A,N/A,N/A,arbeitnow,general,employer,N/A,N/A,N/A,remote,HIGH,Yes,Pre-classified by arbeitnow scraper,"Wir suchen für unseren Klienten T.Eilers & Partner einen Projektmanager (m/w/d), der Prozesse strukturiert steuert, Projekte sauber umsetzt und operative Exzellenz sicherstellt – remote oder vor Ort. ...",listing_page,No,https://www.arbeitnow.com/jobs/companies/hippel-burodienstleistung/projekt-managerin-remote-oder-im-buro-erbendorf-119382
N/A,Senior Software- & Systems-Engineer (m/w/d),Schweinfurt,N/A,N/A,N/A,N/A,arbeitnow,general,employer,N/A,N/A,N/A,remote,HIGH,Yes,Pre-classified by arbeitnow scraper,"Die IRPD GmbH ist ein mittelständiges, international tätiges, forschungsorientiertes Technologieunternehmen mit Sitz im Großraum München, das im Bereich der Elektronik- und Softwareentwicklung für Anw...",listing_page,No,https://www.arbeitnow.com/jobs/companies/irpd-gmbh/senior-software-systems-engineer-schweinfurt-11001
N/A,Projektmanager:in (m/w/d) - Remote oder im Büro,Illertissen,N/A,N/A,N/A,N/A,arbeitnow,general,employer,N/A,N/A,N/A,remote,HIGH,Yes,Pre-classified by arbeitnow scraper,"Wir suchen für unseren Klienten J.Prade & Partner einen Projektmanager (m/w/d), der Prozesse strukturiert steuert, Projekte sauber umsetzt und operative Exzellenz sicherstellt – remote oder vor Ort. F...",listing_page,No,https://www.arbeitnow.com/jobs/companies/pfaff-office-dienstleistung/projektmanagerin-remote-oder-im-buro-illertissen-170890
N/A,Team Lead Controlling & Reporting (all genders),Berlin,N/A,N/A,N/A,N/A,arbeitnow,general,employer,N/A,N/A,N/A,remote,HIGH,Yes,Pre-classified by arbeitnow scraper,"Willkommen bei Glow25! Wir sind ein dynamisches, schnell wachsendes Beauty & Pro Aging Unternehmen aus Berlin – mit einer Herzensmission: Glow-Momente schaffen. Für unsere Kund:innen, für unser Team, ...",listing_page,No,https://www.arbeitnow.com/jobs/companies/glow25-by-primal-state-performance-gmbh/team-lead-controlling-reporting-all-genders-berlin-61084
N/A,DevSecOps/DevOps Engineer (all identities),Berlin,N/A,N/A,N/A,N/A,arbeitnow,general,employer,N/A,N/A,N/A,remote,HIGH,Yes,Pre-classified by arbeitnow scraper,"What to Expect At Caspar Health, we run a digital rehabilitation clinic where medical expertise meets high-end engineering. We don't just ship code; we provide patients with personal care from real th...",listing_page,No,https://www.arbeitnow.com/jobs/companies/caspar-health/devsecops-devops-engineer-all-identities-berlin-360721
N/A,Leitung Finanzen / Finance Manager*in | 100% Remote (m/w/d),Berlin,N/A,N/A,N/A,N/A,arbeitnow,general,employer,N/A,N/A,N/A,remote,HIGH,Yes,Pre-classified by arbeitnow scraper,"Du willst nicht nur Zahlen prüfen — du willst den gesamten Finance-Bereich eines wachsenden Unternehmens eigenständig verantworten? Du machst Dinge lieber selbst, statt sie nur zu delegieren? Du bist ...",listing_page,No,https://www.arbeitnow.com/jobs/companies/mailody-gmbh/leitung-finanzen-finance-managerin-100-remote-berlin-499524
N/A,Tierversicherung Startup Performance Marketing Lead (m/w/d) 100% Remote,Berlin,N/A,N/A,N/A,N/A,arbeitnow,general,employer,N/A,N/A,N/A,remote,HIGH,Yes,Pre-classified by arbeitnow scraper,"Wir sind Die Tierversicherer — ein schnell wachsendes InsurTech-Unternehmen aus Berlin, das Hundehaltern, Katzenbesitzern und Pferdehaltern dabei hilft, die passende Versicherung zu finden. Kein Callc...",listing_page,No,https://www.arbeitnow.com/jobs/companies/lwb-group/tierversicherung-startup-performance-marketing-lead-100-remote-berlin-492267
N/A,E-Commerce Shopware Developer (m/w/d),Berlin,N/A,N/A,N/A,N/A,arbeitnow,general,employer,N/A,N/A,N/A,remote,HIGH,Yes,Pre-classified by arbeitnow scraper,"Werde Teil unseres Teams Festanstellung, unbefristet, Vollzeit (40 Stunden), ab sofort, remote (deutschlandweit; einmal im Monat in München) Baue die E-Commerce-Plattform von morgen . Bei uns verbinde...",listing_page,No,https://www.arbeitnow.com/jobs/companies/memodo/e-commerce-shopware-developer-berlin-42689
N/A,Senior Controller – Business & Performance (all genders),Berlin,N/A,N/A,N/A,N/A,arbeitnow,general,employer,N/A,N/A,N/A,remote,HIGH,Yes,Pre-classified by arbeitnow scraper,"Willkommen bei Glow25! Wir sind ein dynamisches, schnell wachsendes Beauty & Pro Aging Unternehmen aus Berlin – mit einer Herzensmission: Glow-Momente schaffen. Für unsere Kund:innen, für unser Team, ...",listing_page,No,https://www.arbeitnow.com/jobs/companies/glow25-by-primal-state-performance-gmbh/senior-controller-business-performance-all-genders-berlin-407509
N/A,Senior IT Security Analyst (m/w/d),Nuremberg,N/A,N/A,N/A,N/A,arbeitnow,general,employer,N/A,N/A,N/A,remote,HIGH,Yes,Pre-classified by arbeitnow scraper,"Die noris network AG steht für innovative, sichere und nachhaltige IT-Lösungen. Mit über 600 engagierten Mitarbeitenden entwickeln wir leistungsstarke Services in den Bereichen Cloud, Datacenter, Netw...",listing_page,No,https://www.arbeitnow.com/jobs/companies/noris-network-ag/senior-it-security-analyst-nuremberg-55905
N/A,IT Sourcing Specialist - 100% Remote (m/w/d),Hanover,N/A,N/A,N/A,N/A,arbeitnow,general,employer,N/A,N/A,N/A,remote,HIGH,Yes,Pre-classified by arbeitnow scraper,"Jobbeschreibung Zu teure Software-Verträge, unnötige Tools, verpasste Renewals? Nicht mit dir. Du verhandelst smart mit internationalen Software-Anbietern, steuerst bereichsübergreifende Abstimmungen ...",listing_page,No,https://www.arbeitnow.com/jobs/companies/digistore24/it-sourcing-specialist-100-remote-hanover-487350
N/A,Media Search Analyst - German speaker | Germany (Remote),Berlin,N/A,N/A,N/A,N/A,arbeitnow,general,employer,N/A,N/A,N/A,remote,HIGH,Yes,Pre-classified by arbeitnow scraper,"(This is a freelance position) Ready to say goodbye to the boring, traditional 9-5 routine and embrace a dynamic and exciting work environment that puts you in control? This position offers you the fl...",listing_page,No,https://www.arbeitnow.com/jobs/companies/telus-digital/media-search-analyst-german-speaker-germany-remote-berlin-131242
N/A,Minijob (bis zu 35€/Std.): Werde Englischlehrer und sei dein eigener Boss (w/m/d),Berlin,N/A,N/A,N/A,N/A,arbeitnow,general,employer,N/A,N/A,N/A,remote,HIGH,Yes,Pre-classified by arbeitnow scraper,"Suchst du einen Job mit flexiblen Arbeitszeiten, bei dem du von zu Hause aus etwas dazuverdienen kannst? Werde Mitglied bei Nachhilfeunterricht , der führenden Plattform für Nachhilfeunterricht, der z...",listing_page,No,https://www.arbeitnow.com/jobs/companies/nachhilfeunterricht/minijob-bis-zu-35eur-std-werde-englischlehrer-und-sei-dein-eigener-boss-berlin-31502
N/A,Werkstudent Content Marketing im Bereich: Website & LinkedIn (all genders),Hamburg,N/A,N/A,N/A,N/A,arbeitnow,general,employer,N/A,N/A,N/A,remote,HIGH,Yes,Pre-classified by arbeitnow scraper,WIR SIND… AdEx Partners ist ein eingeschworenes Team erfahrener Beraterinnen und Berater. Wir begleiten unsere Kunden bei ihren komplexen Business Transformationen rund um Digitalisierung und IT. Als ...,listing_page,No,https://www.arbeitnow.com/jobs/companies/adex-beratungs-gmbh/werkstudent-content-marketing-im-bereich-website-linkedin-all-genders-hamburg-46810
N/A,Werkstudent Content Marketing im Bereich Internal Communication & Website (all genders),Hamburg,N/A,N/A,N/A,N/A,arbeitnow,general,employer,N/A,N/A,N/A,remote,HIGH,Yes,Pre-classified by arbeitnow scraper,WIR SIND… AdEx Partners ist ein eingeschworenes Team erfahrener Beraterinnen und Berater. Wir begleiten unsere Kunden bei ihren komplexen Business Transformationen rund um Digitalisierung und IT. Als ...,listing_page,No,https://www.arbeitnow.com/jobs/companies/adex-beratungs-gmbh/werkstudent-content-marketing-im-bereich-internal-communication-website-all-genders-hamburg-40595
N/A,E-Commerce Automation Specialist (AI Fokus) im Nageldesign Online-Handel (REMOTE) im Home Office (m/w/d),Porta Westfalica,N/A,N/A,N/A,N/A,arbeitnow,general,employer,N/A,N/A,N/A,remote,HIGH,Yes,Pre-classified by arbeitnow scraper,Wir sind ein 2016 gegründetes E-Commerce Startup aus Porta Westfalica & Lübbecke. Wir vertreiben physische und digitale Produkte im Kosmetik-Nageldesign Bereich. Aktuell bauen wir aktiv unsere interne...,listing_page,No,https://www.arbeitnow.com/jobs/companies/nailmondo-gmbh/e-commerce-automation-specialist-ai-fokus-im-nageldesign-online-handel-remote-im-home-office-porta-westfalica-52630
N/A,Werkstudent (m/w/d) Marketing & Sales Support - HubSpot Unit,Berlin,N/A,N/A,N/A,N/A,arbeitnow,general,employer,N/A,N/A,N/A,remote,HIGH,Yes,Pre-classified by arbeitnow scraper,50 % FTE (20h Woche) | Remote (Deutschland) Startdatum: Ab Mai 2026 Vergütung: bis 20 EUR / Stunde (je nach Erfahrung) Über SalesPlaybook SalesPlaybook unterstützt ambitionierte B2B SaaS- und Professi...,listing_page,No,https://www.arbeitnow.com/jobs/companies/salesplaybook-ag/werkstudent-marketing-sales-support-hubspot-unit-berlin-368216
N/A,E-Commerce & AI Automation Manager (m/w/d) im Nageldesign Online-Handel (REMOTE) im Home Office (m/w/d),Porta Westfalica,N/A,N/A,N/A,N/A,arbeitnow,general,employer,N/A,N/A,N/A,remote,HIGH,Yes,Pre-classified by arbeitnow scraper,Wir sind ein 2016 gegründetes E-Commerce Startup aus Porta Westfalica & Lübbecke. Wir vertreiben physische und digitale Produkte im Kosmetik-Nageldesign Bereich. Aktuell bauen wir aktiv unsere interne...,listing_page,No,https://www.arbeitnow.com/jobs/companies/nailmondo-gmbh/e-commerce-ai-automation-manager-im-nageldesign-online-handel-remote-im-home-office-porta-westfalica-48048
N/A,Business Analyst Wertpapier (m/w/d),Cologne,N/A,N/A,N/A,N/A,arbeitnow,general,employer,N/A,N/A,N/A,remote,HIGH,Yes,Pre-classified by arbeitnow scraper,Unternehmensbeschreibung banking beyond the hype - Wir übersetzen relevante Bankingtrends und Kundenerwartungen in digitale Lösungen. Mit durchschnittlich über 15 Jahren Branchenerfahrung verstehen wi...,listing_page,No,https://www.arbeitnow.com/jobs/companies/finwyz-gmbh/business-analyst-wertpapier-cologne-99062
N/A,Junior Recruiter (m/w/d),Sobernheim,N/A,N/A,N/A,N/A,arbeitnow,general,employer,N/A,N/A,N/A,remote,HIGH,Yes,Pre-classified by arbeitnow scraper,Diese Position ist für unsere Gesellschaft Medialine EuroTrade AG zu besetzen. Die Medialine AG steht als Full-Service IT-Systemhaus für maßgeschneiderte Lösungen für den gehobenen Mittelstand. Seit f...,listing_page,No,https://www.arbeitnow.com/jobs/companies/medialine-eurotrade-ag/junior-recruiter-sobernheim-316917
N/A,Sachverständiger (m/w/d) mit 100 % Homeoffice,Hanover,N/A,N/A,N/A,N/A,arbeitnow,general,employer,N/A,N/A,N/A,remote,HIGH,Yes,Pre-classified by arbeitnow scraper,Startdatum: Ab sofort Einsatzort: Deutschlandweit Vertragsart: Festanstellung durch unseren Kunden ** Über uns** PaKo Consulting ist Ihre Expertenadresse für die Vermittlung von Vertriebspositionen. M...,listing_page,No,https://www.arbeitnow.com/jobs/companies/pako-consulting/sachverstandiger-mit-100-homeoffice-hanover-443028
N/A,(Junior) Controller (all genders),Hanover,N/A,N/A,N/A,N/A,arbeitnow,general,employer,N/A,N/A,N/A,remote,HIGH,Yes,Pre-classified by arbeitnow scraper,"Zahlen analysieren kann jeder. Du willst mehr: Prozesse gestalten, BI-Tools einführen, Entscheidungen wirklich beeinflussen. Bei SYNAOS bekommst du genau das – einen echten Gestaltungsauftrag in einem...",listing_page,No,https://www.arbeitnow.com/jobs/companies/synaos-gmbh/controller-all-genders-hanover-364818
N/A,Product Owner (m/w/d) Fulfillment Team,Cologne,N/A,N/A,N/A,N/A,arbeitnow,general,employer,N/A,N/A,N/A,remote,HIGH,Yes,Pre-classified by arbeitnow scraper,"Als Product Owner (m/w/d) im Fulfillment Team treibst du den Entwicklungsprozess von Softwarelösungen für die Bereiche Endkundenportal (Mytio), Ticketerstellung und Versand sowie die Einlass-Konfigura...",listing_page,No,https://www.arbeitnow.com/jobs/companies/ticket-io-gmbh/product-owner-cologne-150915
N/A,Architekt (m/w/d) | 100 % Remote (Deutschland),Potsdam,N/A,N/A,N/A,N/A,arbeitnow,general,employer,N/A,N/A,N/A,remote,HIGH,Yes,Pre-classified by arbeitnow scraper,ALPHA Software GmbH digitalisiert die Erstellung von Gebäudeunterlagen für Immobilienprofis. Neben Grundrissen und Wohnflächenberechnungen erstellen wir auch bauvorlageberechtigte Unterlagen und fachl...,listing_page,No,https://www.arbeitnow.com/jobs/companies/alpha-software-gmbh/architekt-100-remote-deutschland-potsdam-301077
N/A,"Performance Marketing Manager (m/w/d) | Meta, Google & TikTok | Freelance, Retainer oder Vollzeit | Remote",Cologne,N/A,N/A,N/A,N/A,arbeitnow,general,employer,N/A,N/A,N/A,remote,HIGH,Yes,Pre-classified by arbeitnow scraper,"KORALLS ist eine natürliche Haircare Brand, hergestellt in Deutschland. Unsere Produkte richten sich nicht nur an Frauen, sondern an alle, die ihr Haar und ihre Kopfhaut mit einer durchdachten Routine...",listing_page,No,https://www.arbeitnow.com/jobs/companies/koralls/performance-marketing-manager-meta-google-tiktok-freelance-retainer-oder-vollzeit-remote-cologne-463183
N/A,"Web-Entwickler (m/w/d) Wordpress, PHP, Hosting",Regen,N/A,N/A,N/A,N/A,arbeitnow,general,employer,N/A,N/A,N/A,remote,HIGH,Yes,Pre-classified by arbeitnow scraper,"Bist du bereit, deine Karriere als Web-Entwickler auf das nächste Level zu bringen? Die FastRocket GmbH, ein Softwareunternehmen mit Sitz in Regen, Deutschland, sucht einen engagierten Web-Entwickler ...",listing_page,No,https://www.arbeitnow.com/jobs/companies/fastrocket-gmbh/web-entwickler-wordpress-php-hosting-regen-205381
N/A,Global Tax Expert (all genders),Berlin,N/A,N/A,N/A,N/A,arbeitnow,general,employer,N/A,N/A,N/A,remote,HIGH,Yes,Pre-classified by arbeitnow scraper,"Willkommen bei Glow25! Wir sind ein dynamisches, schnell wachsendes Beauty & Pro Aging Unternehmen aus Berlin – mit einer Herzensmission: Glow-Momente schaffen. Für unsere Kund:innen, für unser Team, ...",listing_page,No,https://www.arbeitnow.com/jobs/companies/glow25-by-primal-state-performance-gmbh/global-tax-expert-all-genders-berlin-179537
N/A,Product Owner ERP (m/f/d) - Odoo with a Focus on Finance,Munich,N/A,N/A,N/A,N/A,arbeitnow,general,employer,N/A,N/A,N/A,remote,HIGH,Yes,Pre-classified by arbeitnow scraper,Your responsibilities We are looking for an experienced Product Owner ERP (m/f/d) to drive the functional development of our ERP system Odoo with a clear focus on Finance processes. Remote from German...,listing_page,No,https://www.arbeitnow.com/jobs/companies/alphapet-ventures-gmbh/product-owner-erp-odoo-with-a-focus-on-finance-munich-479572
N/A,Product Owner ERP (m/w/d) – Odoo mit Schwerpunkt Finance,Munich,N/A,N/A,N/A,N/A,arbeitnow,general,employer,N/A,N/A,N/A,remote,HIGH,Yes,Pre-classified by arbeitnow scraper,"Deine Aufgaben Wir suchen einen erfahrenen Product Owner ERP (m/w/d), der die fachliche Weiterentwicklung unseres ERP-Systems Odoo vorantreibt — mit klarem Schwerpunkt auf Finance-Prozessen und der Mö...",listing_page,No,https://www.arbeitnow.com/jobs/companies/alphapet-ventures-gmbh/product-owner-erp-odoo-mit-schwerpunkt-finance-munich-247762
N/A,Customer Success Manager / Projektleiter CRM (m/w/d),Fulda,N/A,N/A,N/A,N/A,arbeitnow,general,employer,N/A,N/A,N/A,remote,HIGH,Yes,Pre-classified by arbeitnow scraper,Fokus: Automation Workflows & Prozesssteuerung | 100% Remote (Freelance) Über uns Skalieren .ai st ein wachstumsstarkes Softwareunternehmen und gehört laut OMR Reviews zu den Top 5 CRM-Systemen im DAC...,listing_page,No,https://www.arbeitnow.com/jobs/companies/skalierenai-llc/customer-success-manager-projektleiter-crm-fulda-132323
N/A,Performance Marketing Manager ( m/w/d ),Berlin,N/A,N/A,N/A,N/A,arbeitnow,general,employer,N/A,N/A,N/A,remote,HIGH,Yes,Pre-classified by arbeitnow scraper,"Wir sind FITYES Eines der schnellst wachsenden Fitness Systeme in der DACH Region. Wir bauen personallose Smart Gyms mit App, KI Coach und einem Designkonzept, das alle anderen Gyms im wahrsten Sinne ...",listing_page,No,https://www.arbeitnow.com/jobs/companies/fityes-gmbh/performance-marketing-manager-berlin-418794
N/A,Creative Strategist,Hamburg,N/A,N/A,N/A,N/A,arbeitnow,general,employer,N/A,N/A,N/A,remote,HIGH,Yes,Pre-classified by arbeitnow scraper,Du möchtest deine kreativen Ideen in einem dynamischen Umfeld einbringen und dabei richtig durchstarten? Du willst Creative Konzepte für Marktführer Brands erstellen? Bei uns bekommst du die Möglichke...,listing_page,No,https://www.arbeitnow.com/jobs/companies/yunicorn/creative-strategist-hamburg-51792
N/A,E-Commerce Manager:in (d/m/w),Oldenburg,N/A,N/A,N/A,N/A,arbeitnow,general,employer,N/A,N/A,N/A,remote,HIGH,Yes,Pre-classified by arbeitnow scraper,"Wir sind Löwenanteil . Unsere Mission ist es, allen Menschen eine ausgewogene und hochwertige Ernährung so leicht wie möglich zu machen. Unsere Bio-Gerichte sind proteinreich, aus besten Zutaten und v...",listing_page,No,https://www.arbeitnow.com/jobs/companies/lowenanteil/e-commerce-managerin-oldenburg-92067
N/A,Freelance Marketing (Healthcare),Leipzig,N/A,N/A,N/A,N/A,arbeitnow,general,employer,N/A,N/A,N/A,remote,HIGH,Yes,Pre-classified by arbeitnow scraper,Ort: Remote (Deutschland) | Potsdam / Leipzig (optional) Start: ab sofort Freelance SEDIWORK gestaltet die Zukunft der ärztlichen Weiterbildung und Personalsteuerung. Unsere Software ermöglicht eine k...,listing_page,No,https://www.arbeitnow.com/jobs/companies/sediwork/freelance-marketing-healthcare-leipzig-367521
N/A,Softwareentwickler C# (m/w/d),Dresden,N/A,N/A,N/A,N/A,arbeitnow,general,employer,N/A,N/A,N/A,remote,HIGH,Yes,Pre-classified by arbeitnow scraper,LinoPro ist ein IT-Unternehmen mit mehr als 25 Jahren Erfahrung. Wir bieten unseren Kunden das volle Spektrum der IT-Dienstleistungen von der Entwicklung von Individualsoftware über Software-Reenginee...,listing_page,No,https://www.arbeitnow.com/jobs/companies/linopro-gmbh/softwareentwickler-c-dresden-35109
N/A,Finance-Assistenz (m/w/d),Fürth,N/A,N/A,N/A,N/A,arbeitnow,general,employer,N/A,N/A,N/A,remote,HIGH,Yes,Pre-classified by arbeitnow scraper,"Über Corominas Consulting Wir bei Corominas Consulting haben eine klare Mission: Wir sind die Experten für das Marketing von Anwalts- und Steuerkanzleien. Unsere Vision ist es, die unangefochtene Numm...",listing_page,No,https://www.arbeitnow.com/jobs/companies/corominas-consulting-gmbh/finance-assistenz-furth-229730
N/A,Marketing Manager (m/w/d),Berlin,N/A,N/A,N/A,N/A,arbeitnow,general,employer,N/A,N/A,N/A,remote,HIGH,Yes,Pre-classified by arbeitnow scraper,"Hi! Wir bauen zwei Marken, die Familien sicherer machen: 12minutes: Online-Erste-Hilfe-Kurse für Baby- und Kindernotfälle. 20.000+ Kund:innen, 4,9 Sterne. ouchie: stylishe Erste-Hilfe-Sets, zertifizie...",listing_page,No,https://www.arbeitnow.com/jobs/companies/12minutes-gmbh/marketing-manager-berlin-492675
N/A,Werkstudent HR Operations (w/m/d),Berlin,N/A,N/A,N/A,N/A,arbeitnow,general,employer,N/A,N/A,N/A,remote,HIGH,Yes,Pre-classified by arbeitnow scraper,"Die InterVal GmbH mit Sitz in Berlin ist ein unabhängiges Forschungs- und Politikberatungsunternehmen. In unserer Personalarbeit legen wir großen Wert auf effiziente Prozesse, digitale HR-Systeme und ...",listing_page,No,https://www.arbeitnow.com/jobs/companies/interval-gmbh/werkstudent-hr-operations-berlin-417537
N/A,GTM Engineering intern / working student (GTM WerkstudentIn / PraktikantIn),Hamburg,N/A,N/A,N/A,N/A,arbeitnow,general,employer,N/A,N/A,N/A,remote,HIGH,Yes,Pre-classified by arbeitnow scraper,"Transformance builds the execution layer that enterprise finance teams actually use. AI-native, modular, designed to replace the spreadsheets and manual work sitting between an ERP and getting paid. W...",listing_page,No,https://www.arbeitnow.com/jobs/companies/transformance/gtm-engineering-intern-eur2400-mo-hamburg-408911
N/A,Minijob Buchhaltung / Steuerfachangestellte (m/w/d),Ludwigsburg,N/A,N/A,N/A,N/A,arbeitnow,general,employer,N/A,N/A,N/A,remote,HIGH,Yes,Pre-classified by arbeitnow scraper,Zur Unterstützung unserer laufenden Buchhaltung suchen wir ab sofort eine zuverlässige Person auf Minijob-Basis (remote). Aufgaben -Unterstützung bei der Buchhaltung mit Lexware -Buchen und Verwalten ...,listing_page,No,https://www.arbeitnow.com/jobs/companies/freshimmo-gmbh/minijob-buchhaltung-steuerfachangestellte-ludwigsburg-148816
N/A,DevSecOps Engineer/Consultant (m/w/d),Frankfurt am Main,N/A,N/A,N/A,N/A,arbeitnow,general,employer,N/A,N/A,N/A,remote,HIGH,Yes,Pre-classified by arbeitnow scraper,"Du arbeitest gern direkt mit Kunden, bringst fundierte Erfahrung in Cloud Security und DevSecOps mit und möchtest Kubernetes-Umgebungen nicht nur betreiben, sondern aktiv sicherer gestalten? Dann könn...",listing_page,No,https://www.arbeitnow.com/jobs/companies/evoila-frankfurt-gmbh/devsecops-engineer-consultant-frankfurt-am-main-212257
N/A,Social Media - Manager:in,Hamburg,N/A,N/A,N/A,N/A,arbeitnow,general,employer,N/A,N/A,N/A,remote,HIGH,Yes,Pre-classified by arbeitnow scraper,"CPS Conpac Port Service GmbH ist ein spezialisierter Umschlagsbetrieb mit Fokus auf Container Packing und Logistik. Das Unternehmen verfügt über umfassende Expertise in der Verladung, Lagerung und Abf...",listing_page,No,https://www.arbeitnow.com/jobs/companies/cps-conpac-port-service-gmbh/social-media-managerin-hamburg-370765
N/A,Senior Marketing Manager (m/w/d),Berlin,N/A,N/A,N/A,N/A,arbeitnow,general,employer,N/A,N/A,N/A,remote,HIGH,Yes,Pre-classified by arbeitnow scraper,Lust auf den nächsten Karriereschritt mit echtem Entwicklungspotenzial? Dann haben wir genau das richtige für dich. Eine erfolgreiche Skalierungsagentur mit Fokus auf Coaching und Beratung sucht einen...,listing_page,No,https://www.arbeitnow.com/jobs/companies/just-hiring/senior-marketing-manager-berlin-227837
N/A,CFO (external),Freiburg im Breisgau,N/A,N/A,N/A,N/A,arbeitnow,general,employer,N/A,N/A,N/A,remote,HIGH,Yes,Pre-classified by arbeitnow scraper,"Phaseform is a successful deep-tech company based in Freiburg, Germany. We change the way adaptive optics can help microscopy, ophthalmology and machine vision using our proprietary optofluidic wavefr...",listing_page,No,https://www.arbeitnow.com/jobs/companies/phaseform/cfo-external-freiburg-im-breisgau-438873
N/A,Digitalberater:in,Frankfurt am Main,N/A,N/A,N/A,N/A,arbeitnow,general,employer,N/A,N/A,N/A,remote,HIGH,Yes,Pre-classified by arbeitnow scraper,"Wir sind die DIGITAL BUILDERS GmbH . Seit 2010 entwickeln wir digitale Infrastrukturen, Prozesse und Strategien für Organisationen, die dort anpacken, wo es gesellschaftlich zählt. Wir stehen an einem...",listing_page,No,https://www.arbeitnow.com/jobs/companies/digital-builders-gmbh/digitalberaterin-frankfurt-am-main-92949
N/A,Freelancer (m/w/d) Grafik & Design gesucht,Limburgerhof,N/A,N/A,N/A,N/A,arbeitnow,general,employer,N/A,N/A,N/A,remote,HIGH,Yes,Pre-classified by arbeitnow scraper,"Wir suchen kreative Unterstützung auf Freelancer-Basis für unsere Marken KSGOC, NXTONE & die Krämerei Trier . Befristete Zusammenarbeit Aufgaben Deine Aufgaben: Konzeption, Design und Weiterentwicklun...",listing_page,No,https://www.arbeitnow.com/jobs/companies/ksgoc-kuhn-sellinger-group-of-companies/freelancer-grafik-design-gesucht-limburgerhof-455377
N/A,Fullstack Developer (m/w/d) REMOTE // UX / Python / Vue.js,Düsseldorf,N/A,N/A,N/A,N/A,arbeitnow,general,employer,N/A,N/A,N/A,remote,HIGH,Yes,Pre-classified by arbeitnow scraper,Für meinen langjährigen Partner suche ich nach mehreren Fullstack Developer (m/w/d) REMOTE // UX / Python / Vue.js. Aufgaben Entwicklung und Implementierung von benutzerfreundlichen Frontend-Komponent...,listing_page,No,https://www.arbeitnow.com/jobs/companies/pont-connects-ek/fullstack-developer-remote-ux-python-vuejs-dusseldorf-371903
N/A,Freelancer First-Level Support (m/w/d) - Deutsch & Dänisch & French,Leipzig,N/A,N/A,N/A,N/A,arbeitnow,general,employer,N/A,N/A,N/A,remote,HIGH,Yes,Pre-classified by arbeitnow scraper,"Die colpari GmbH sucht engagierte Freelancer (m/w/d) für den First-Level-Support im E-Commerce-Bereich. Wenn du eine Leidenschaft für exzellenten Kundenservice hast und in einem flexiblen, digitalen U...",listing_page,No,https://www.arbeitnow.com/jobs/companies/colpari-gmbh/freelancer-first-level-support-deutsch-danisch-french-leipzig-47965
N/A,Werkstudent / Praktikant (m/w/d) im Social & Event Marketing,Oldenburg,N/A,N/A,N/A,N/A,arbeitnow,general,employer,N/A,N/A,N/A,remote,HIGH,Yes,Pre-classified by arbeitnow scraper,"FJULED ist eine junge, wachsende Hydrogel-Brand – und wir suchen genau dich! Bei uns erwartet dich keine steife Konzernstruktur, sondern ein lockeres, motiviertes Umfeld, in dem alle gemeinsam an eine...",listing_page,No,https://www.arbeitnow.com/jobs/companies/fjuled-nutrition/werkstudent-praktikant-im-social-event-marketing-oldenburg-147430
N/A,"Selbständiger ""Partner Headhunter/in"", gerne Quereinsteiger (Homeoffice)",Gummersbach,N/A,N/A,N/A,N/A,arbeitnow,general,employer,N/A,N/A,N/A,remote,HIGH,Yes,Pre-classified by arbeitnow scraper,Die Anzahl unbesetzter Stellen sowie die durchschnittliche Dauer bis zur Besetzung in Deutschland haben einen Rekordhoch erreicht. Der Wandel vom Arbeitgeber- zum Arbeitnehmermarkt stellt für viele Un...,listing_page,No,https://www.arbeitnow.com/jobs/companies/beutler-saghari-partner-gmbh/selbstandiger-partner-headhunter-in-gerne-quereinsteiger-homeoffice-gummersbach-223370
N/A,Marketingspezialist:in,Stuttgart,N/A,N/A,N/A,N/A,arbeitnow,general,employer,N/A,N/A,N/A,remote,HIGH,Yes,Pre-classified by arbeitnow scraper,Aufgaben Marketing Qualifikation Marketing Find more English Speaking Jobs in Germany on Arbeitnow,listing_page,No,https://www.arbeitnow.com/jobs/companies/praxisconcierge/marketingspezialistin-stuttgart-181597
N/A,Freelancer GTM Engineer / AI Automation Specialist (n8n & Clay),Dülmen,N/A,N/A,N/A,N/A,arbeitnow,general,employer,N/A,N/A,N/A,remote,HIGH,Yes,Pre-classified by arbeitnow scraper,"Wer bin ich Hallo, ich heiße Simon Gerwert (29, Masterstudent aus NRW). Ich baue „ Sophie “ – das moderne Buchungsportal, das die fragmentierte europäische Campingbranche digitalisiert. Ich bin das „A...",listing_page,No,https://www.arbeitnow.com/jobs/companies/simon-gerwert-sophie/freelancer-gtm-engineer-ai-automation-specialist-n8n-clay-dulmen-216727
N/A,Marketing Specialist - Pflichtpraktikum 100% remote,Munich,N/A,N/A,N/A,N/A,arbeitnow,general,employer,N/A,N/A,N/A,remote,HIGH,Yes,Pre-classified by arbeitnow scraper,"Wir haben genug von weichgespülten Jobanzeigen und intransparenten Firmen. Aura Jobs ist der ""Recruiting-Roast"". Wir nutzen KI-Scraper und echte Insider-Scouts, um den Arbeitsmarkt endlich ehrlich zu ...",listing_page,No,https://www.arbeitnow.com/jobs/companies/talent-partner-gmbh/marketing-specialist-pflichtpraktikum-100-remote-munich-347363
N/A,Werkstudent GTM / Marketing (m/w/d),Munich,N/A,N/A,N/A,N/A,arbeitnow,general,employer,N/A,N/A,N/A,remote,HIGH,Yes,Pre-classified by arbeitnow scraper,"Wir sind die Auralis Group GmbH, ein Venture Studio mit ~70 MA, welches Softwareprodukte baut und eigene algorithmische Trading-Strategien betreibt. Mit CuteMarkets entwickeln wir aktuell eine Plattfo...",listing_page,No,https://www.arbeitnow.com/jobs/companies/cutemarkets/werkstudent-gtm-marketing-munich-183543
N/A,"Ehrenamtliche/r Mitarbeiter:innen Business Development Live Peace City Events (m/w/d) für ""Live Peace""",Homburg,N/A,N/A,N/A,N/A,arbeitnow,general,employer,N/A,N/A,N/A,remote,HIGH,Yes,Pre-classified by arbeitnow scraper,Werde Teil von Live Peace 2026 Wir suchen ab sofort ehrenamtliche Mitarbeiter:innen Business Development Live Peace City Events (m/w/d) Für das internationale Friedensprojekt Live Peace 2026 – 100 Stä...,listing_page,No,https://www.arbeitnow.com/jobs/companies/go-for-climate-ev/ehrenamtliche-r-mitarbeiterinnen-business-development-live-peace-city-events-fur-live-peace-homburg-141042
N/A,Content & Marketing Assistant (m/w/d) · Freelance · remote · Teilzeit · für Deutsche im Ausland,Karlsruhe,N/A,N/A,N/A,N/A,arbeitnow,general,employer,N/A,N/A,N/A,remote,HIGH,Yes,Pre-classified by arbeitnow scraper,"Du lebst im Ausland, arbeitest remote und kannst es auf den Punkt bringen? Wir sind ZWW Deutschland – wir verbinden KMU, Agenturen und Berater mit staatlichen Förderprogrammen, von denen kaum jemand w...",listing_page,No,https://www.arbeitnow.com/jobs/companies/zww-deutschland-gmbh/content-marketing-assistant-freelance-remote-teilzeit-fur-deutsche-im-ausland-karlsruhe-208202
N/A,Quantitative Developer - Algorithmic Options Trading,Munich,N/A,N/A,N/A,N/A,arbeitnow,general,employer,N/A,N/A,N/A,remote,HIGH,Yes,Pre-classified by arbeitnow scraper,We are a 2 years old venture studio (with 70 employees) and prop shop running options strategies with our own assets. We are currently looking for a Quant to join our core team. You will work on live ...,listing_page,No,https://www.arbeitnow.com/jobs/companies/cutemarkets/quantitative-developer-algorithmic-options-trading-munich-431190
N/A,Minijob/Freelance 100% remote: TikTok Creator für Lern App gesucht (m/w/d),Cologne,N/A,N/A,N/A,N/A,arbeitnow,general,employer,N/A,N/A,N/A,remote,HIGH,Yes,Pre-classified by arbeitnow scraper,"Wir bauen gerade den TikTok-Auftritt unserer Lernapp auf und suchen eine kreative Person, die gern vor der Kamera steht, TikTok versteht und Lust hat, Lern- & Studenten-Content modern, lustig und rele...",listing_page,No,https://www.arbeitnow.com/jobs/companies/kluuu/100-remote-tiktok-creator-fur-lern-app-gesucht-cologne-208356
N/A,Online Marketing Manager:in mit Schwerpunkt Social Media & SEA,Stuttgart,N/A,N/A,N/A,N/A,arbeitnow,general,employer,N/A,N/A,N/A,remote,HIGH,Yes,Pre-classified by arbeitnow scraper,"Wir suchen eine kreative, strukturierte Persönlichkeit , die Spaß daran hat, Marketing ganzheitlich zu denken und umzusetzen – von Content über Social Media bis hin zu Funnels. Du hast ein gutes Gespü...",listing_page,No,https://www.arbeitnow.com/jobs/companies/sacherer-recruiting-partner-gmbh/online-marketing-managerin-mit-schwerpunkt-social-media-sea-stuttgart-9674
N/A,Senior SAP ABAP Entwickler (m/w/d),Bruckmühl,N/A,N/A,N/A,N/A,arbeitnow,general,employer,N/A,N/A,N/A,remote,HIGH,Yes,Pre-classified by arbeitnow scraper,Senior SAP ABAP Entwickler (m/w/d) – 100% Remote Deutsch mindestens C1 und SAP Fiori-Kenntnisse erforderlich MSA Fleet Consulting – Spezialist für modernes Fuhrparkmanagement im SAP Automotive Umfeld ...,listing_page,No,https://www.arbeitnow.com/jobs/companies/msa-fleet-consulting-msa-software-solutions-ug/senior-sap-abap-entwickler-bruckmuhl-220499
N/A,** Group Accounting & Consolidation Lead (m/w/d) - bis zu 100% Remote **,Berlin,N/A,N/A,N/A,N/A,arbeitnow,general,employer,N/A,N/A,N/A,remote,HIGH,Yes,Pre-classified by arbeitnow scraper,Über die Prokuras Gruppe Prokuras ist eine deutschlandweit agierende Unternehmensgruppe im Bereich des Immobilien- und Gebäudemanagements. Bundesweit gehören inzwischen mehr als 500 Mitarbeitende zu d...,listing_page,No,https://www.arbeitnow.com/jobs/companies/prokuras-beteiligungs-gmbh/group-accounting-consolidation-lead-bis-zu-100-remote-berlin-191625
N/A,Technischer Vertriebsingenieur (m/w/d) Metall-Vakuumimprägnierung,Dortmund,N/A,N/A,N/A,N/A,arbeitnow,general,employer,N/A,N/A,N/A,remote,HIGH,Yes,Pre-classified by arbeitnow scraper,"Seit über 30 Jahren unterstützt Maldaner als Spezialist für Imprägnierdienstleistungen und Oberflächentechnologie Kunden aus Automotive, Gießerei und Industrie dabei, Qualität, Zuverlässigkeit und Eff...",listing_page,No,https://www.arbeitnow.com/jobs/companies/quaker-houghton/technischer-vertriebsingenieur-metall-vakuumimpragnierung-dortmund-449108
N/A,(Senior) Solution Manager - Contact Center & Conversational AI (w/m/d),Hanover,N/A,N/A,N/A,N/A,arbeitnow,general,employer,N/A,N/A,N/A,remote,HIGH,Yes,Pre-classified by arbeitnow scraper,Jobbeschreibung Das sind wir tecRacer ist einer der führenden AWS Premier Consulting Partner in Deutschland. Seit über 20 Jahren begleiten wir Unternehmen bei ihrer Cloud-Transformation – mit echtem T...,listing_page,No,https://www.arbeitnow.com/jobs/companies/tecracer-germany-gmbh/senior-solution-manager-contact-center-conversational-ai-hanover-235372
N/A,IT Cloud & Network Specialist (m/w/d),Regensburg,N/A,N/A,N/A,N/A,arbeitnow,general,employer,N/A,N/A,N/A,remote,HIGH,Yes,Pre-classified by arbeitnow scraper,"Du willst nicht nur Systeme verwalten, sondern sie wirklich besser machen? Dann bist du bei uns genau richtig. Die best data GmbH ist ein dynamisches IT-Unternehmen im Finanzdienstleistungssektor. Wir...",listing_page,No,https://www.arbeitnow.com/jobs/companies/best-data-gmbh/it-cloud-network-specialist-regensburg-22626
N/A,SAP Berechtigungs- und Rollenexperte HCM / SuccessFactors (m/w/d),Gelsenkirchen,N/A,N/A,N/A,N/A,arbeitnow,general,employer,N/A,N/A,N/A,remote,HIGH,Yes,Pre-classified by arbeitnow scraper,Im Rahmen eines langfristigen Projekts im öffentlichen Sektor suchen wir einen erfahrenen SAP Berechtigungs- und Rollenexperten mit Schwerpunkt auf SAP HCM und SuccessFactors. Sie werden Teil eines in...,listing_page,No,https://www.arbeitnow.com/jobs/companies/hirsch-vermogensverwaltung-gmbh/sap-berechtigungs-und-rollenexperte-hcm-successfactors-gelsenkirchen-216105
N/A,Consultant / Senior Consultant (m/w/d) - Remote und vor Ort beim Kunden,Braunschweig,N/A,N/A,N/A,N/A,arbeitnow,general,employer,N/A,N/A,N/A,remote,HIGH,Yes,Pre-classified by arbeitnow scraper,"Hast du Lust, echten Impact zu liefern und Unternehmen dabei zu helfen, nachhaltig leistungsfähiger, effizienter und profitabler zu sein? Dann bist du bei uns genau richtig. Wir sind eine Unternehmens...",listing_page,No,https://www.arbeitnow.com/jobs/companies/mhlr-advisory/consultant-senior-consultant-remote-und-vor-ort-beim-kunden-braunschweig-270645
N/A,Senior SAP EWM/TM Consultant,Frankfurt am Main,N/A,N/A,N/A,N/A,arbeitnow,general,employer,N/A,N/A,N/A,remote,HIGH,Yes,Pre-classified by arbeitnow scraper,"Senior SAP TM/EWM Consultant (m/w/d) 📍 Deutschlandweit | 💼 Vollzeit | 🏡 Remote möglich | 🚀 Start: flexibel Du bist im SAP TM/EWM Umfeld zu Hause und hast Lust, S/4HANA-Transformationen aktiv mitzugest...",listing_page,No,https://www.arbeitnow.com/jobs/companies/pertemps-erp/senior-sap-ewm-tm-consultant-frankfurt-am-main-257557
N/A,SAP Basis Consultant,Frankfurt am Main,N/A,N/A,N/A,N/A,arbeitnow,general,employer,N/A,N/A,N/A,remote,HIGH,Yes,Pre-classified by arbeitnow scraper,Für ein international tätiges IT- und Digitalunternehmen suchen wir einen erfahrenen Senior SAP Basis Consultant (SAP RISE) . In dieser Rolle übernehmen Sie eine Schlüsselposition beim Aufbau und der ...,listing_page,No,https://www.arbeitnow.com/jobs/companies/pertemps-erp/sap-basis-consultant-frankfurt-am-main-45178
N/A,Growth Marketing Manager (m/w/d) - Gestalte die nächste Wachstumsphase von heycare,Munich,N/A,N/A,N/A,N/A,arbeitnow,general,employer,N/A,N/A,N/A,remote,HIGH,Yes,Pre-classified by arbeitnow scraper,"450+ Kunden – darunter Volkswagen Group Retail, Daimler Truck, DOUGLAS & viele weitere. Wir wachsen schnell: 100% Revenue-Wachstum jedes Jahr. Und wir stehen erst am Anfang. heycare macht Employee Wel...",listing_page,No,https://www.arbeitnow.com/jobs/companies/heycare/growth-marketing-manager-gestalte-die-nachste-wachstumsphase-von-heycare-munich-387387
N/A,E-Commerce Manager - GEO Spezialisiert (w/m/d),Stuttgart,N/A,N/A,N/A,N/A,arbeitnow,general,employer,N/A,N/A,N/A,remote,HIGH,Yes,Pre-classified by arbeitnow scraper,"Du denkst in AI — nicht weil es gerade Trend ist, sondern weil du verstanden hast, was damit wirklich möglich ist? Du bist präzise, kommunikationsstark und weißt, wie man KI gezielt einsetzt, um E-Com...",listing_page,No,https://www.arbeitnow.com/jobs/companies/netshake-gmbh/e-commerce-manager-geo-spezialisiert-stuttgart-25377
N/A,Jurist/in IT-Recht m/d/w,Bonn,N/A,N/A,N/A,N/A,arbeitnow,general,employer,N/A,N/A,N/A,remote,HIGH,Yes,Pre-classified by arbeitnow scraper,Wir sind ein auf Datenschutz und IT-Recht spezialisiertes Beratungsunternehmen und unterstützen deutschlandweit Kunden in allen juristischen Belangen. Zu unseren Aufgaben zählen die Erstellung von Dat...,listing_page,No,https://www.arbeitnow.com/jobs/companies/sicoda-gmbh/jurist-in-it-recht-bonn-310408
N/A,Software Engineering Internship (3 Months),Buchloe,N/A,N/A,N/A,N/A,arbeitnow,general,employer,N/A,N/A,N/A,remote,HIGH,Yes,Pre-classified by arbeitnow scraper,Are you ready to move beyond theory and build real-world software products? Praktix offers a hands-on Software Engineering Internship that gives students and recent graduates real-world experience in ...,listing_page,No,https://www.arbeitnow.com/jobs/companies/minutes-90/software-engineering-internship-3-months-buchloe-348330
N/A,"Content Creator / Online-Marketing Manager (m, w, d)",Leonberg,N/A,N/A,N/A,N/A,arbeitnow,general,employer,N/A,N/A,N/A,remote,HIGH,Yes,Pre-classified by arbeitnow scraper,"Hallo, wir sind das eine Grad mehr. Eine Digitalagentur in der Nähe von Stuttgart. Wir sind auf die Entwicklung von Websites, Onlineshops, (Web-)Apps und Online-Marketing spezialisiert und bedienen Un...",listing_page,No,https://www.arbeitnow.com/jobs/companies/361-grad-digital-gmbh/content-creator-online-marketing-manager-m-w-d-leonberg-194389
N/A,Informationsspezialist:in,Unkel,N/A,N/A,N/A,N/A,arbeitnow,general,employer,N/A,N/A,N/A,remote,HIGH,Yes,Pre-classified by arbeitnow scraper,"Wir sind eine spezialisierte IT- und Management-Beratung für eine digitale Transformation mit klarem Zielkompass und messbaren Ergebnissen. Wir verbinden Innovationsgeist und Expertise in KI, Software...",listing_page,No,https://www.arbeitnow.com/jobs/companies/colenio-gmbh-co-kg/informationsspezialistin-unkel-406200
N/A,Informationsspezialist:in,Unkel,N/A,N/A,N/A,N/A,arbeitnow,general,employer,N/A,N/A,N/A,remote,HIGH,Yes,Pre-classified by arbeitnow scraper,"Wir sind eine spezialisierte IT- und Management-Beratung für eine digitale Transformation mit klarem Zielkompass und messbaren Ergebnissen. Wir verbinden Innovationsgeist und Expertise in KI, Software...",listing_page,No,https://www.arbeitnow.com/jobs/companies/colenio-gmbh-co-kg/informationsspezialistin-unkel-411934
N/A,Senior Go Consultant / Engineer (m/w/d),Munich,N/A,N/A,N/A,N/A,arbeitnow,general,employer,N/A,N/A,N/A,remote,HIGH,Yes,Pre-classified by arbeitnow scraper,Bei CmdScale lösen wir komplexe Probleme an der Schnittstelle von High-Performance Software Engineering und strategischer IT-Beratung. Wir bieten dir die Chance mit namhaften Marktführern und Global P...,listing_page,No,https://www.arbeitnow.com/jobs/companies/cmdscale-gmbh/senior-go-consultant-engineer-munich-355477
N/A,Senior Rust Consultant / Engineer (m/w/d),Munich,N/A,N/A,N/A,N/A,arbeitnow,general,employer,N/A,N/A,N/A,remote,HIGH,Yes,Pre-classified by arbeitnow scraper,Bei CmdScale lösen wir komplexe Probleme an der Schnittstelle von High-Performance Software Engineering und strategischer IT-Beratung. Wir bieten dir die Chance mit namhaften Marktführern und Global P...,listing_page,No,https://www.arbeitnow.com/jobs/companies/cmdscale-gmbh/senior-rust-consultant-engineer-munich-304255
N/A,Projektmanager (m/w/d) - Remote oder im Büro,Neuried,N/A,N/A,N/A,N/A,arbeitnow,general,employer,N/A,N/A,N/A,remote,HIGH,Yes,Pre-classified by arbeitnow scraper,"Wir suchen für unseren Klienten T.Eilers & Partner einen Projektmanager (m/w/d), der Prozesse strukturiert steuert, Projekte sauber umsetzt und operative Exzellenz sicherstellt – remote oder vor Ort. ...",listing_page,No,https://www.arbeitnow.com/jobs/companies/kakoschke-burodienstleistung/projektmanager-remote-oder-im-buro-neuried-144444
N/A,Werkstudent Grafikdesign (m/w/d),Hanover,N/A,N/A,N/A,N/A,arbeitnow,general,employer,N/A,N/A,N/A,remote,HIGH,Yes,Pre-classified by arbeitnow scraper,Du kannst Inhalte visuell auf den Punkt bringen? Dann suchen wir genau dich. Die Nefino GmbH entwickelt Software- und Datenlösungen für die Energiewende. Unsere SaaS-Produkte helfen Unternehmen und Be...,listing_page,No,https://www.arbeitnow.com/jobs/companies/nefino/werkstudent-grafikdesign-hanover-428298
N/A,IT-Projektleiter / Customer-Succes-Manager (m/w/d),Regen,N/A,N/A,N/A,N/A,arbeitnow,general,employer,N/A,N/A,N/A,remote,HIGH,Yes,Pre-classified by arbeitnow scraper,"Bist du bereit, deine Karriere auf die nächste Stufe zu heben? FastRocket GmbH, ein Softwareunternehmen mit Sitz in Regen, Deutschland, sucht einen IT-Projektleiter/Customer-Success-Manager (m/w/d). W...",listing_page,No,https://www.arbeitnow.com/jobs/companies/fastrocket-gmbh/it-projektleiter-customer-succes-manager-regen-385698
N/A,Online Marketing Manager (m/w/d) Social Media Ads | 100 % Remote,Neuss,N/A,N/A,N/A,N/A,arbeitnow,general,employer,N/A,N/A,N/A,remote,HIGH,Yes,Pre-classified by arbeitnow scraper,"Wir suchen Verstärkung im Online-Marketing! Du liebst es, mit Social Media zu arbeiten und kennst dich mit Werbeanzeigen aus? Dann bist du bei uns genau richtig. Zur Unterstützung unseres Teams suchen...",listing_page,No,https://www.arbeitnow.com/jobs/companies/smartkundigen-ohg/online-marketing-manager-social-media-ads-100-remote-neuss-343861
N/A,Social Media Ads Manager (m/w/d) Online Marketing | 100 % Remote,Neuss,N/A,N/A,N/A,N/A,arbeitnow,general,employer,N/A,N/A,N/A,remote,HIGH,Yes,Pre-classified by arbeitnow scraper,"Wir suchen Verstärkung im Online-Marketing! Du liebst es, mit Social Media zu arbeiten und kennst dich mit Werbeanzeigen aus? Dann bist du bei uns genau richtig. Zur Unterstützung unseres Teams suchen...",listing_page,No,https://www.arbeitnow.com/jobs/companies/smartkundigen-ohg/social-media-ads-manager-online-marketing-100-remote-neuss-394219
N/A,Performance Marketing Manager (m/w/d) Fokus Social Ads | Remote,Neuss,N/A,N/A,N/A,N/A,arbeitnow,general,employer,N/A,N/A,N/A,remote,HIGH,Yes,Pre-classified by arbeitnow scraper,"Wir suchen Verstärkung im Online-Marketing! Du liebst es, mit Social Media zu arbeiten und kennst dich mit Werbeanzeigen aus? Dann bist du bei uns genau richtig. Zur Unterstützung unseres Teams suchen...",listing_page,No,https://www.arbeitnow.com/jobs/companies/smartkundigen-ohg/performance-marketing-manager-fokus-social-ads-remote-neuss-309412
N/A,(Junior) Finance & Payroll Manager in Teilzeit (m/w/d),Frankfurt am Main,N/A,N/A,N/A,N/A,arbeitnow,general,employer,N/A,N/A,N/A,remote,HIGH,Yes,Pre-classified by arbeitnow scraper,"Deine Aufgaben Du bist für die Durchführung der vorbereitenden Buchhaltung, insbesondere die Prüfung und Freigabe von Eingangsrechnungen verantwortlich. Du erstellst und versendest Ausgangsrechnungen ...",listing_page,No,https://www.arbeitnow.com/jobs/companies/cashlink-technologies-gmbh/junior-finance-payroll-managerin-in-teilzeit-frankfurt-am-main-193947
N/A,Geschäftsführer / Business Consulting / Wachstumsgelegenheit,Berlin,N/A,N/A,N/A,N/A,arbeitnow,general,employer,N/A,N/A,N/A,remote,HIGH,Yes,Pre-classified by arbeitnow scraper,"Machen Sie den nächsten Schritt und arbeiten Sie mit einem vertrauenswürdigen Business Consulting - Executive Mentoring-Netzwerk zusammen. Sind Sie erfolgreich im Führen von Geschäftseinheiten, mit un...",listing_page,No,https://www.arbeitnow.com/jobs/companies/thexton-armstrong-nord-und-ost-deutschland/geschaftsfuhrer-business-consulting-wachstumsgelegenheit-berlin-16403
N/A,Leadership opportunity / Business Consultant / Independent Partner,Berlin,N/A,N/A,N/A,N/A,arbeitnow,general,employer,N/A,N/A,N/A,remote,HIGH,Yes,Pre-classified by arbeitnow scraper,"Company Description thexton armstrong is an international business consultancy that specializes in empowering SME (Small and Medium Enterprise) owners to achieve growth, enhance profitability, and eff...",listing_page,No,https://www.arbeitnow.com/jobs/companies/thexton-armstrong-nord-und-ost-deutschland/leadership-opportunity-business-consultant-independent-partner-berlin-475841
N/A,Geschäftsführungsassistenz / Executive Assistant | 100% Remote (m/w/d),Leipzig,N/A,N/A,N/A,N/A,arbeitnow,general,employer,N/A,N/A,N/A,remote,HIGH,Yes,Pre-classified by arbeitnow scraper,"Du möchtest flexibel, schnell und breit arbeiten — und dabei sehr genau sein? Du jonglierst gerne mehrere Themen parallel, ohne dass dir die Details durchrutschen? Du willst nicht eine Rolle mit klare...",listing_page,No,https://www.arbeitnow.com/jobs/companies/mailody-gmbh/geschaftsfuhrungsassistenz-executive-assistant-100-remote-leipzig-100403
N/A,Engineering Manager (gn),Berlin,N/A,N/A,N/A,N/A,arbeitnow,general,employer,N/A,N/A,N/A,remote,HIGH,Yes,Pre-classified by arbeitnow scraper,"Jobbeschreibung Die Rolle: Du leitest das Engineering-Team im Herzen des Kernprodukts von sofatutor – einer Lernplattform, die von über einer Million Schüler:innen, Eltern und Lehrkräften im deutschsp...",listing_page,No,https://www.arbeitnow.com/jobs/companies/sofatutor-gmbh/senior-engineering-manager-gn-berlin-385237
N/A,SEO Manager (m/w/d),Berlin,N/A,N/A,N/A,N/A,arbeitnow,general,employer,N/A,N/A,N/A,remote,HIGH,Yes,Pre-classified by arbeitnow scraper,Bist du bereit für deinen nächsten Karriereschritt? Dann haben wir genau das Richtige für dich! Eine erfolgreiche Marketing Agentur sucht dich als Senior SEO Manager (m/w/d). Als SEO Manager (m/w/d) a...,listing_page,No,https://www.arbeitnow.com/jobs/companies/just-hiring/seo-manager-berlin-135365
N/A,"Selbständiger ""Partner Headhunter/in"", gerne Quereinsteiger (Homeoffice)",Gummersbach,N/A,N/A,N/A,N/A,arbeitnow,general,employer,N/A,N/A,N/A,remote,HIGH,Yes,Pre-classified by arbeitnow scraper,Die Anzahl unbesetzter Stellen sowie die durchschnittliche Dauer bis zur Besetzung in Deutschland haben einen Rekordhoch erreicht. Der Wandel vom Arbeitgeber- zum Arbeitnehmermarkt stellt für viele Un...,listing_page,No,https://www.arbeitnow.com/jobs/companies/beutler-saghari-partner-gmbh/selbstandiger-partner-headhunter-in-gerne-quereinsteiger-homeoffice-gummersbach-453458
N/A,Abteilungsleitung strategischer Einkauf Arzneimittel (m/w/d),Hamburg,N/A,N/A,N/A,N/A,arbeitnow,general,employer,N/A,N/A,N/A,remote,HIGH,Yes,Pre-classified by arbeitnow scraper,Aufgaben In dieser verantwortungsvollen Position übernehmen Sie die Leitung des strategischen Arzneimitteleinkaufs und gestalten aktiv die Weiterentwicklung der Einkaufsstrategie: Fachliche und diszip...,listing_page,No,https://www.arbeitnow.com/jobs/companies/sinceritas/abteilungsleitung-strategischer-einkauf-arzneimittel-hamburg-397599
N/A,Praktikant - Produktmanagement Klimaanlage & Wärmepumpe (m/w/d),Berlin,N/A,N/A,N/A,N/A,arbeitnow,general,employer,N/A,N/A,N/A,remote,HIGH,Yes,Pre-classified by arbeitnow scraper,"Bei Eneto machen wir moderne Klimaanlagen- und Wärmepumpenlösungen schnell, einfach und bezahlbar zugänglich – bundesweit, mit standardisierten Prozessen und Installationen in 1 bis 2 Tagen. Wir wachs...",listing_page,No,https://www.arbeitnow.com/jobs/companies/eneto-gmbh/growth-associate-intern-produktmanagement-klimaanlage-warmepumpe-berlin-23922
N/A,Praktikant - Marketing (m/w/d),Berlin,N/A,N/A,N/A,N/A,arbeitnow,general,employer,N/A,N/A,N/A,remote,HIGH,Yes,Pre-classified by arbeitnow scraper,"Bei Eneto machen wir moderne Klimaanlagen- und Heizlösungen schnell, einfach und bezahlbar zugänglich. Wir wachsen – und unser Marketing wächst mit. Du willst nicht nur zuschauen, wie Growth funktioni...",listing_page,No,https://www.arbeitnow.com/jobs/companies/eneto-gmbh/growth-associate-intern-marketing-berlin-398207
N/A,Business Development Manager:in KI (m/w/d) bei der U-Glow GmbH,Mülheim,N/A,N/A,N/A,N/A,arbeitnow,general,employer,N/A,N/A,N/A,remote,HIGH,Yes,Pre-classified by arbeitnow scraper,"Bei U-Glow (prelytics®) bauen wir spezialisierte KI-Softwarelösungen für die Energie-, Gesundheits- und Finanzbranche. Wir sind kein Konzern – wir sind ein schlagkräftiges Team, das KI nicht erklärt, ...",listing_page,No,https://www.arbeitnow.com/jobs/companies/u-glow-gmbh/business-development-managerin-ki-bei-der-u-glow-gmbh-mulheim-208153
N/A,Sales Manager - Setter (m/w/d) Freelancer,Frankfurt am Main,N/A,N/A,N/A,N/A,arbeitnow,general,employer,N/A,N/A,N/A,remote,HIGH,Yes,Pre-classified by arbeitnow scraper,"Kaltakquise ist für dich kein Schreckgespenst, sondern dein Spielfeld? Dann weißt du, Gute Sales-Gespräche entstehen nicht durch Skripte, sondern durch Timing, Gespür und die Fähigkeit, Potenziale frü...",listing_page,No,https://www.arbeitnow.com/jobs/companies/insivio-it-gmbh/sales-manager-setter-freelancer-frankfurt-am-main-410803
N/A,Werkstudent Business Enablement & Operations (all genders),Hamburg,N/A,N/A,N/A,N/A,arbeitnow,general,employer,N/A,N/A,N/A,remote,HIGH,Yes,Pre-classified by arbeitnow scraper,WIR SIND… AdEx Partners ist ein eingeschworenes Team erfahrener Beraterinnen und Berater. Wir begleiten unsere Kunden bei ihren komplexen Business Transformationen rund um Digitalisierung und IT. Als ...,listing_page,No,https://www.arbeitnow.com/jobs/companies/adex-beratungs-gmbh/werkstudent-business-enablement-operations-all-genders-hamburg-424680
N/A,SAP HCM Full-Stack Entwickler (Schwerpunkt Frontend),Gelsenkirchen,N/A,N/A,N/A,N/A,arbeitnow,general,employer,N/A,N/A,N/A,remote,HIGH,Yes,Pre-classified by arbeitnow scraper,Als Unternehmensberatung und Agentur für Digitalisierung in München ist der Kunde Experte im Umfeld SAP-HCM & im Bereich Projektmanagement i.V.m. Digitalisierung und den damit einhergehenden Anforderu...,listing_page,No,https://www.arbeitnow.com/jobs/companies/hirsch-vermogensverwaltung-gmbh/sap-hcm-full-stack-entwickler-schwerpunkt-frontend-gelsenkirchen-483218
N/A,Werkstudent (m/w/d) Business Operations & Content,Berlin,N/A,N/A,N/A,N/A,arbeitnow,general,employer,N/A,N/A,N/A,remote,HIGH,Yes,Pre-classified by arbeitnow scraper,"Gestalte echten Impact – mit Content, der Menschen wirklich erreicht Du bist aktuell an einer Hochschule in Deutschland eingeschrieben und möchtest neben Deinem Studium nicht nur theoretisch arbeiten,...",listing_page,No,https://www.arbeitnow.com/jobs/companies/yaslife/werkstudent-business-operations-content-berlin-140621
N/A,Recherche Carrelage à Solliès-Toucas,France,N/A,N/A,N/A,N/A,allovoisins,general,unknown,N/A,N/A,N/A,on-site,MEDIUM,No,"NLP Analysis: Ambiguous signals (remote: 0, onsite: 0)",N/A,listing_page,Yes,https://www.allovoisins.com/v/carrelage
N/A,Cherche Installation électrique à Montredon-des-Corbières,France,N/A,N/A,N/A,N/A,allovoisins,general,unknown,N/A,N/A,N/A,on-site,MEDIUM,No,"NLP Analysis: Ambiguous signals (remote: 0, onsite: 0)",N/A,listing_page,Yes,https://www.allovoisins.com/v/installation-electrique
N/A,Location clé (outillage) - Saint-Dizier,France,N/A,5€,N/A,N/A,allovoisins,general,unknown,N/A,N/A,N/A,on-site,MEDIUM,No,"NLP Analysis: Ambiguous signals (remote: 0, onsite: 0)",Durée : 1 jour,detail_page,Yes,https://www.allovoisins.com/r/0/2/0/0/location-vente/Outillage-entretien
N/A,Recherche Plomberie - Installation sanitaire à Nantes,France,N/A,N/A,N/A,N/A,allovoisins,general,unknown,N/A,N/A,N/A,on-site,HIGH,No,Obvious on-site work: plomberie,N/A,listing_page,Yes,https://www.allovoisins.com/v/plomberie-installation-sanitaire
N/A,Recherche Nounou à Andilly,France,N/A,N/A,N/A,N/A,allovoisins,general,unknown,N/A,N/A,N/A,on-site,HIGH,No,Obvious on-site work: nounou,N/A,listing_page,Yes,https://www.allovoisins.com/v/nounou
N/A,Cherche Toilettage à Bruges,France,N/A,N/A,N/A,N/A,allovoisins,general,unknown,N/A,N/A,N/A,on-site,MEDIUM,No,"NLP Analysis: Ambiguous signals (remote: 0, onsite: 0)",N/A,listing_page,Yes,https://www.allovoisins.com/v/toilettage
N/A,Cherche Jardinier à Bonnée,France,N/A,N/A,N/A,N/A,allovoisins,general,unknown,N/A,N/A,N/A,on-site,MEDIUM,No,"NLP Analysis: Ambiguous signals (remote: 0, onsite: 0)",N/A,listing_page,Yes,https://www.allovoisins.com/v/jardinier
N/A,Louer une shampouineuse - Saint-Hilaire-de-Chaléons,France,N/A,15€,N/A,N/A,allovoisins,general,unknown,N/A,N/A,N/A,on-site,MEDIUM,No,"NLP Analysis: Ambiguous signals (remote: 0, onsite: 0)",Durée : 1 jour,detail_page,Yes,https://www.allovoisins.com/r/0/2/0/0/location-vente/Outillage-entretien
N/A,Recherche Architecte - Maître d'oeuvre à Chelles,France,N/A,N/A,N/A,N/A,allovoisins,general,unknown,N/A,N/A,N/A,on-site,MEDIUM,No,"NLP Analysis: Ambiguous signals (remote: 0, onsite: 0)",N/A,listing_page,Yes,https://www.allovoisins.com/v/architecte-maitre-d-oeuvre
N/A,Cherche Réparation voiture à Creil,France,N/A,N/A,N/A,N/A,allovoisins,general,unknown,N/A,N/A,N/A,on-site,MEDIUM,No,"NLP Analysis: Ambiguous signals (remote: 0, onsite: 0)",N/A,listing_page,Yes,https://www.allovoisins.com/v/reparation-voiture
N/A,Cherche Dépannage électroménager à Villard-Bonnot,France,N/A,N/A,N/A,N/A,allovoisins,general,unknown,N/A,N/A,N/A,on-site,HIGH,No,Obvious on-site work: ménage,N/A,listing_page,Yes,https://www.allovoisins.com/v/depannage-electromenager
N/A,Recherche Peinture - Tapisserie à Meyzieu,France,N/A,N/A,N/A,N/A,allovoisins,general,unknown,N/A,N/A,N/A,on-site,HIGH,No,Obvious on-site work: peinture,N/A,listing_page,Yes,https://www.allovoisins.com/v/peinture-tapisserie
N/A,Cherche Nounou à Retjons,France,N/A,N/A,N/A,N/A,allovoisins,general,unknown,N/A,N/A,N/A,on-site,HIGH,No,Obvious on-site work: nounou,N/A,listing_page,Yes,https://www.allovoisins.com/v/nounou
N/A,Cherche Dépannage électroménager à Toulouse,France,N/A,N/A,N/A,N/A,allovoisins,general,unknown,N/A,N/A,N/A,on-site,HIGH,No,Obvious on-site work: ménage,N/A,listing_page,Yes,https://www.allovoisins.com/v/depannage-electromenager
N/A,Recherche Installation électrique à Pau,France,N/A,N/A,N/A,N/A,allovoisins,general,unknown,N/A,N/A,N/A,on-site,MEDIUM,No,"NLP Analysis: Ambiguous signals (remote: 0, onsite: 0)",N/A,listing_page,Yes,https://www.allovoisins.com/v/installation-electrique
N/A,Cherche Installation électrique à Pau,France,N/A,N/A,N/A,N/A,allovoisins,general,unknown,N/A,N/A,N/A,on-site,MEDIUM,No,"NLP Analysis: Ambiguous signals (remote: 0, onsite: 0)",N/A,listing_page,Yes,https://www.allovoisins.com/v/installation-electrique
N/A,Recherche Chauffage - Climatisation à Saint-Brieuc,France,N/A,N/A,N/A,N/A,allovoisins,general,unknown,N/A,N/A,N/A,on-site,MEDIUM,No,"NLP Analysis: Ambiguous signals (remote: 0, onsite: 0)",N/A,listing_page,Yes,https://www.allovoisins.com/v/chauffage-climatisation
N/A,Cherche Réparation voiture à Vallon-en-Sully,France,N/A,N/A,N/A,N/A,allovoisins,general,unknown,N/A,N/A,N/A,on-site,MEDIUM,No,"NLP Analysis: Ambiguous signals (remote: 0, onsite: 0)",N/A,listing_page,Yes,https://www.allovoisins.com/v/reparation-voiture
N/A,Recherche Installation électrique à Draveil,France,N/A,N/A,N/A,N/A,allovoisins,general,unknown,N/A,N/A,N/A,on-site,MEDIUM,No,"NLP Analysis: Ambiguous signals (remote: 0, onsite: 0)",N/A,listing_page,Yes,https://www.allovoisins.com/v/installation-electrique
N/A,Cherche Évacuation déchets - Gravats à Saint-Saulve,France,N/A,N/A,N/A,N/A,allovoisins,general,unknown,N/A,N/A,N/A,on-site,MEDIUM,No,"NLP Analysis: Ambiguous signals (remote: 0, onsite: 0)",N/A,listing_page,Yes,https://www.allovoisins.com/v/evacuation-dechets-gravats
N/A,Cherche Aide à domicile à Décines-Charpieu,France,N/A,N/A,N/A,N/A,allovoisins,general,unknown,N/A,N/A,N/A,on-site,HIGH,No,Obvious on-site work: aide à domicile,N/A,listing_page,Yes,https://www.allovoisins.com/v/aide-a-domicile
N/A,Cherche Lingerie - Repassage à Trélazé,France,N/A,N/A,N/A,N/A,allovoisins,general,unknown,N/A,N/A,N/A,on-site,HIGH,No,Obvious on-site work: repassage,N/A,listing_page,Yes,https://www.allovoisins.com/v/lingerie-repassage
N/A,Recherche Bricolage et multi services à Argenteuil,France,N/A,N/A,N/A,N/A,allovoisins,general,unknown,N/A,N/A,N/A,on-site,HIGH,No,Obvious on-site work: bricolage,N/A,listing_page,Yes,https://www.allovoisins.com/v/bricolage-petits-travaux
N/A,Cherche Dépannage électroménager à Séméac,France,N/A,N/A,N/A,N/A,allovoisins,general,unknown,N/A,N/A,N/A,on-site,HIGH,No,Obvious on-site work: ménage,N/A,listing_page,Yes,https://www.allovoisins.com/v/depannage-electromenager
N/A,Recherche Artisan tout corps d'état - Rénovation à Martigues,France,N/A,N/A,N/A,N/A,allovoisins,general,unknown,N/A,N/A,N/A,on-site,MEDIUM,No,"NLP Analysis: Ambiguous signals (remote: 0, onsite: 0)",N/A,listing_page,Yes,https://www.allovoisins.com/v/artisan-tout-corps-d-etat-renovation
N/A,Cherche Couturière à Vannes,France,N/A,N/A,N/A,N/A,allovoisins,general,unknown,N/A,N/A,N/A,on-site,MEDIUM,No,"NLP Analysis: Ambiguous signals (remote: 0, onsite: 0)",N/A,listing_page,Yes,https://www.allovoisins.com/v/couturiere
N/A,Cherche Bricolage et multi services à Asnières-sur-Seine,France,N/A,25€,N/A,N/A,allovoisins,general,unknown,N/A,N/A,N/A,on-site,HIGH,No,Obvious on-site work: bricolage,N/A,listing_page,Yes,https://www.allovoisins.com/v/bricolage-petits-travaux
N/A,Recherche Aide à domicile à Villemomble,France,N/A,N/A,N/A,N/A,allovoisins,general,unknown,N/A,N/A,N/A,on-site,HIGH,No,Obvious on-site work: aide à domicile,N/A,listing_page,Yes,https://www.allovoisins.com/v/aide-a-domicile
N/A,Recherche Plomberie - Installation sanitaire à Eysines,France,N/A,N/A,N/A,N/A,allovoisins,general,unknown,N/A,N/A,N/A,on-site,HIGH,No,Obvious on-site work: plomberie,N/A,listing_page,Yes,https://www.allovoisins.com/v/plomberie-installation-sanitaire
N/A,Cherche Peinture - Tapisserie à Montmaur,France,N/A,N/A,N/A,N/A,allovoisins,general,unknown,N/A,N/A,N/A,on-site,HIGH,No,Obvious on-site work: peinture,N/A,listing_page,Yes,https://www.allovoisins.com/v/peinture-tapisserie
N/A,Cherche Ménage à Le Tour-du-Parc,France,N/A,N/A,N/A,N/A,allovoisins,general,unknown,N/A,N/A,N/A,on-site,HIGH,No,Obvious on-site work: ménage,N/A,listing_page,Yes,https://www.allovoisins.com/v/femme-de-menage
N/A,Recherche Déménageurs et aide au déménagement à Bessancourt,France,N/A,N/A,N/A,N/A,allovoisins,general,unknown,N/A,N/A,N/A,on-site,HIGH,No,Obvious on-site work: ménage,N/A,listing_page,Yes,https://www.allovoisins.com/v/demenagement
N/A,Recherche Ménage à Noizay,France,N/A,N/A,N/A,N/A,allovoisins,general,unknown,N/A,N/A,N/A,on-site,HIGH,No,Obvious on-site work: ménage,N/A,listing_page,Yes,https://www.allovoisins.com/v/femme-de-menage
N/A,Cherche Ménage à Noizay,France,N/A,N/A,N/A,N/A,allovoisins,general,unknown,N/A,N/A,N/A,on-site,HIGH,No,Obvious on-site work: ménage,N/A,listing_page,Yes,https://www.allovoisins.com/v/femme-de-menage
N/A,Cherche Livraison - Transport de colis à Nantes,France,N/A,N/A,N/A,N/A,allovoisins,general,unknown,N/A,N/A,N/A,on-site,HIGH,No,Obvious on-site work: livraison,N/A,listing_page,Yes,https://www.allovoisins.com/v/livraison-transport-de-colis
N/A,Cherche Aide à domicile à Épinal,France,N/A,N/A,N/A,N/A,allovoisins,general,unknown,N/A,N/A,N/A,on-site,HIGH,No,Obvious on-site work: aide à domicile,N/A,listing_page,Yes,https://www.allovoisins.com/v/aide-a-domicile
N/A,Cherche Déménageurs et aide au déménagement à Miribel,France,N/A,N/A,N/A,N/A,allovoisins,general,unknown,N/A,N/A,N/A,on-site,HIGH,No,Obvious on-site work: ménage,N/A,listing_page,Yes,https://www.allovoisins.com/v/demenagement
N/A,Cherche Jardinier à Nantes,France,N/A,N/A,N/A,N/A,allovoisins,general,unknown,N/A,N/A,N/A,on-site,MEDIUM,No,"NLP Analysis: Ambiguous signals (remote: 0, onsite: 0)",N/A,listing_page,Yes,https://www.allovoisins.com/v/jardinier
N/A,Cherche Ménage à Marseille,France,N/A,N/A,N/A,N/A,allovoisins,general,unknown,N/A,N/A,N/A,on-site,HIGH,No,Obvious on-site work: ménage,N/A,listing_page,Yes,https://www.allovoisins.com/v/femme-de-menage
N/A,Recherche Lavage auto à Marseille,France,N/A,N/A,N/A,N/A,allovoisins,general,unknown,N/A,N/A,N/A,on-site,MEDIUM,No,"NLP Analysis: Ambiguous signals (remote: 0, onsite: 0)",N/A,listing_page,Yes,https://www.allovoisins.com/v/lavage-auto
N/A,Cherche Aide à domicile à Marseille,France,N/A,N/A,N/A,N/A,allovoisins,general,unknown,N/A,N/A,N/A,on-site,HIGH,No,Obvious on-site work: aide à domicile,N/A,listing_page,Yes,https://www.allovoisins.com/v/aide-a-domicile
N/A,Recherche Ménage à Marseille,France,N/A,N/A,N/A,N/A,allovoisins,general,unknown,N/A,N/A,N/A,on-site,HIGH,No,Obvious on-site work: ménage,N/A,listing_page,Yes,https://www.allovoisins.com/v/femme-de-menage
N/A,Cherche Livraison de courses à Marseille,France,N/A,N/A,N/A,N/A,allovoisins,general,unknown,N/A,N/A,N/A,on-site,HIGH,No,Obvious on-site work: livraison,N/A,listing_page,Yes,https://www.allovoisins.com/v/livraison-de-courses
N/A,Recherche Réparation voiture à Brest,France,N/A,N/A,N/A,N/A,allovoisins,general,unknown,N/A,N/A,N/A,on-site,MEDIUM,No,"NLP Analysis: Ambiguous signals (remote: 0, onsite: 0)",N/A,listing_page,Yes,https://www.allovoisins.com/v/reparation-voiture
N/A,Cherche Aide à domicile à Nogent-sur-Marne,France,N/A,N/A,N/A,N/A,allovoisins,general,unknown,N/A,N/A,N/A,on-site,HIGH,No,Obvious on-site work: aide à domicile,N/A,listing_page,Yes,https://www.allovoisins.com/v/aide-a-domicile
N/A,Recherche Menuiserie - Huisserie - Agencement à Nantes,France,N/A,N/A,N/A,N/A,allovoisins,general,unknown,N/A,N/A,N/A,on-site,MEDIUM,No,"NLP Analysis: Ambiguous signals (remote: 0, onsite: 0)",N/A,listing_page,Yes,https://www.allovoisins.com/v/menuiserie-huisserie-agencement
N/A,Recherche Lingerie - Repassage à Chauconin-Neufmontiers,France,N/A,N/A,N/A,N/A,allovoisins,general,unknown,N/A,N/A,N/A,on-site,HIGH,No,Obvious on-site work: repassage,N/A,listing_page,Yes,https://www.allovoisins.com/v/lingerie-repassage
N/A,Recherche Transport de véhicules - Remorquage à Massy,France,N/A,N/A,N/A,N/A,allovoisins,general,unknown,N/A,N/A,N/A,on-site,MEDIUM,No,"NLP Analysis: Ambiguous signals (remote: 0, onsite: 0)",N/A,listing_page,Yes,https://www.allovoisins.com/v/transport-de-vehicules-remorquage
N/A,Recherche Carrelage à Nantes,France,N/A,N/A,N/A,N/A,allovoisins,general,unknown,N/A,N/A,N/A,on-site,MEDIUM,No,"NLP Analysis: Ambiguous signals (remote: 0, onsite: 0)",N/A,listing_page,Yes,https://www.allovoisins.com/v/carrelage
N/A,Recherche Aide à domicile à Bordeaux,France,N/A,N/A,N/A,N/A,allovoisins,general,unknown,N/A,N/A,N/A,on-site,HIGH,No,Obvious on-site work: aide à domicile,N/A,listing_page,Yes,https://www.allovoisins.com/v/aide-a-domicile
N/A,Recherche Montage meubles en kit à Marseille,France,N/A,N/A,N/A,N/A,allovoisins,general,unknown,N/A,N/A,N/A,on-site,MEDIUM,No,"NLP Analysis: Ambiguous signals (remote: 0, onsite: 0)",N/A,listing_page,Yes,https://www.allovoisins.com/v/montage-meubles-en-kit
N/A,Cherche Lavage auto à Arcueil,France,N/A,N/A,N/A,N/A,allovoisins,general,unknown,N/A,N/A,N/A,on-site,MEDIUM,No,"NLP Analysis: Ambiguous signals (remote: 0, onsite: 0)",N/A,listing_page,Yes,https://www.allovoisins.com/v/lavage-auto
N/A,Recherche Lingerie - Repassage à Arcueil,France,N/A,N/A,N/A,N/A,allovoisins,general,unknown,N/A,N/A,N/A,on-site,HIGH,No,Obvious on-site work: repassage,N/A,listing_page,Yes,https://www.allovoisins.com/v/lingerie-repassage
N/A,Recherche Plomberie - Installation sanitaire à Campagnan,France,N/A,N/A,N/A,N/A,allovoisins,general,unknown,N/A,N/A,N/A,on-site,HIGH,No,Obvious on-site work: plomberie,N/A,listing_page,Yes,https://www.allovoisins.com/v/plomberie-installation-sanitaire
N/A,Cherche Maçonnerie à Longjumeau,France,N/A,N/A,N/A,N/A,allovoisins,general,unknown,N/A,N/A,N/A,on-site,HIGH,No,Obvious on-site work: maçon,N/A,listing_page,Yes,https://www.allovoisins.com/v/maconnerie
N/A,Recherche Ménage à Arcueil,France,N/A,N/A,N/A,N/A,allovoisins,general,unknown,N/A,N/A,N/A,on-site,HIGH,No,Obvious on-site work: ménage,N/A,listing_page,Yes,https://www.allovoisins.com/v/femme-de-menage
N/A,Recherche Nounou à Mouthiers-sur-Boëme,France,N/A,N/A,N/A,N/A,allovoisins,general,unknown,N/A,N/A,N/A,on-site,HIGH,No,Obvious on-site work: nounou,N/A,listing_page,Yes,https://www.allovoisins.com/v/nounou
N/A,Recherche Montage meubles en kit à Antony,France,N/A,N/A,N/A,N/A,allovoisins,general,unknown,N/A,N/A,N/A,on-site,MEDIUM,No,"NLP Analysis: Ambiguous signals (remote: 0, onsite: 0)",N/A,listing_page,Yes,https://www.allovoisins.com/v/montage-meubles-en-kit
N/A,Cherche Maçonnerie à Bar-le-Duc,France,N/A,N/A,N/A,N/A,allovoisins,general,unknown,N/A,N/A,N/A,on-site,HIGH,No,Obvious on-site work: maçon,N/A,listing_page,Yes,https://www.allovoisins.com/v/maconnerie
N/A,Recherche Montage meubles en kit à Arras,France,N/A,200€,N/A,N/A,allovoisins,general,unknown,N/A,N/A,N/A,on-site,MEDIUM,No,"NLP Analysis: Ambiguous signals (remote: 0, onsite: 0)",N/A,listing_page,Yes,https://www.allovoisins.com/v/montage-meubles-en-kit
N/A,Cherche Ménage à Arcueil,France,N/A,N/A,N/A,N/A,allovoisins,general,unknown,N/A,N/A,N/A,on-site,HIGH,No,Obvious on-site work: ménage,N/A,listing_page,Yes,https://www.allovoisins.com/v/femme-de-menage
N/A,Cherche Covoiturage (partage de frais) à Béziers,France,N/A,N/A,N/A,N/A,allovoisins,general,unknown,N/A,N/A,N/A,on-site,MEDIUM,No,"NLP Analysis: Ambiguous signals (remote: 0, onsite: 0)",N/A,listing_page,Yes,https://www.allovoisins.com/v/covoiturage-partage-de-frais
N/A,Louer une pelleteuse / minipelle / mini pelle - Stains,France,N/A,100€,N/A,N/A,allovoisins,general,unknown,N/A,N/A,N/A,on-site,MEDIUM,No,"NLP Analysis: Ambiguous signals (remote: 0, onsite: 0)",Durée : 1 jour,detail_page,Yes,https://www.allovoisins.com/r/257/3/43894/0/location-Pelleteuse-minipelle-mini-pelle-Stains
N/A,Cherche Bricolage et multi services à Tergnier,France,N/A,N/A,N/A,N/A,allovoisins,general,unknown,N/A,N/A,N/A,on-site,HIGH,No,Obvious on-site work: bricolage,N/A,listing_page,Yes,https://www.allovoisins.com/v/bricolage-petits-travaux
N/A,Cherche Livraison - Transport de colis à Montpellier,France,N/A,N/A,N/A,N/A,allovoisins,general,unknown,N/A,N/A,N/A,on-site,HIGH,No,Obvious on-site work: livraison,N/A,listing_page,Yes,https://www.allovoisins.com/v/livraison-transport-de-colis
N/A,Recherche Maçonnerie à Saint-Genis-Laval,France,N/A,N/A,N/A,N/A,allovoisins,general,unknown,N/A,N/A,N/A,on-site,HIGH,No,Obvious on-site work: maçon,N/A,listing_page,Yes,https://www.allovoisins.com/v/maconnerie
N/A,Recherche Plâtrerie - Murs - Plafonds à Puteaux,France,N/A,N/A,N/A,N/A,allovoisins,general,unknown,N/A,N/A,N/A,on-site,MEDIUM,No,"NLP Analysis: Ambiguous signals (remote: 0, onsite: 0)",N/A,listing_page,Yes,https://www.allovoisins.com/v/platrerie-murs-plafonds
N/A,Recherche Livraison - Transport de colis à Attignat,France,N/A,N/A,N/A,N/A,allovoisins,general,unknown,N/A,N/A,N/A,on-site,HIGH,No,Obvious on-site work: livraison,N/A,listing_page,Yes,https://www.allovoisins.com/v/livraison-transport-de-colis
N/A,Cherche Réparation voiture à Saint-Nazaire,France,N/A,N/A,N/A,N/A,allovoisins,general,unknown,N/A,N/A,N/A,on-site,MEDIUM,No,"NLP Analysis: Ambiguous signals (remote: 0, onsite: 0)",N/A,listing_page,Yes,https://www.allovoisins.com/v/reparation-voiture
N/A,Recherche Carrelage à Solliès-Toucas,France,N/A,N/A,N/A,N/A,allovoisins,general,unknown,N/A,N/A,N/A,on-site,MEDIUM,No,"NLP Analysis: Ambiguous signals (remote: 0, onsite: 0)",N/A,listing_page,Yes,https://www.allovoisins.com/v/carrelage
N/A,Cherche Installation électrique à Montredon-des-Corbières,France,N/A,N/A,N/A,N/A,allovoisins,general,unknown,N/A,N/A,N/A,on-site,MEDIUM,No,"NLP Analysis: Ambiguous signals (remote: 0, onsite: 0)",N/A,listing_page,Yes,https://www.allovoisins.com/v/installation-electrique
N/A,Recherche Plomberie - Installation sanitaire à Nantes,France,N/A,N/A,N/A,N/A,allovoisins,general,unknown,N/A,N/A,N/A,on-site,HIGH,No,Obvious on-site work: plomberie,N/A,listing_page,Yes,https://www.allovoisins.com/v/plomberie-installation-sanitaire
N/A,Recherche Nounou à Andilly,France,N/A,N/A,N/A,N/A,allovoisins,general,unknown,N/A,N/A,N/A,on-site,HIGH,No,Obvious on-site work: nounou,N/A,listing_page,Yes,https://www.allovoisins.com/v/nounou
N/A,Cherche Toilettage à Bruges,France,N/A,N/A,N/A,N/A,allovoisins,general,unknown,N/A,N/A,N/A,on-site,MEDIUM,No,"NLP Analysis: Ambiguous signals (remote: 0, onsite: 0)",N/A,listing_page,Yes,https://www.allovoisins.com/v/toilettage
N/A,Cherche Jardinier à Bonnée,France,N/A,N/A,N/A,N/A,allovoisins,general,unknown,N/A,N/A,N/A,on-site,MEDIUM,No,"NLP Analysis: Ambiguous signals (remote: 0, onsite: 0)",N/A,listing_page,Yes,https://www.allovoisins.com/v/jardinier
N/A,Recherche Architecte - Maître d'oeuvre à Chelles,France,N/A,N/A,N/A,N/A,allovoisins,general,unknown,N/A,N/A,N/A,on-site,MEDIUM,No,"NLP Analysis: Ambiguous signals (remote: 0, onsite: 0)",N/A,listing_page,Yes,https://www.allovoisins.com/v/architecte-maitre-d-oeuvre
N/A,Cherche Réparation voiture à Creil,France,N/A,N/A,N/A,N/A,allovoisins,general,unknown,N/A,N/A,N/A,on-site,MEDIUM,No,"NLP Analysis: Ambiguous signals (remote: 0, onsite: 0)",N/A,listing_page,Yes,https://www.allovoisins.com/v/reparation-voiture
N/A,Cherche Dépannage électroménager à Villard-Bonnot,France,N/A,N/A,N/A,N/A,allovoisins,general,unknown,N/A,N/A,N/A,on-site,HIGH,No,Obvious on-site work: ménage,N/A,listing_page,Yes,https://www.allovoisins.com/v/depannage-electromenager
N/A,Recherche Peinture - Tapisserie à Meyzieu,France,N/A,N/A,N/A,N/A,allovoisins,general,unknown,N/A,N/A,N/A,on-site,HIGH,No,Obvious on-site work: peinture,N/A,listing_page,Yes,https://www.allovoisins.com/v/peinture-tapisserie
N/A,Cherche Nounou à Retjons,France,N/A,N/A,N/A,N/A,allovoisins,general,unknown,N/A,N/A,N/A,on-site,HIGH,No,Obvious on-site work: nounou,N/A,listing_page,Yes,https://www.allovoisins.com/v/nounou
N/A,Cherche Dépannage électroménager à Toulouse,France,N/A,N/A,N/A,N/A,allovoisins,general,unknown,N/A,N/A,N/A,on-site,HIGH,No,Obvious on-site work: ménage,N/A,listing_page,Yes,https://www.allovoisins.com/v/depannage-electromenager
N/A,Recherche Installation électrique à Pau,France,N/A,N/A,N/A,N/A,allovoisins,general,unknown,N/A,N/A,N/A,on-site,MEDIUM,No,"NLP Analysis: Ambiguous signals (remote: 0, onsite: 0)",N/A,listing_page,Yes,https://www.allovoisins.com/v/installation-electrique
N/A,Cherche Installation électrique à Pau,France,N/A,N/A,N/A,N/A,allovoisins,general,unknown,N/A,N/A,N/A,on-site,MEDIUM,No,"NLP Analysis: Ambiguous signals (remote: 0, onsite: 0)",N/A,listing_page,Yes,https://www.allovoisins.com/v/installation-electrique
N/A,Recherche Chauffage - Climatisation à Saint-Brieuc,France,N/A,N/A,N/A,N/A,allovoisins,general,unknown,N/A,N/A,N/A,on-site,MEDIUM,No,"NLP Analysis: Ambiguous signals (remote: 0, onsite: 0)",N/A,listing_page,Yes,https://www.allovoisins.com/v/chauffage-climatisation
N/A,Cherche Réparation voiture à Vallon-en-Sully,France,N/A,N/A,N/A,N/A,allovoisins,general,unknown,N/A,N/A,N/A,on-site,MEDIUM,No,"NLP Analysis: Ambiguous signals (remote: 0, onsite: 0)",N/A,listing_page,Yes,https://www.allovoisins.com/v/reparation-voiture
N/A,Cherche Réparation voiture à Vendenheim,France,N/A,N/A,N/A,N/A,allovoisins,general,unknown,N/A,N/A,N/A,on-site,MEDIUM,No,"NLP Analysis: Ambiguous signals (remote: 0, onsite: 0)",N/A,listing_page,Yes,https://www.allovoisins.com/v/reparation-voiture
N/A,Cherche Plomberie - Installation sanitaire à Montpellier,France,N/A,N/A,N/A,N/A,allovoisins,general,unknown,N/A,N/A,N/A,on-site,HIGH,No,Obvious on-site work: plomberie,N/A,listing_page,Yes,https://www.allovoisins.com/v/plomberie-installation-sanitaire
N/A,Recherche Menuiserie - Huisserie - Agencement à Sevran,France,N/A,N/A,N/A,N/A,allovoisins,general,unknown,N/A,N/A,N/A,on-site,MEDIUM,No,"NLP Analysis: Ambiguous signals (remote: 0, onsite: 0)",N/A,listing_page,Yes,https://www.allovoisins.com/v/menuiserie-huisserie-agencement
N/A,Recherche Carrelage à Petite-Forêt,France,N/A,N/A,N/A,N/A,allovoisins,general,unknown,N/A,N/A,N/A,on-site,MEDIUM,No,"NLP Analysis: Ambiguous signals (remote: 0, onsite: 0)",N/A,listing_page,Yes,https://www.allovoisins.com/v/carrelage
N/A,Cherche Dépannage électroménager à Bailly-Romainvilliers,France,N/A,N/A,N/A,N/A,allovoisins,general,unknown,N/A,N/A,N/A,on-site,HIGH,No,Obvious on-site work: ménage,N/A,listing_page,Yes,https://www.allovoisins.com/v/depannage-electromenager
N/A,Cherche Réparation carrosserie à Orly,France,N/A,N/A,N/A,N/A,allovoisins,general,unknown,N/A,N/A,N/A,on-site,MEDIUM,No,"NLP Analysis: Ambiguous signals (remote: 0, onsite: 0)",N/A,listing_page,Yes,https://www.allovoisins.com/v/reparation-carrosserie
N/A,Cherche Ménage à Sevran,France,N/A,N/A,N/A,N/A,allovoisins,general,unknown,N/A,N/A,N/A,on-site,HIGH,No,Obvious on-site work: ménage,N/A,listing_page,Yes,https://www.allovoisins.com/v/femme-de-menage
N/A,Recherche Bricolage et multi services à Montpellier,France,N/A,N/A,N/A,N/A,allovoisins,general,unknown,N/A,N/A,N/A,on-site,HIGH,No,Obvious on-site work: bricolage,N/A,listing_page,Yes,https://www.allovoisins.com/v/bricolage-petits-travaux
N/A,Recherche Garde chien à Saint-Aignan-Grandlieu,France,N/A,N/A,N/A,N/A,allovoisins,general,unknown,N/A,N/A,N/A,on-site,MEDIUM,No,"NLP Analysis: Ambiguous signals (remote: 0, onsite: 0)",N/A,listing_page,Yes,https://www.allovoisins.com/v/garde-chien
N/A,Cherche Plomberie - Installation sanitaire à Oullins-Pierre-Bénite,France,N/A,2000€,N/A,N/A,allovoisins,general,unknown,N/A,N/A,N/A,on-site,HIGH,No,Obvious on-site work: plomberie,N/A,listing_page,Yes,https://www.allovoisins.com/v/plomberie-installation-sanitaire
N/A,Recherche Ménage à Cenon,France,N/A,N/A,N/A,N/A,allovoisins,general,unknown,N/A,N/A,N/A,on-site,HIGH,No,Obvious on-site work: ménage,N/A,listing_page,Yes,https://www.allovoisins.com/v/femme-de-menage
N/A,Cherche Garde chien à Escautpont,France,N/A,N/A,N/A,N/A,allovoisins,general,unknown,N/A,N/A,N/A,on-site,MEDIUM,No,"NLP Analysis: Ambiguous signals (remote: 0, onsite: 0)",N/A,listing_page,Yes,https://www.allovoisins.com/v/garde-chien
N/A,Recherche Serrurerie à Saint-Denis,France,N/A,N/A,N/A,N/A,allovoisins,general,unknown,N/A,N/A,N/A,on-site,MEDIUM,No,"NLP Analysis: Ambiguous signals (remote: 0, onsite: 0)",N/A,listing_page,Yes,https://www.allovoisins.com/v/serrurerie
N/A,Recherche Livraison - Transport de colis à Annemasse,France,N/A,N/A,N/A,N/A,allovoisins,general,unknown,N/A,N/A,N/A,on-site,HIGH,No,Obvious on-site work: livraison,N/A,listing_page,Yes,https://www.allovoisins.com/v/livraison-transport-de-colis
N/A,Recherche Serrurerie à Thuir,France,N/A,N/A,N/A,N/A,allovoisins,general,unknown,N/A,N/A,N/A,on-site,MEDIUM,No,"NLP Analysis: Ambiguous signals (remote: 0, onsite: 0)",N/A,listing_page,Yes,https://www.allovoisins.com/v/serrurerie
N/A,Cherche Réparation voiture à Entrelacs,France,N/A,N/A,N/A,N/A,allovoisins,general,unknown,N/A,N/A,N/A,on-site,MEDIUM,No,"NLP Analysis: Ambiguous signals (remote: 0, onsite: 0)",N/A,listing_page,Yes,https://www.allovoisins.com/v/reparation-voiture
N/A,Recherche Bricolage et multi services à Lyon,France,N/A,N/A,N/A,N/A,allovoisins,general,unknown,N/A,N/A,N/A,on-site,HIGH,No,Obvious on-site work: bricolage,N/A,listing_page,Yes,https://www.allovoisins.com/v/bricolage-petits-travaux
N/A,Cherche Évacuation déchets - Gravats à Fleury-les-Aubrais,France,N/A,N/A,N/A,N/A,allovoisins,general,unknown,N/A,N/A,N/A,on-site,MEDIUM,No,"NLP Analysis: Ambiguous signals (remote: 0, onsite: 0)",N/A,listing_page,Yes,https://www.allovoisins.com/v/evacuation-dechets-gravats
N/A,Recherche Tonte de pelouse - Débroussaillage à Saint-Vérain,France,N/A,N/A,N/A,N/A,allovoisins,general,unknown,N/A,N/A,N/A,on-site,MEDIUM,No,"NLP Analysis: Ambiguous signals (remote: 0, onsite: 0)",N/A,listing_page,Yes,https://www.allovoisins.com/v/tonte-de-pelouse-debroussaillage
N/A,Cherche Montage meubles en kit à Eichhoffen,France,N/A,N/A,N/A,N/A,allovoisins,general,unknown,N/A,N/A,N/A,on-site,MEDIUM,No,"NLP Analysis: Ambiguous signals (remote: 0, onsite: 0)",N/A,listing_page,Yes,https://www.allovoisins.com/v/montage-meubles-en-kit
N/A,Recherche Plomberie - Installation sanitaire à Mérignac,France,N/A,N/A,N/A,N/A,allovoisins,general,unknown,N/A,N/A,N/A,on-site,HIGH,No,Obvious on-site work: plomberie,N/A,listing_page,Yes,https://www.allovoisins.com/v/plomberie-installation-sanitaire
N/A,Cherche Menuiserie - Huisserie - Agencement à Domont,France,N/A,N/A,N/A,N/A,allovoisins,general,unknown,N/A,N/A,N/A,on-site,MEDIUM,No,"NLP Analysis: Ambiguous signals (remote: 0, onsite: 0)",N/A,listing_page,Yes,https://www.allovoisins.com/v/menuiserie-huisserie-agencement
N/A,Recherche Bricolage et multi services à Colombes,France,N/A,40€,N/A,N/A,allovoisins,general,unknown,N/A,N/A,N/A,on-site,HIGH,No,Obvious on-site work: bricolage,N/A,listing_page,Yes,https://www.allovoisins.com/v/bricolage-petits-travaux
N/A,Recherche Réparation voiture à Corbeil-Essonnes,France,N/A,N/A,N/A,N/A,allovoisins,general,unknown,N/A,N/A,N/A,on-site,MEDIUM,No,"NLP Analysis: Ambiguous signals (remote: 0, onsite: 0)",N/A,listing_page,Yes,https://www.allovoisins.com/v/reparation-voiture
N/A,Recherche Ménage à Bourg-en-Bresse,France,N/A,N/A,N/A,N/A,allovoisins,general,unknown,N/A,N/A,N/A,on-site,HIGH,No,Obvious on-site work: ménage,N/A,listing_page,Yes,https://www.allovoisins.com/v/femme-de-menage
N/A,Recherche Taille de haies et d'arbustes à Houilles,France,N/A,N/A,N/A,N/A,allovoisins,general,unknown,N/A,N/A,N/A,on-site,MEDIUM,No,"NLP Analysis: Ambiguous signals (remote: 0, onsite: 0)",N/A,listing_page,Yes,https://www.allovoisins.com/v/taille-de-haies-et-d-arbustes
N/A,Recherche Bricolage et multi services à Baud,France,N/A,N/A,N/A,N/A,allovoisins,general,unknown,N/A,N/A,N/A,on-site,HIGH,No,Obvious on-site work: bricolage,N/A,listing_page,Yes,https://www.allovoisins.com/v/bricolage-petits-travaux
N/A,Cherche Plomberie - Installation sanitaire à Mérignac,France,N/A,N/A,N/A,N/A,allovoisins,general,unknown,N/A,N/A,N/A,on-site,HIGH,No,Obvious on-site work: plomberie,N/A,listing_page,Yes,https://www.allovoisins.com/v/plomberie-installation-sanitaire
N/A,Recherche Bricolage et multi services à Villeneuve-d'Ascq,France,N/A,N/A,N/A,N/A,allovoisins,general,unknown,N/A,N/A,N/A,on-site,HIGH,No,Obvious on-site work: bricolage,N/A,listing_page,Yes,https://www.allovoisins.com/v/bricolage-petits-travaux
N/A,Cherche Réparation vélo - moto à Champs-sur-Marne,France,N/A,N/A,N/A,N/A,allovoisins,general,unknown,N/A,N/A,N/A,on-site,MEDIUM,No,"NLP Analysis: Ambiguous signals (remote: 0, onsite: 0)",N/A,listing_page,Yes,https://www.allovoisins.com/v/reparation-velo-moto
N/A,Recherche Réparation voiture à Annemasse,France,N/A,N/A,N/A,N/A,allovoisins,general,unknown,N/A,N/A,N/A,on-site,MEDIUM,No,"NLP Analysis: Ambiguous signals (remote: 0, onsite: 0)",N/A,listing_page,Yes,https://www.allovoisins.com/v/reparation-voiture
N/A,Cherche Terrassement - Assainissement à Arthaz-Pont-Notre-Dame,France,N/A,N/A,N/A,N/A,allovoisins,general,unknown,N/A,N/A,N/A,on-site,MEDIUM,No,"NLP Analysis: Ambiguous signals (remote: 0, onsite: 0)",N/A,listing_page,Yes,https://www.allovoisins.com/v/terrassement-assainissement
N/A,Cherche Jardinier à Poiroux,France,N/A,N/A,N/A,N/A,allovoisins,general,unknown,N/A,N/A,N/A,on-site,MEDIUM,No,"NLP Analysis: Ambiguous signals (remote: 0, onsite: 0)",N/A,listing_page,Yes,https://www.allovoisins.com/v/jardinier
N/A,Recherche Couturière à Saint-Fons,France,N/A,N/A,N/A,N/A,allovoisins,general,unknown,N/A,N/A,N/A,on-site,MEDIUM,No,"NLP Analysis: Ambiguous signals (remote: 0, onsite: 0)",N/A,listing_page,Yes,https://www.allovoisins.com/v/couturiere
N/A,Recherche Dépannage smartphone - hifi - video - photo à Villeparisis,France,N/A,N/A,N/A,N/A,allovoisins,general,unknown,N/A,N/A,N/A,on-site,MEDIUM,No,"NLP Analysis: Ambiguous signals (remote: 0, onsite: 0)",N/A,listing_page,Yes,https://www.allovoisins.com/v/depannage-smartphone-hifi-video-photo
N/A,Cherche Couverture - Toiture à Irigny,France,N/A,N/A,N/A,N/A,allovoisins,general,unknown,N/A,N/A,N/A,on-site,MEDIUM,No,"NLP Analysis: Ambiguous signals (remote: 0, onsite: 0)",N/A,listing_page,Yes,https://www.allovoisins.com/v/couverture-toiture
N/A,Cherche Garde chien à Sérignan,France,N/A,N/A,N/A,N/A,allovoisins,general,unknown,N/A,N/A,N/A,on-site,MEDIUM,No,"NLP Analysis: Ambiguous signals (remote: 0, onsite: 0)",N/A,listing_page,Yes,https://www.allovoisins.com/v/garde-chien
N/A,Recherche Ménage à Chézery-Forens,France,N/A,N/A,N/A,N/A,allovoisins,general,unknown,N/A,N/A,N/A,on-site,HIGH,No,Obvious on-site work: ménage,N/A,listing_page,Yes,https://www.allovoisins.com/v/femme-de-menage
N/A,Recherche Coiffure à domicile à Baillet-en-France,France,N/A,N/A,N/A,N/A,allovoisins,general,unknown,N/A,N/A,N/A,on-site,HIGH,No,Obvious on-site work: coiffure,N/A,listing_page,Yes,https://www.allovoisins.com/v/coiffure-a-domicile
N/A,Cherche Ménage à Tenay,France,N/A,N/A,N/A,N/A,allovoisins,general,unknown,N/A,N/A,N/A,on-site,HIGH,No,Obvious on-site work: ménage,N/A,listing_page,Yes,https://www.allovoisins.com/v/femme-de-menage
N/A,Recherche Montage meubles en kit à Biarritz,France,N/A,N/A,N/A,N/A,allovoisins,general,unknown,N/A,N/A,N/A,on-site,MEDIUM,No,"NLP Analysis: Ambiguous signals (remote: 0, onsite: 0)",N/A,listing_page,Yes,https://www.allovoisins.com/v/montage-meubles-en-kit
N/A,Cherche Couverture - Toiture à La Neuville-Chant-d'Oisel,France,N/A,N/A,N/A,N/A,allovoisins,general,unknown,N/A,N/A,N/A,on-site,MEDIUM,No,"NLP Analysis: Ambiguous signals (remote: 0, onsite: 0)",N/A,listing_page,Yes,https://www.allovoisins.com/v/couverture-toiture
N/A,Recherche Réparation voiture à Toulouse,France,N/A,N/A,N/A,N/A,allovoisins,general,unknown,N/A,N/A,N/A,on-site,MEDIUM,No,"NLP Analysis: Ambiguous signals (remote: 0, onsite: 0)",N/A,listing_page,Yes,https://www.allovoisins.com/v/reparation-voiture
N/A,Cherche Bricolage et multi services à Langonnet,France,N/A,N/A,N/A,N/A,allovoisins,general,unknown,N/A,N/A,N/A,on-site,HIGH,No,Obvious on-site work: bricolage,N/A,listing_page,Yes,https://www.allovoisins.com/v/bricolage-petits-travaux
N/A,Cherche Aide à domicile à Sartrouville,France,N/A,N/A,N/A,N/A,allovoisins,general,unknown,N/A,N/A,N/A,on-site,HIGH,No,Obvious on-site work: aide à domicile,N/A,listing_page,Yes,https://www.allovoisins.com/v/aide-a-domicile
N/A,Recherche Réparation vélo - moto à Antibes,France,N/A,N/A,N/A,N/A,allovoisins,general,unknown,N/A,N/A,N/A,on-site,MEDIUM,No,"NLP Analysis: Ambiguous signals (remote: 0, onsite: 0)",N/A,listing_page,Yes,https://www.allovoisins.com/v/reparation-velo-moto
N/A,Recherche Dépannage smartphone - hifi - video - photo à Caen,France,N/A,N/A,N/A,N/A,allovoisins,general,unknown,N/A,N/A,N/A,on-site,MEDIUM,No,"NLP Analysis: Ambiguous signals (remote: 0, onsite: 0)",N/A,listing_page,Yes,https://www.allovoisins.com/v/depannage-smartphone-hifi-video-photo
N/A,Cherche Chaudronnerie - Soudure à Lyon,France,N/A,N/A,N/A,N/A,allovoisins,general,unknown,N/A,N/A,N/A,on-site,MEDIUM,No,"NLP Analysis: Ambiguous signals (remote: 0, onsite: 0)",N/A,listing_page,Yes,https://www.allovoisins.com/v/chaudronnerie-soudure
N/A,Cherche Jardinier à Lunel-Viel,France,N/A,N/A,N/A,N/A,allovoisins,general,unknown,N/A,N/A,N/A,on-site,MEDIUM,No,"NLP Analysis: Ambiguous signals (remote: 0, onsite: 0)",N/A,listing_page,Yes,https://www.allovoisins.com/v/jardinier
N/A,Recherche Artisan tout corps d'état - Rénovation à Alençon,France,N/A,N/A,N/A,N/A,allovoisins,general,unknown,N/A,N/A,N/A,on-site,MEDIUM,No,"NLP Analysis: Ambiguous signals (remote: 0, onsite: 0)",N/A,listing_page,Yes,https://www.allovoisins.com/v/artisan-tout-corps-d-etat-renovation
N/A,Recherche Réparation voiture à Ascoux,France,N/A,N/A,N/A,N/A,allovoisins,general,unknown,N/A,N/A,N/A,on-site,MEDIUM,No,"NLP Analysis: Ambiguous signals (remote: 0, onsite: 0)",N/A,listing_page,Yes,https://www.allovoisins.com/v/reparation-voiture
N/A,Recherche Bricolage et multi services à Villepreux,France,N/A,N/A,N/A,N/A,allovoisins,general,unknown,N/A,N/A,N/A,on-site,HIGH,No,Obvious on-site work: bricolage,N/A,listing_page,Yes,https://www.allovoisins.com/v/bricolage-petits-travaux
N/A,Cherche Chaudronnerie - Soudure à Saint-Laurent-de-Mure,France,N/A,N/A,N/A,N/A,allovoisins,general,unknown,N/A,N/A,N/A,on-site,MEDIUM,No,"NLP Analysis: Ambiguous signals (remote: 0, onsite: 0)",N/A,listing_page,Yes,https://www.allovoisins.com/v/chaudronnerie-soudure
N/A,Recherche Bricolage et multi services à Larçay,France,N/A,N/A,N/A,N/A,allovoisins,general,unknown,N/A,N/A,N/A,on-site,HIGH,No,Obvious on-site work: bricolage,N/A,listing_page,Yes,https://www.allovoisins.com/v/bricolage-petits-travaux
N/A,Cherche Livraison - Transport de colis à Trouville-sur-Mer,France,N/A,N/A,N/A,N/A,allovoisins,general,unknown,N/A,N/A,N/A,on-site,HIGH,No,Obvious on-site work: livraison,N/A,listing_page,Yes,https://www.allovoisins.com/v/livraison-transport-de-colis
N/A,Recherche Artisan d'art à Vendôme,France,N/A,N/A,N/A,N/A,allovoisins,general,unknown,N/A,N/A,N/A,on-site,MEDIUM,No,"NLP Analysis: Ambiguous signals (remote: 0, onsite: 0)",N/A,listing_page,Yes,https://www.allovoisins.com/v/artisan-d-art
N/A,Cherche Livraison - Transport de colis à Annemasse,France,N/A,15€ / jour,N/A,N/A,allovoisins,general,unknown,N/A,N/A,N/A,on-site,HIGH,No,Obvious on-site work: livraison,N/A,listing_page,Yes,https://www.allovoisins.com/v/livraison-transport-de-colis
N/A,Cherche Plomberie - Installation sanitaire à Sourdeval,France,N/A,N/A,N/A,N/A,allovoisins,general,unknown,N/A,N/A,N/A,on-site,HIGH,No,Obvious on-site work: plomberie,N/A,listing_page,Yes,https://www.allovoisins.com/v/plomberie-installation-sanitaire
N/A,Recherche Maçonnerie à Trilbardou,France,N/A,N/A,N/A,N/A,allovoisins,general,unknown,N/A,N/A,N/A,on-site,HIGH,No,Obvious on-site work: maçon,N/A,listing_page,Yes,https://www.allovoisins.com/v/maconnerie
N/A,Cherche Carrelage à Sucé-sur-Erdre,France,N/A,N/A,N/A,N/A,allovoisins,general,unknown,N/A,N/A,N/A,on-site,MEDIUM,No,"NLP Analysis: Ambiguous signals (remote: 0, onsite: 0)",N/A,listing_page,Yes,https://www.allovoisins.com/v/carrelage
N/A,Recherche Paysagiste - Aménagement du jardin à Aurillac,France,N/A,N/A,N/A,N/A,allovoisins,general,unknown,N/A,N/A,N/A,on-site,HIGH,No,Obvious on-site work: ménage,N/A,listing_page,Yes,https://www.allovoisins.com/v/paysagiste-amenagement-du-jardin
N/A,Cherche Carrelage à Sucé-sur-Erdre,France,N/A,N/A,N/A,N/A,allovoisins,general,unknown,N/A,N/A,N/A,on-site,MEDIUM,No,"NLP Analysis: Ambiguous signals (remote: 0, onsite: 0)",N/A,listing_page,Yes,https://www.allovoisins.com/v/carrelage
N/A,Recherche Plomberie - Installation sanitaire à Sète,France,N/A,N/A,N/A,N/A,allovoisins,general,unknown,N/A,N/A,N/A,on-site,HIGH,No,Obvious on-site work: plomberie,N/A,listing_page,Yes,https://www.allovoisins.com/v/plomberie-installation-sanitaire
N/A,Recherche Couverture - Toiture à Sens,France,N/A,N/A,N/A,N/A,allovoisins,general,unknown,N/A,N/A,N/A,on-site,MEDIUM,No,"NLP Analysis: Ambiguous signals (remote: 0, onsite: 0)",N/A,listing_page,Yes,https://www.allovoisins.com/v/couverture-toiture
N/A,Cherche Plâtrerie - Murs - Plafonds à Montsûrs,France,N/A,N/A,N/A,N/A,allovoisins,general,unknown,N/A,N/A,N/A,on-site,MEDIUM,No,"NLP Analysis: Ambiguous signals (remote: 0, onsite: 0)",N/A,listing_page,Yes,https://www.allovoisins.com/v/platrerie-murs-plafonds
N/A,Recherche Montage meubles en kit à Miribel,France,N/A,N/A,N/A,N/A,allovoisins,general,unknown,N/A,N/A,N/A,on-site,MEDIUM,No,"NLP Analysis: Ambiguous signals (remote: 0, onsite: 0)",N/A,listing_page,Yes,https://www.allovoisins.com/v/montage-meubles-en-kit
N/A,Recherche Réparation voiture à Brest,France,N/A,N/A,N/A,N/A,allovoisins,general,unknown,N/A,N/A,N/A,on-site,MEDIUM,No,"NLP Analysis: Ambiguous signals (remote: 0, onsite: 0)",N/A,listing_page,Yes,https://www.allovoisins.com/v/reparation-voiture
N/A,Recherche Entretien piscine à Gradignan,France,N/A,N/A,N/A,N/A,allovoisins,general,unknown,N/A,N/A,N/A,on-site,MEDIUM,No,"NLP Analysis: Ambiguous signals (remote: 0, onsite: 0)",N/A,listing_page,No,https://www.allovoisins.com/v/entretien-piscine
N/A,Cherche Garde chat à Marseille,France,N/A,N/A,N/A,N/A,allovoisins,general,unknown,N/A,N/A,N/A,on-site,MEDIUM,No,"NLP Analysis: Ambiguous signals (remote: 0, onsite: 0)",N/A,listing_page,No,https://www.allovoisins.com/v/garde-chat
N/A,Cherche Pose de parquet - Revêtement de sol à Beaumont-sur-Oise,France,N/A,450€,N/A,N/A,allovoisins,general,unknown,N/A,N/A,N/A,on-site,MEDIUM,No,"NLP Analysis: Ambiguous signals (remote: 0, onsite: 0)",N/A,listing_page,No,https://www.allovoisins.com/v/pose-de-parquet-revetement-de-sol
N/A,Recherche Pose de parquet - Revêtement de sol à Beaumont-sur-Oise,France,N/A,N/A,N/A,N/A,allovoisins,general,unknown,N/A,N/A,N/A,on-site,MEDIUM,No,"NLP Analysis: Ambiguous signals (remote: 0, onsite: 0)",N/A,listing_page,No,https://www.allovoisins.com/v/pose-de-parquet-revetement-de-sol
N/A,Cherche Pose de parquet - Revêtement de sol à Beaumont-sur-Oise,France,N/A,N/A,N/A,N/A,allovoisins,general,unknown,N/A,N/A,N/A,on-site,MEDIUM,No,"NLP Analysis: Ambiguous signals (remote: 0, onsite: 0)",N/A,listing_page,No,https://www.allovoisins.com/v/pose-de-parquet-revetement-de-sol
N/A,Recherche Pose de parquet - Revêtement de sol à Beaumont-sur-Oise,France,N/A,N/A,N/A,N/A,allovoisins,general,unknown,N/A,N/A,N/A,on-site,MEDIUM,No,"NLP Analysis: Ambiguous signals (remote: 0, onsite: 0)",N/A,listing_page,No,https://www.allovoisins.com/v/pose-de-parquet-revetement-de-sol
N/A,Recherche Baby sitting à Pougny,France,N/A,N/A,N/A,N/A,allovoisins,general,unknown,N/A,N/A,N/A,on-site,HIGH,No,Obvious on-site work: baby,N/A,listing_page,No,https://www.allovoisins.com/v/baby-sitting
N/A,Cherche Réparation outillage à Menomblet,France,N/A,N/A,N/A,N/A,allovoisins,general,unknown,N/A,N/A,N/A,on-site,MEDIUM,No,"NLP Analysis: Ambiguous signals (remote: 0, onsite: 0)",N/A,listing_page,No,https://www.allovoisins.com/v/reparation-outillage
N/A,Cherche Secrétariat à Nantes,France,N/A,N/A,N/A,N/A,allovoisins,general,unknown,N/A,N/A,N/A,remote,MEDIUM,Yes,NLP Analysis: Strong remote indicators (score: 3 vs 0),N/A,listing_page,No,https://www.allovoisins.com/v/secretariat
N/A,Cherche Pose de parquet - Revêtement de sol à Villepinte,France,N/A,N/A,N/A,N/A,allovoisins,general,unknown,N/A,N/A,N/A,on-site,MEDIUM,No,"NLP Analysis: Ambiguous signals (remote: 0, onsite: 0)",N/A,listing_page,No,https://www.allovoisins.com/v/pose-de-parquet-revetement-de-sol
N/A,Cherche Garde chat à Les Monts du Roumois,France,N/A,N/A,N/A,N/A,allovoisins,general,unknown,N/A,N/A,N/A,on-site,MEDIUM,No,"NLP Analysis: Ambiguous signals (remote: 0, onsite: 0)",N/A,listing_page,No,https://www.allovoisins.com/v/garde-chat
N/A,Recherche Entretien - Réparation autres véhicules à Cergy,France,N/A,N/A,N/A,N/A,allovoisins,general,unknown,N/A,N/A,N/A,on-site,MEDIUM,No,"NLP Analysis: Ambiguous signals (remote: 0, onsite: 0)",N/A,listing_page,No,https://www.allovoisins.com/v/entretien-reparation-autres-vehicules
N/A,Cherche Cours de maths Ă  Villeneuve-sur-Aisne,France,N/A,Ă€ convenir,N/A,N/A,allovoisins,general,unknown,N/A,N/A,N/A,on-site,MEDIUM,No,"NLP Analysis: Ambiguous signals (remote: 0, onsite: 0)",N/A,listing_page,No,https://www.allovoisins.com/v/cours-de-maths
N/A,Cherche RĂ©paration outillage Ă  Kuntzig,France,N/A,Ă€ convenir,N/A,N/A,allovoisins,general,unknown,N/A,N/A,N/A,on-site,MEDIUM,No,"NLP Analysis: Ambiguous signals (remote: 0, onsite: 0)",N/A,listing_page,No,https://www.allovoisins.com/v/reparation-outillage
N/A,Cherche Elagage et coupe d'arbres Ă  Coutras,France,N/A,Ă€ convenir,N/A,N/A,allovoisins,general,unknown,N/A,N/A,N/A,on-site,MEDIUM,No,"NLP Analysis: Ambiguous signals (remote: 0, onsite: 0)",N/A,listing_page,No,https://www.allovoisins.com/v/elagage-et-coupe-d-arbres
N/A,Recherche Dépannage informatique à Vitry-sur-Seine,France,N/A,N/A,N/A,N/A,allovoisins,general,unknown,N/A,N/A,N/A,on-site,MEDIUM,No,"NLP Analysis: Ambiguous signals (remote: 0, onsite: 0)",N/A,listing_page,No,https://www.allovoisins.com/v/depannage-informatique
N/A,Cherche Photographe à Guichen,France,N/A,N/A,N/A,N/A,allovoisins,general,unknown,N/A,N/A,N/A,on-site,MEDIUM,No,"NLP Analysis: Ambiguous signals (remote: 0, onsite: 0)",N/A,listing_page,No,https://www.allovoisins.com/v/photographe
N/A,Cherche Charpente à Paris,France,N/A,N/A,N/A,N/A,allovoisins,general,unknown,N/A,N/A,N/A,on-site,HIGH,No,Obvious on-site work: charpente,N/A,listing_page,No,https://www.allovoisins.com/v/charpente
N/A,Recherche Assistance informatique à Cancale,France,N/A,N/A,N/A,N/A,allovoisins,general,unknown,N/A,N/A,N/A,on-site,MEDIUM,No,"NLP Analysis: Ambiguous signals (remote: 0, onsite: 0)",N/A,listing_page,No,https://www.allovoisins.com/v/assistance-informatique
N/A,Cherche Entretien piscine à Mauzac-et-Grand-Castang,France,N/A,N/A,N/A,N/A,allovoisins,general,unknown,N/A,N/A,N/A,on-site,MEDIUM,No,"NLP Analysis: Ambiguous signals (remote: 0, onsite: 0)",N/A,listing_page,No,https://www.allovoisins.com/v/entretien-piscine
N/A,Cherche Pose de parquet - Revêtement de sol à Noisiel,France,N/A,150€,N/A,N/A,allovoisins,general,unknown,N/A,N/A,N/A,on-site,MEDIUM,No,"NLP Analysis: Ambiguous signals (remote: 0, onsite: 0)",N/A,listing_page,No,https://www.allovoisins.com/v/pose-de-parquet-revetement-de-sol
N/A,Recherche Dépannage informatique à Horbourg-Wihr,France,N/A,N/A,N/A,N/A,allovoisins,general,unknown,N/A,N/A,N/A,on-site,MEDIUM,No,"NLP Analysis: Ambiguous signals (remote: 0, onsite: 0)",N/A,listing_page,No,https://www.allovoisins.com/v/depannage-informatique
N/A,Recherche Manutention à Chambourcy,France,N/A,N/A,N/A,N/A,allovoisins,general,unknown,N/A,N/A,N/A,on-site,MEDIUM,No,"NLP Analysis: Ambiguous signals (remote: 0, onsite: 0)",N/A,listing_page,No,https://www.allovoisins.com/v/manutention
N/A,Location remorque moto - Naveil,France,N/A,25€,N/A,N/A,allovoisins,general,unknown,N/A,N/A,N/A,on-site,MEDIUM,No,"NLP Analysis: Ambiguous signals (remote: 0, onsite: 0)",Durée : 1 jour,detail_page,No,https://www.allovoisins.com/r/0/80/0/0/location-vente/Moto-scooter-quad
N/A,Location pulvérisateur thermique - Coucy-le-Château-Auffrique,France,N/A,10€,N/A,N/A,allovoisins,general,employer,N/A,N/A,N/A,on-site,HIGH,No,"LLM: Location d'outils, nécessite présence physique",Durée : 1 jour,detail_page,No,https://www.allovoisins.com/r/0/11/0/0/location-vente/Outillage
N/A,Location remorque moto - Naveil,France,N/A,25€,N/A,N/A,allovoisins,general,unknown,N/A,N/A,N/A,on-site,MEDIUM,No,"NLP Analysis: Ambiguous signals (remote: 0, onsite: 0)",Durée : 1 jour,detail_page,No,https://www.allovoisins.com/r/0/80/0/0/location-vente/Moto-scooter-quad
N/A,Location pulvérisateur thermique - Coucy-le-Château-Auffrique,France,N/A,10€,N/A,N/A,allovoisins,general,employer,N/A,N/A,N/A,on-site,HIGH,No,"LLM: Location d'outils, nécessite présence physique",Durée : 1 jour,detail_page,No,https://www.allovoisins.com/r/0/11/0/0/location-vente/Outillage
N/A,Location remorque moto - Naveil,France,N/A,25€,N/A,N/A,allovoisins,general,unknown,N/A,N/A,N/A,on-site,MEDIUM,No,"NLP Analysis: Ambiguous signals (remote: 0, onsite: 0)",Durée : 1 jour,detail_page,No,https://www.allovoisins.com/r/0/80/0/0/location-vente/Moto-scooter-quad
N/A,Location pulvérisateur thermique - Coucy-le-Château-Auffrique,France,N/A,10€,N/A,N/A,allovoisins,general,employer,N/A,N/A,N/A,on-site,HIGH,No,"LLM: Location d'outils, nécessite présence physique",Durée : 1 jour,detail_page,No,https://www.allovoisins.com/r/0/11/0/0/location-vente/Outillage
N/A,Location remorque moto - Naveil,France,N/A,25€,N/A,N/A,allovoisins,general,unknown,N/A,N/A,N/A,on-site,MEDIUM,No,"NLP Analysis: Ambiguous signals (remote: 0, onsite: 0)",Durée : 1 jour,detail_page,No,https://www.allovoisins.com/r/0/80/0/0/location-vente/Moto-scooter-quad
N/A,Location pulvérisateur thermique - Coucy-le-Château-Auffrique,France,N/A,10€,N/A,N/A,allovoisins,general,employer,N/A,N/A,N/A,on-site,HIGH,No,"LLM: Location d'outils, nécessite présence physique",Durée : 1 jour,detail_page,No,https://www.allovoisins.com/r/0/11/0/0/location-vente/Outillage
N/A,Location remorque moto - Naveil,France,N/A,25€,N/A,N/A,allovoisins,general,unknown,N/A,N/A,N/A,on-site,MEDIUM,No,"NLP Analysis: Ambiguous signals (remote: 0, onsite: 0)",Durée : 1 jour,detail_page,No,https://www.allovoisins.com/r/0/80/0/0/location-vente/Moto-scooter-quad
N/A,Location pulvérisateur thermique - Coucy-le-Château-Auffrique,France,N/A,10€,N/A,N/A,allovoisins,general,employer,N/A,N/A,N/A,on-site,HIGH,No,"LLM: Location d'outils, nécessite présence physique",Durée : 1 jour,detail_page,No,https://www.allovoisins.com/r/0/11/0/0/location-vente/Outillage
N/A,Location remorque moto - Naveil,France,N/A,25€,N/A,N/A,allovoisins,general,unknown,N/A,N/A,N/A,on-site,MEDIUM,No,"NLP Analysis: Ambiguous signals (remote: 0, onsite: 0)",Durée : 1 jour,detail_page,No,https://www.allovoisins.com/r/0/80/0/0/location-vente/Moto-scooter-quad
N/A,Location pulvérisateur thermique - Coucy-le-Château-Auffrique,France,N/A,10€,N/A,N/A,allovoisins,general,employer,N/A,N/A,N/A,on-site,HIGH,No,"LLM: Location d'outils, nécessite présence physique",Durée : 1 jour,detail_page,No,https://www.allovoisins.com/r/0/11/0/0/location-vente/Outillage
N/A,Location remorque moto - Naveil,France,N/A,25€,N/A,N/A,allovoisins,general,unknown,N/A,N/A,N/A,on-site,MEDIUM,No,"NLP Analysis: Ambiguous signals (remote: 0, onsite: 0)",Durée : 1 jour,detail_page,No,https://www.allovoisins.com/r/0/80/0/0/location-vente/Moto-scooter-quad
N/A,Location pulvérisateur thermique - Coucy-le-Château-Auffrique,France,N/A,10€,N/A,N/A,allovoisins,general,employer,N/A,N/A,N/A,on-site,HIGH,No,"LLM: Location d'outils, nécessite présence physique",Durée : 1 jour,detail_page,No,https://www.allovoisins.com/r/0/11/0/0/location-vente/Outillage
N/A,Location remorque moto - Naveil,France,N/A,25€,N/A,N/A,allovoisins,general,unknown,N/A,N/A,N/A,on-site,MEDIUM,No,"NLP Analysis: Ambiguous signals (remote: 0, onsite: 0)",Durée : 1 jour,detail_page,No,https://www.allovoisins.com/r/0/80/0/0/location-vente/Moto-scooter-quad
N/A,Location pulvérisateur thermique - Coucy-le-Château-Auffrique,France,N/A,10€,N/A,N/A,allovoisins,general,employer,N/A,N/A,N/A,on-site,HIGH,No,"LLM: Location d'outils, nécessite présence physique",Durée : 1 jour,detail_page,No,https://www.allovoisins.com/r/0/11/0/0/location-vente/Outillage
N/A,Location remorque moto - Naveil,France,N/A,25€,N/A,N/A,allovoisins,general,unknown,N/A,N/A,N/A,on-site,MEDIUM,No,"NLP Analysis: Ambiguous signals (remote: 0, onsite: 0)",Durée : 1 jour,detail_page,No,https://www.allovoisins.com/r/0/80/0/0/location-vente/Moto-scooter-quad
N/A,Location pulvérisateur thermique - Coucy-le-Château-Auffrique,France,N/A,10€,N/A,N/A,allovoisins,general,employer,N/A,N/A,N/A,on-site,HIGH,No,"LLM: Location d'outils, nécessite présence physique",Durée : 1 jour,detail_page,No,https://www.allovoisins.com/r/0/11/0/0/location-vente/Outillage
N/A,Location remorque moto - Naveil,France,N/A,25€,N/A,N/A,allovoisins,general,unknown,N/A,N/A,N/A,on-site,MEDIUM,No,"NLP Analysis: Ambiguous signals (remote: 0, onsite: 0)",Durée : 1 jour,detail_page,No,https://www.allovoisins.com/r/0/80/0/0/location-vente/Moto-scooter-quad
N/A,Location pulvérisateur thermique - Coucy-le-Château-Auffrique,France,N/A,10€,N/A,N/A,allovoisins,general,employer,N/A,N/A,N/A,on-site,HIGH,No,"LLM: Location d'outils, nécessite présence physique",Durée : 1 jour,detail_page,No,https://www.allovoisins.com/r/0/11/0/0/location-vente/Outillage
N/A,Location remorque moto - Naveil,France,N/A,25€,N/A,N/A,allovoisins,general,unknown,N/A,N/A,N/A,on-site,MEDIUM,No,"NLP Analysis: Ambiguous signals (remote: 0, onsite: 0)",Durée : 1 jour,detail_page,No,https://www.allovoisins.com/r/0/80/0/0/location-vente/Moto-scooter-quad
N/A,Location pulvérisateur thermique - Coucy-le-Château-Auffrique,France,N/A,10€,N/A,N/A,allovoisins,general,employer,N/A,N/A,N/A,on-site,HIGH,No,"LLM: Location d'outils, nécessite présence physique",Durée : 1 jour,detail_page,No,https://www.allovoisins.com/r/0/11/0/0/location-vente/Outillage
N/A,Location remorque moto - Naveil,France,N/A,25€,N/A,N/A,allovoisins,general,unknown,N/A,N/A,N/A,on-site,MEDIUM,No,"NLP Analysis: Ambiguous signals (remote: 0, onsite: 0)",Durée : 1 jour,detail_page,No,https://www.allovoisins.com/r/0/80/0/0/location-vente/Moto-scooter-quad
N/A,Location pulvérisateur thermique - Coucy-le-Château-Auffrique,France,N/A,10€,N/A,N/A,allovoisins,general,employer,N/A,N/A,N/A,on-site,HIGH,No,"LLM: Location d'outils, nécessite présence physique",Durée : 1 jour,detail_page,No,https://www.allovoisins.com/r/0/11/0/0/location-vente/Outillage
