id,title,location,category,price,poster,date_posted,source,vertical,poster_type,subject_category,instruction_lang,level,classification,confidence,is_remote,reasoning,description_preview,description_source,was_reanalyzed,url
N/A,Location débroussailleuse - Audenge,France,N/A,20€,N/A,N/A,allovoisins,general,unknown,N/A,N/A,N/A,on-site,MEDIUM,No,"NLP Analysis: Ambiguous signals (remote: 0, onsite: 0)",Durée : 1 jour,detail_page,No,https://www.allovoisins.com/r/4930/11/20437/0/location-Debroussailleuse-Audenge
N/A,Location véhicule utilitaire / camionnette - Montpellier,France,N/A,50€,N/A,N/A,allovoisins,general,unknown,N/A,N/A,N/A,on-site,HIGH,No,Obvious on-site work: camion,N/A,listing_page,No,https://www.allovoisins.com/r/5142/78/20440/0/location-Vehicule-utilitaire-camionnette-Montpellier
N/A,Louer une disqueuse - Marseille,France,N/A,16€,N/A,N/A,allovoisins,general,unknown,N/A,N/A,N/A,on-site,MEDIUM,No,"NLP Analysis: Ambiguous signals (remote: 0, onsite: 0)",Durée : 1 jour,detail_page,No,https://www.allovoisins.com/r/75/2/10871/0/location-Disqueuse-Marseille-12e-arrondissement
N/A,Recherche Garde animaux à Saint-Loup,France,N/A,N/A,N/A,N/A,allovoisins,general,unknown,N/A,N/A,N/A,on-site,MEDIUM,No,"NLP Analysis: Ambiguous signals (remote: 0, onsite: 0)",N/A,listing_page,No,https://www.allovoisins.com/v/garde-animaux
N/A,Location débroussailleuse - Audenge,France,N/A,20€,N/A,N/A,allovoisins,general,unknown,N/A,N/A,N/A,on-site,MEDIUM,No,"NLP Analysis: Ambiguous signals (remote: 0, onsite: 0)",Durée : 1 jour,detail_page,No,https://www.allovoisins.com/r/4930/11/20437/0/location-Debroussailleuse-Audenge
N/A,Location chargeur de batterie auto moto - Paris,France,N/A,6€,N/A,N/A,allovoisins,general,unknown,N/A,N/A,N/A,on-site,MEDIUM,No,"NLP Analysis: Ambiguous signals (remote: 0, onsite: 0)",Durée : 1 jour,detail_page,No,https://www.allovoisins.com/r/5233/79/50216/0/location-Chargeur-de-batterie-auto-moto-Paris-15e-arrondissement
N/A,Louer une pelleteuse / minipelle / mini pelle - Mézières-en-Drouais,France,N/A,100€,N/A,N/A,allovoisins,general,unknown,N/A,N/A,N/A,on-site,MEDIUM,No,"NLP Analysis: Ambiguous signals (remote: 0, onsite: 0)",Durée : 1 jour,detail_page,No,https://www.allovoisins.com/r/257/3/18069/0/location-Pelleteuse-minipelle-mini-pelle-Mezieres-en-drouais
N/A,Louer une carotteuse - Montreuil-au-Houlme,France,N/A,150€,N/A,N/A,allovoisins,general,unknown,N/A,N/A,N/A,on-site,MEDIUM,No,"NLP Analysis: Ambiguous signals (remote: 0, onsite: 0)",Durée : 1 jour,detail_page,No,https://www.allovoisins.com/r/5258/2/32167/0/location-Carotteuse-Montreuil-au-houlme
N/A,Location grignoteuse / cisaille à tôle - Aviron,France,N/A,10€,N/A,N/A,allovoisins,general,unknown,N/A,N/A,N/A,on-site,MEDIUM,No,"NLP Analysis: Ambiguous signals (remote: 0, onsite: 0)",Durée : 1 jour,detail_page,No,https://www.allovoisins.com/r/34/2/17675/0/location-Grignoteuse-cisaille-a-tole-Aviron
N/A,Cherche Moniteur sport de glisse à Vallières-sur-Fier,France,N/A,N/A,N/A,N/A,allovoisins,general,unknown,N/A,N/A,N/A,on-site,MEDIUM,No,"NLP Analysis: Ambiguous signals (remote: 0, onsite: 0)",N/A,listing_page,No,https://www.allovoisins.com/r/0/278/0/0/service/Moniteur-sport-de-glisse
N/A,Location box fermé / parking fermé / garage fermé - Chanteloup-en-Brie,France,N/A,250€,N/A,N/A,allovoisins,general,unknown,N/A,N/A,N/A,on-site,MEDIUM,No,"NLP Analysis: Ambiguous signals (remote: 0, onsite: 0)",Durée : 365 jours,detail_page,No,https://www.allovoisins.com/r/4354/93/39959/0/location-Box-ferme-parking-ferme-garage-ferme-Chanteloup-en-brie
N/A,Louer un appartement - Canet-en-Roussillon,France,N/A,750€,N/A,N/A,allovoisins,general,unknown,N/A,N/A,N/A,on-site,MEDIUM,No,NLP Analysis: Strong on-site indicators (score: 2 vs 0),Durée : 365 jours,detail_page,No,https://www.allovoisins.com/r/4344/88/34983/0/location-Appartement-Canet-en-roussillon
N/A,Louer une remorque auto - Névez,France,N/A,29€,N/A,N/A,allovoisins,general,unknown,N/A,N/A,N/A,on-site,MEDIUM,No,"NLP Analysis: Ambiguous signals (remote: 0, onsite: 0)",Durée : 1 jour,detail_page,No,https://www.allovoisins.com/r/4234/79/18433/0/location-Remorque-auto-Nevez
N/A,Acheter des bois / bois de chauffage / bastaing - Chailly-en-Bière,France,N/A,1€,N/A,N/A,allovoisins,general,unknown,N/A,N/A,N/A,on-site,MEDIUM,No,"NLP Analysis: Ambiguous signals (remote: 0, onsite: 0)",Bois / Bois de chauffage / Bastaing Chailly-en-Bière,detail_page,No,https://www.allovoisins.com/r/5228/5/40076/0/location-Bois-bois-de-chauffage-bastaing-Chailly-en-biere
N/A,Louer une maison / villa - Canet-en-Roussillon,France,N/A,750€,N/A,N/A,allovoisins,general,unknown,N/A,N/A,N/A,on-site,MEDIUM,No,NLP Analysis: Strong on-site indicators (score: 2 vs 0),Durée : 365 jours,detail_page,No,https://www.allovoisins.com/r/4343/87/34983/0/location-Maison-villa-Canet-en-roussillon
N/A,Louer un nettoyeur haute pression / karcher - Trimer,France,N/A,19€,N/A,N/A,allovoisins,general,unknown,N/A,N/A,N/A,on-site,MEDIUM,No,"NLP Analysis: Ambiguous signals (remote: 0, onsite: 0)",Durée : 1 jour,detail_page,No,https://www.allovoisins.com/r/490/11/20883/0/location-Nettoyeur-haute-pression-karcher-Trimer
N/A,Recherche Gateau d'anniversaire - cake art à Paris,France,N/A,N/A,N/A,N/A,allovoisins,general,unknown,N/A,N/A,N/A,on-site,MEDIUM,No,"NLP Analysis: Ambiguous signals (remote: 0, onsite: 0)",N/A,listing_page,No,https://www.allovoisins.com/v/gateau-d-anniversaire-cake-art
N/A,Louer un camion benne - Ecquevilly,France,N/A,50€,N/A,N/A,allovoisins,general,unknown,N/A,N/A,N/A,on-site,HIGH,No,Obvious on-site work: camion,N/A,listing_page,No,https://www.allovoisins.com/r/4204/78/40363/0/location-Camion-benne-Ecquevilly
N/A,Location véhicule utilitaire / camionnette - Strasbourg,France,N/A,50€,N/A,N/A,allovoisins,general,unknown,N/A,N/A,N/A,on-site,HIGH,No,Obvious on-site work: camion,N/A,listing_page,No,https://www.allovoisins.com/r/5142/78/35202/0/location-Vehicule-utilitaire-camionnette-Strasbourg
N/A,Louer une maison / villa - Canet-en-Roussillon,France,N/A,750€,N/A,N/A,allovoisins,general,unknown,N/A,N/A,N/A,on-site,MEDIUM,No,NLP Analysis: Strong on-site indicators (score: 2 vs 0),Durée : 365 jours,detail_page,No,https://www.allovoisins.com/r/4343/87/34983/0/location-Maison-villa-Canet-en-roussillon
N/A,Recherche Gateau d'anniversaire - cake art à Paris,France,N/A,N/A,N/A,N/A,allovoisins,general,unknown,N/A,N/A,N/A,on-site,MEDIUM,No,"NLP Analysis: Ambiguous signals (remote: 0, onsite: 0)",N/A,listing_page,No,https://www.allovoisins.com/v/gateau-d-anniversaire-cake-art
N/A,Louer un nettoyeur haute pression / karcher - Trimer,France,N/A,19€,N/A,N/A,allovoisins,general,unknown,N/A,N/A,N/A,on-site,MEDIUM,No,"NLP Analysis: Ambiguous signals (remote: 0, onsite: 0)",Durée : 1 jour,detail_page,No,https://www.allovoisins.com/r/490/11/20883/0/location-Nettoyeur-haute-pression-karcher-Trimer
N/A,Louer un camion benne - Ecquevilly,France,N/A,50€,N/A,N/A,allovoisins,general,unknown,N/A,N/A,N/A,on-site,HIGH,No,Obvious on-site work: camion,N/A,listing_page,No,https://www.allovoisins.com/r/4204/78/40363/0/location-Camion-benne-Ecquevilly
N/A,Location véhicule utilitaire / camionnette - Strasbourg,France,N/A,50€,N/A,N/A,allovoisins,general,unknown,N/A,N/A,N/A,on-site,HIGH,No,Obvious on-site work: camion,N/A,listing_page,No,https://www.allovoisins.com/r/5142/78/35202/0/location-Vehicule-utilitaire-camionnette-Strasbourg
N/A,Louer une place de parking / parking - Tillé,France,N/A,40€,N/A,N/A,allovoisins,general,unknown,N/A,N/A,N/A,on-site,MEDIUM,No,"NLP Analysis: Ambiguous signals (remote: 0, onsite: 0)",Durée : 365 jours,detail_page,No,https://www.allovoisins.com/r/4363/93/31298/0/location-Place-de-parking-parking-Tille
N/A,Location scarificateur - Plouguerneau,France,N/A,21€,N/A,N/A,allovoisins,general,unknown,N/A,N/A,N/A,on-site,MEDIUM,No,"NLP Analysis: Ambiguous signals (remote: 0, onsite: 0)",Durée : 1 jour,detail_page,No,https://www.allovoisins.com/r/515/11/18425/0/location-Scarificateur-Plouguerneau
N/A,Location pelleteuse / minipelle / mini pelle - Rieux-Volvestre,France,N/A,250€,N/A,N/A,allovoisins,general,unknown,N/A,N/A,N/A,on-site,MEDIUM,No,"NLP Analysis: Ambiguous signals (remote: 0, onsite: 0)",Durée : 2 jours,detail_page,No,https://www.allovoisins.com/r/257/3/46482/0/location-Pelleteuse-minipelle-mini-pelle-Rieux-volvestre
N/A,Prêt logement - Saint-Nazaire,France,N/A,N/A,N/A,N/A,allovoisins,general,unknown,N/A,N/A,N/A,on-site,MEDIUM,No,"NLP Analysis: Ambiguous signals (remote: 0, onsite: 0)",Durée : 365 jours,detail_page,No,https://www.allovoisins.com/r/4910/89/24279/0/location-Logement-Saint-nazaire
N/A,Location aspirateur - Saint-Denis-en-Val,France,N/A,15€,N/A,N/A,allovoisins,general,unknown,N/A,N/A,N/A,on-site,MEDIUM,No,"NLP Analysis: Ambiguous signals (remote: 0, onsite: 0)",Durée : 1 jour,detail_page,No,https://www.allovoisins.com/r/625/17/24656/0/location-Aspirateur-Saint-denis-en-val
N/A,Louer un local stockage / garde meuble / local entreposage - Reims,France,N/A,50€,N/A,N/A,allovoisins,general,unknown,N/A,N/A,N/A,on-site,MEDIUM,No,"NLP Analysis: Ambiguous signals (remote: 0, onsite: 0)",Durée : 60 jours,detail_page,No,https://www.allovoisins.com/r/4361/93/26593/0/location-Local-stockage-garde-meuble-local-entreposage-Reims
N/A,Louer un local stockage / garde meuble / local entreposage - Reims,France,N/A,50€,N/A,N/A,allovoisins,general,unknown,N/A,N/A,N/A,on-site,MEDIUM,No,"NLP Analysis: Ambiguous signals (remote: 0, onsite: 0)",Durée : 60 jours,detail_page,No,https://www.allovoisins.com/r/4361/93/26593/0/location-Local-stockage-garde-meuble-local-entreposage-Reims
N/A,Louer un tracteur de pelouse - Couladère,France,N/A,50€,N/A,N/A,allovoisins,general,unknown,N/A,N/A,N/A,on-site,MEDIUM,No,"NLP Analysis: Ambiguous signals (remote: 0, onsite: 0)",Durée : 1 jour,detail_page,No,https://www.allovoisins.com/r/533/11/18927/0/location-Tracteur-de-pelouse-Couladere
N/A,Acheter des chutes - matériaux de récupération - Égliseneuve-près-Billom,France,N/A,1€,N/A,N/A,allovoisins,general,unknown,N/A,N/A,N/A,on-site,MEDIUM,No,"NLP Analysis: Ambiguous signals (remote: 0, onsite: 0)",Chutes - matériaux de récupération Égliseneuve-près-Billom,detail_page,No,https://www.allovoisins.com/r/5572/3/33453/0/location-Chutes-materiaux-de-recuperation-Egliseneuve-pres-billom
N/A,Location jardin à cultiver / jardin ouvrier / jardin potager / lopin de terre - Massy,France,N/A,50€,N/A,N/A,allovoisins,general,unknown,N/A,N/A,N/A,on-site,MEDIUM,No,"NLP Analysis: Ambiguous signals (remote: 0, onsite: 0)",Durée : 365 jours,detail_page,No,https://www.allovoisins.com/r/4365/94/42920/0/location-Jardin-a-cultiver-jardin-ouvrier-jardin-potager-lopin-de-terre-Massy
N/A,Louer une dessoucheuse / rogneuse - Lescar,France,N/A,83€,N/A,N/A,allovoisins,general,unknown,N/A,N/A,N/A,on-site,MEDIUM,No,"NLP Analysis: Ambiguous signals (remote: 0, onsite: 0)",Durée : 1 jour,detail_page,No,https://www.allovoisins.com/r/456/11/34093/0/location-Dessoucheuse-rogneuse-Lescar
N/A,Location appareil photo instantané - Saint-Georges-lès-Baillargeaux,France,N/A,100€,N/A,N/A,allovoisins,general,unknown,N/A,N/A,N/A,on-site,MEDIUM,No,"NLP Analysis: Ambiguous signals (remote: 0, onsite: 0)",Durée : 2 jours,detail_page,No,https://www.allovoisins.com/r/5283/32/46334/0/location-Appareil-photo-instantane-Saint-georges-les-baillargeaux
N/A,Louer un jardin à cultiver / jardin ouvrier / jardin potager / lopin de terre - Chaniers,France,N/A,50€,N/A,N/A,allovoisins,general,unknown,N/A,N/A,N/A,on-site,MEDIUM,No,"NLP Analysis: Ambiguous signals (remote: 0, onsite: 0)",Durée : 365 jours,detail_page,No,https://www.allovoisins.com/r/4365/94/12916/0/location-Jardin-a-cultiver-jardin-ouvrier-jardin-potager-lopin-de-terre-Chaniers
N/A,Location véhicule utilitaire / camionnette - Le Havre,France,N/A,50€,N/A,N/A,allovoisins,general,unknown,N/A,N/A,N/A,on-site,HIGH,No,Obvious on-site work: camion,N/A,listing_page,No,https://www.allovoisins.com/r/5142/78/39297/0/location-Vehicule-utilitaire-camionnette-Le-havre
N/A,Prêt compresseur d'air - Cuisery,France,N/A,N/A,N/A,N/A,allovoisins,general,unknown,N/A,N/A,N/A,on-site,MEDIUM,No,"NLP Analysis: Ambiguous signals (remote: 0, onsite: 0)",Durée : 1 jour,detail_page,No,https://www.allovoisins.com/r/51/2/37349/0/location-Compresseur-d-air-Cuisery
N/A,Location tarière - Saint-Ouen,France,N/A,32€,N/A,N/A,allovoisins,general,unknown,N/A,N/A,N/A,on-site,MEDIUM,No,"NLP Analysis: Ambiguous signals (remote: 0, onsite: 0)",Durée : 1 jour,detail_page,No,https://www.allovoisins.com/r/210/2/23204/0/location-Tariere-Saint-ouen
N/A,Location dessoucheuse / rogneuse - Colomiers,France,N/A,83€,N/A,N/A,allovoisins,general,unknown,N/A,N/A,N/A,on-site,MEDIUM,No,"NLP Analysis: Ambiguous signals (remote: 0, onsite: 0)",Durée : 1 jour,detail_page,No,https://www.allovoisins.com/r/456/11/19366/0/location-Dessoucheuse-rogneuse-Colomiers
N/A,Location taille haie thermique - Moulle,France,N/A,17€,N/A,N/A,allovoisins,general,unknown,N/A,N/A,N/A,on-site,MEDIUM,No,"NLP Analysis: Ambiguous signals (remote: 0, onsite: 0)",Durée : 1 jour,detail_page,No,https://www.allovoisins.com/r/4915/11/33384/0/location-Taille-haie-thermique-Moulle
N/A,Location taille haie thermique - Moulle,France,N/A,17€,N/A,N/A,allovoisins,general,unknown,N/A,N/A,N/A,on-site,MEDIUM,No,"NLP Analysis: Ambiguous signals (remote: 0, onsite: 0)",Durée : 1 jour,detail_page,No,https://www.allovoisins.com/r/4915/11/33384/0/location-Taille-haie-thermique-Moulle
N/A,Location débroussailleuse - Nézignan-l'Évêque,France,N/A,20€,N/A,N/A,allovoisins,general,unknown,N/A,N/A,N/A,on-site,MEDIUM,No,"NLP Analysis: Ambiguous signals (remote: 0, onsite: 0)",Durée : 1 jour,detail_page,No,https://www.allovoisins.com/r/4930/11/20449/0/location-Debroussailleuse-Nezignan-l-eveque
N/A,Louer une tondeuse à gazon - Nézignan-l'Évêque,France,N/A,15€,N/A,N/A,allovoisins,general,unknown,N/A,N/A,N/A,on-site,MEDIUM,No,"NLP Analysis: Ambiguous signals (remote: 0, onsite: 0)",Durée : 1 jour,detail_page,No,https://www.allovoisins.com/r/529/11/20449/0/location-Tondeuse-a-gazon-Nezignan-l-eveque
N/A,Louer une tondeuse débroussailleuse - Nézignan-l'Évêque,France,N/A,1€,N/A,N/A,allovoisins,general,unknown,N/A,N/A,N/A,on-site,MEDIUM,No,"NLP Analysis: Ambiguous signals (remote: 0, onsite: 0)",Durée : 1 jour,detail_page,No,https://www.allovoisins.com/r/532/11/20449/0/location-Tondeuse-debroussailleuse-Nezignan-l-eveque
N/A,Location marmite (collectivités) - Montfermeil,France,N/A,16€,N/A,N/A,allovoisins,general,unknown,N/A,N/A,N/A,on-site,MEDIUM,No,"NLP Analysis: Ambiguous signals (remote: 0, onsite: 0)",Durée : 2 jours,detail_page,No,https://www.allovoisins.com/r/1369/25/43484/0/location-Marmite-collectivites-Montfermeil
N/A,Location ponceuse girafe / ponceuse à bras télescopique - Vaulx-en-Velin,France,N/A,33€,N/A,N/A,allovoisins,general,unknown,N/A,N/A,N/A,on-site,MEDIUM,No,"NLP Analysis: Ambiguous signals (remote: 0, onsite: 0)",Durée : 2 jours,detail_page,No,https://www.allovoisins.com/r/5282/3/36225/0/location-Ponceuse-girafe-ponceuse-a-bras-telescopique-Vaulx-en-velin
N/A,Louer un véhicule utilitaire / camionnette - Saint-Clair-de-la-Tour,France,N/A,50€,N/A,N/A,allovoisins,general,unknown,N/A,N/A,N/A,on-site,HIGH,No,Obvious on-site work: camion,N/A,listing_page,No,https://www.allovoisins.com/r/5142/78/21710/0/location-Vehicule-utilitaire-camionnette-Saint-clair-de-la-tour
N/A,Louer un robot de cuisine thermomix - Angliers,France,N/A,1€,N/A,N/A,allovoisins,general,unknown,N/A,N/A,N/A,on-site,HIGH,No,Obvious on-site work: cuisine,N/A,listing_page,No,https://www.allovoisins.com/r/702/17/12885/0/location-Robot-de-cuisine-thermomix-Angliers
N/A,Recherche Paturage à Lacoste,France,N/A,N/A,N/A,N/A,allovoisins,general,unknown,N/A,N/A,N/A,on-site,MEDIUM,No,"NLP Analysis: Ambiguous signals (remote: 0, onsite: 0)",N/A,listing_page,No,https://www.allovoisins.com/r/0/189/0/0/service/Paturage
N/A,Cherche Moniteur sport de glisse ﾃ La Suze-sur-Sarthe,France,N/A,N/A,N/A,N/A,allovoisins,general,unknown,N/A,N/A,N/A,on-site,MEDIUM,No,"NLP Analysis: Ambiguous signals (remote: 0, onsite: 0)",N/A,listing_page,No,https://www.allovoisins.com/r/0/278/0/0/service/Moniteur-sport-de-glisse
N/A,Louer un box fermﾃｩ / parking fermﾃｩ / garage fermﾃｩ - Tours,France,N/A,N/A,N/A,N/A,allovoisins,general,unknown,N/A,N/A,N/A,on-site,MEDIUM,No,"NLP Analysis: Ambiguous signals (remote: 0, onsite: 0)",Durée : 365 jours,detail_page,No,https://www.allovoisins.com/r/4354/93/21412/0/location-Box-ferme-parking-ferme-garage-ferme-Tours
N/A,Location box fermﾃｩ / parking fermﾃｩ / garage fermﾃｩ - Ranville,France,N/A,N/A,N/A,N/A,allovoisins,general,unknown,N/A,N/A,N/A,on-site,MEDIUM,No,"NLP Analysis: Ambiguous signals (remote: 0, onsite: 0)",Durée : 365 jours,detail_page,No,https://www.allovoisins.com/r/4354/93/11775/0/location-Box-ferme-parking-ferme-garage-ferme-Ranville
N/A,Louer une remorque vﾃｩlo / charrette ﾃ vﾃｩlo (pour transport de matﾃｩriel) - Tarbes,France,N/A,N/A,N/A,N/A,allovoisins,general,unknown,N/A,N/A,N/A,on-site,MEDIUM,No,"NLP Analysis: Ambiguous signals (remote: 0, onsite: 0)",Durée : 1 jour,detail_page,No,https://www.allovoisins.com/r/5194/51/34474/0/location-Remorque-velo-charrette-a-velo-pour-transport-de-materiel-Tarbes
N/A,Louer un nettoyeur haute pression / karcher - Massy,France,N/A,N/A,N/A,N/A,allovoisins,general,unknown,N/A,N/A,N/A,on-site,MEDIUM,No,"NLP Analysis: Ambiguous signals (remote: 0, onsite: 0)",Durée : 1 jour,detail_page,No,https://www.allovoisins.com/r/490/11/42920/0/location-Nettoyeur-haute-pression-karcher-Massy
N/A,Louer une tronﾃｧonneuse - Bardouville,France,N/A,N/A,N/A,N/A,allovoisins,general,unknown,N/A,N/A,N/A,on-site,MEDIUM,No,"NLP Analysis: Ambiguous signals (remote: 0, onsite: 0)",Durée : 1 jour,detail_page,No,https://www.allovoisins.com/r/535/11/39159/0/location-Tronconneuse-Bardouville
N/A,Louer une tronçonneuse - Bardouville,France,N/A,20€,N/A,N/A,allovoisins,general,unknown,N/A,N/A,N/A,on-site,MEDIUM,No,"NLP Analysis: Ambiguous signals (remote: 0, onsite: 0)",Durée : 1 jour,detail_page,No,https://www.allovoisins.com/r/535/11/39159/0/location-Tronconneuse-Bardouville
N/A,Recherche Gateau d'anniversaire - cake art à Angoulême,France,N/A,N/A,N/A,N/A,allovoisins,general,unknown,N/A,N/A,N/A,on-site,MEDIUM,No,"NLP Analysis: Ambiguous signals (remote: 0, onsite: 0)",N/A,listing_page,No,https://www.allovoisins.com/v/gateau-d-anniversaire-cake-art
N/A,Location sumo gonflable adultes - Angoulême,France,N/A,10€,N/A,N/A,allovoisins,general,unknown,N/A,N/A,N/A,on-site,MEDIUM,No,"NLP Analysis: Ambiguous signals (remote: 0, onsite: 0)",Durée : 2 jours,detail_page,No,https://www.allovoisins.com/r/1517/27/12069/0/location-Sumo-gonflable-adultes-Angouleme
N/A,Louer un box fermé / parking fermé / garage fermé - Marseille,France,N/A,50€,N/A,N/A,allovoisins,general,unknown,N/A,N/A,N/A,on-site,MEDIUM,No,"NLP Analysis: Ambiguous signals (remote: 0, onsite: 0)",Durée : 365 jours,detail_page,No,https://www.allovoisins.com/r/4354/93/10865/0/location-Box-ferme-parking-ferme-garage-ferme-Marseille-9e-arrondissement
N/A,Location camion plateau / camion porte-voiture - Saint-Élix-le-Château,France,N/A,50€,N/A,N/A,allovoisins,general,unknown,N/A,N/A,N/A,on-site,HIGH,No,Obvious on-site work: camion,N/A,listing_page,No,https://www.allovoisins.com/r/5298/4/19168/0/location-Camion-plateau-camion-porte-voiture-Saint-elix-le-chateau
N/A,Location tatami - Oullins-Pierre-Bénite,France,N/A,30€,N/A,N/A,allovoisins,general,unknown,N/A,N/A,N/A,on-site,MEDIUM,No,"NLP Analysis: Ambiguous signals (remote: 0, onsite: 0)",Durée : 30 jours,detail_page,No,https://www.allovoisins.com/r/1103/19/84150/0/location-Tatami-Oullins-pierre-benite
N/A,Location pelle (jardinage) - Pont-Sainte-Maxence,France,N/A,5€,N/A,N/A,allovoisins,general,unknown,N/A,N/A,N/A,on-site,HIGH,No,Obvious on-site work: jardinage,N/A,listing_page,No,https://www.allovoisins.com/r/491/11/31919/0/location-Pelle-jardinage-Pont-sainte-maxence
N/A,Louer un marteau piqueur / marteau perforateur - Cervens,France,N/A,25€,N/A,N/A,allovoisins,general,unknown,N/A,N/A,N/A,on-site,MEDIUM,No,"NLP Analysis: Ambiguous signals (remote: 0, onsite: 0)",Durée : 1 jour,detail_page,No,https://www.allovoisins.com/r/253/3/38718/0/location-Marteau-piqueur-marteau-perforateur-Cervens
N/A,Location débroussailleuse - Ploemeur,France,N/A,20€,N/A,N/A,allovoisins,general,unknown,N/A,N/A,N/A,on-site,MEDIUM,No,"NLP Analysis: Ambiguous signals (remote: 0, onsite: 0)",Durée : 1 jour,detail_page,No,https://www.allovoisins.com/r/4930/11/29347/0/location-Debroussailleuse-Ploemeur
N/A,Louer une disqueuse - Le Ferré,France,N/A,16€,N/A,N/A,allovoisins,general,unknown,N/A,N/A,N/A,on-site,MEDIUM,No,"NLP Analysis: Ambiguous signals (remote: 0, onsite: 0)",Durée : 1 jour,detail_page,No,https://www.allovoisins.com/r/75/2/21000/0/location-Disqueuse-Le-ferre
N/A,Louer un marteau piqueur / marteau perforateur - Cervens,France,N/A,25€,N/A,N/A,allovoisins,general,unknown,N/A,N/A,N/A,on-site,MEDIUM,No,"NLP Analysis: Ambiguous signals (remote: 0, onsite: 0)",Durée : 1 jour,detail_page,No,https://www.allovoisins.com/r/253/3/38718/0/location-Marteau-piqueur-marteau-perforateur-Cervens
N/A,Location tronçonneuse - Arras,France,N/A,10€,N/A,N/A,allovoisins,general,unknown,N/A,N/A,N/A,on-site,MEDIUM,No,"NLP Analysis: Ambiguous signals (remote: 0, onsite: 0)",Durée : 1 jour,detail_page,No,https://www.allovoisins.com/r/535/11/32497/0/location-Tronconneuse-Arras
N/A,Location véhicule utilitaire / camionnette - Moirans,France,N/A,50€,N/A,N/A,allovoisins,general,unknown,N/A,N/A,N/A,on-site,HIGH,No,Obvious on-site work: camion,N/A,listing_page,No,https://www.allovoisins.com/r/5142/78/21969/0/location-Vehicule-utilitaire-camionnette-Moirans
N/A,Location aspirateur - Saint-Denis-en-Val,France,N/A,15€,N/A,N/A,allovoisins,general,unknown,N/A,N/A,N/A,on-site,MEDIUM,No,"NLP Analysis: Ambiguous signals (remote: 0, onsite: 0)",Durée : 1 jour,detail_page,No,https://www.allovoisins.com/r/0/17/0/0/location-vente/Electromenager
N/A,Location aspirateur - Saint-Denis-en-Val,France,N/A,15€,N/A,N/A,allovoisins,general,unknown,N/A,N/A,N/A,on-site,MEDIUM,No,"NLP Analysis: Ambiguous signals (remote: 0, onsite: 0)",Durée : 1 jour,detail_page,No,https://www.allovoisins.com/r/0/17/0/0/location-vente/Electromenager
N/A,Location aspirateur - Saint-Denis-en-Val,France,N/A,15€,N/A,N/A,allovoisins,general,unknown,N/A,N/A,N/A,on-site,MEDIUM,No,"NLP Analysis: Ambiguous signals (remote: 0, onsite: 0)",Durée : 1 jour,detail_page,No,https://www.allovoisins.com/r/0/17/0/0/location-vente/Electromenager
N/A,Location aspirateur - Saint-Denis-en-Val,France,N/A,15€,N/A,N/A,allovoisins,general,unknown,N/A,N/A,N/A,on-site,MEDIUM,No,"NLP Analysis: Ambiguous signals (remote: 0, onsite: 0)",Durée : 1 jour,detail_page,No,https://www.allovoisins.com/r/0/17/0/0/location-vente/Electromenager
N/A,Location aspirateur - Saint-Denis-en-Val,France,N/A,15€,N/A,N/A,allovoisins,general,unknown,N/A,N/A,N/A,on-site,MEDIUM,No,"NLP Analysis: Ambiguous signals (remote: 0, onsite: 0)",Durée : 1 jour,detail_page,No,https://www.allovoisins.com/r/0/17/0/0/location-vente/Electromenager
N/A,Location aspirateur - Saint-Denis-en-Val,France,N/A,15€,N/A,N/A,allovoisins,general,unknown,N/A,N/A,N/A,on-site,MEDIUM,No,"NLP Analysis: Ambiguous signals (remote: 0, onsite: 0)",Durée : 1 jour,detail_page,No,https://www.allovoisins.com/r/0/17/0/0/location-vente/Electromenager
N/A,Location aspirateur - Saint-Denis-en-Val,France,N/A,15€,N/A,N/A,allovoisins,general,unknown,N/A,N/A,N/A,on-site,MEDIUM,No,"NLP Analysis: Ambiguous signals (remote: 0, onsite: 0)",Durée : 1 jour,detail_page,No,https://www.allovoisins.com/r/0/17/0/0/location-vente/Electromenager
N/A,Location aspirateur - Saint-Denis-en-Val,France,N/A,15€,N/A,N/A,allovoisins,general,unknown,N/A,N/A,N/A,on-site,MEDIUM,No,"NLP Analysis: Ambiguous signals (remote: 0, onsite: 0)",Durée : 1 jour,detail_page,No,https://www.allovoisins.com/r/0/17/0/0/location-vente/Electromenager
N/A,Location aspirateur - Saint-Denis-en-Val,France,N/A,15€,N/A,N/A,allovoisins,general,unknown,N/A,N/A,N/A,on-site,MEDIUM,No,"NLP Analysis: Ambiguous signals (remote: 0, onsite: 0)",Durée : 1 jour,detail_page,No,https://www.allovoisins.com/r/0/17/0/0/location-vente/Electromenager
N/A,Location aspirateur - Saint-Denis-en-Val,France,N/A,15€,N/A,N/A,allovoisins,general,unknown,N/A,N/A,N/A,on-site,MEDIUM,No,"NLP Analysis: Ambiguous signals (remote: 0, onsite: 0)",Durée : 1 jour,detail_page,No,https://www.allovoisins.com/r/0/17/0/0/location-vente/Electromenager
N/A,Location aspirateur - Saint-Denis-en-Val,France,N/A,15€,N/A,N/A,allovoisins,general,unknown,N/A,N/A,N/A,on-site,MEDIUM,No,"NLP Analysis: Ambiguous signals (remote: 0, onsite: 0)",Durée : 1 jour,detail_page,No,https://www.allovoisins.com/r/0/17/0/0/location-vente/Electromenager
N/A,Location aspirateur - Saint-Denis-en-Val,France,N/A,15€,N/A,N/A,allovoisins,general,unknown,N/A,N/A,N/A,on-site,MEDIUM,No,"NLP Analysis: Ambiguous signals (remote: 0, onsite: 0)",Durée : 1 jour,detail_page,No,https://www.allovoisins.com/r/0/17/0/0/location-vente/Electromenager
N/A,Location aspirateur - Saint-Denis-en-Val,France,N/A,15€,N/A,N/A,allovoisins,general,unknown,N/A,N/A,N/A,on-site,MEDIUM,No,"NLP Analysis: Ambiguous signals (remote: 0, onsite: 0)",Durée : 1 jour,detail_page,No,https://www.allovoisins.com/r/0/17/0/0/location-vente/Electromenager
N/A,Location aspirateur - Saint-Denis-en-Val,France,N/A,15€,N/A,N/A,allovoisins,general,unknown,N/A,N/A,N/A,on-site,MEDIUM,No,"NLP Analysis: Ambiguous signals (remote: 0, onsite: 0)",Durée : 1 jour,detail_page,No,https://www.allovoisins.com/r/0/17/0/0/location-vente/Electromenager
N/A,Location aspirateur - Saint-Denis-en-Val,France,N/A,15€,N/A,N/A,allovoisins,general,unknown,N/A,N/A,N/A,on-site,MEDIUM,No,"NLP Analysis: Ambiguous signals (remote: 0, onsite: 0)",Durée : 1 jour,detail_page,No,https://www.allovoisins.com/r/0/17/0/0/location-vente/Electromenager
N/A,Location aspirateur - Saint-Denis-en-Val,France,N/A,15€,N/A,N/A,allovoisins,general,unknown,N/A,N/A,N/A,on-site,MEDIUM,No,"NLP Analysis: Ambiguous signals (remote: 0, onsite: 0)",Durée : 1 jour,detail_page,No,https://www.allovoisins.com/r/0/17/0/0/location-vente/Electromenager
N/A,Location aspirateur - Saint-Denis-en-Val,France,N/A,15€,N/A,N/A,allovoisins,general,unknown,N/A,N/A,N/A,on-site,MEDIUM,No,"NLP Analysis: Ambiguous signals (remote: 0, onsite: 0)",Durée : 1 jour,detail_page,No,https://www.allovoisins.com/r/0/17/0/0/location-vente/Electromenager
N/A,Location aspirateur - Saint-Denis-en-Val,France,N/A,15€,N/A,N/A,allovoisins,general,unknown,N/A,N/A,N/A,on-site,MEDIUM,No,"NLP Analysis: Ambiguous signals (remote: 0, onsite: 0)",Durée : 1 jour,detail_page,No,https://www.allovoisins.com/r/0/17/0/0/location-vente/Electromenager
N/A,Location aspirateur - Saint-Denis-en-Val,France,N/A,15€,N/A,N/A,allovoisins,general,unknown,N/A,N/A,N/A,on-site,MEDIUM,No,"NLP Analysis: Ambiguous signals (remote: 0, onsite: 0)",Durée : 1 jour,detail_page,No,https://www.allovoisins.com/r/0/17/0/0/location-vente/Electromenager
N/A,Location aspirateur - Saint-Denis-en-Val,France,N/A,15€,N/A,N/A,allovoisins,general,unknown,N/A,N/A,N/A,on-site,MEDIUM,No,"NLP Analysis: Ambiguous signals (remote: 0, onsite: 0)",Durée : 1 jour,detail_page,No,https://www.allovoisins.com/r/0/17/0/0/location-vente/Electromenager
N/A,Location aspirateur - Saint-Denis-en-Val,France,N/A,15€,N/A,N/A,allovoisins,general,unknown,N/A,N/A,N/A,on-site,MEDIUM,No,"NLP Analysis: Ambiguous signals (remote: 0, onsite: 0)",Durée : 1 jour,detail_page,No,https://www.allovoisins.com/r/0/17/0/0/location-vente/Electromenager
N/A,Location aspirateur - Saint-Denis-en-Val,France,N/A,15€,N/A,N/A,allovoisins,general,unknown,N/A,N/A,N/A,on-site,MEDIUM,No,"NLP Analysis: Ambiguous signals (remote: 0, onsite: 0)",Durée : 1 jour,detail_page,No,https://www.allovoisins.com/r/0/17/0/0/location-vente/Electromenager
N/A,Location aspirateur - Saint-Denis-en-Val,France,N/A,15€,N/A,N/A,allovoisins,general,unknown,N/A,N/A,N/A,on-site,MEDIUM,No,"NLP Analysis: Ambiguous signals (remote: 0, onsite: 0)",Durée : 1 jour,detail_page,No,https://www.allovoisins.com/r/0/17/0/0/location-vente/Electromenager
N/A,Location aspirateur - Saint-Denis-en-Val,France,N/A,15€,N/A,N/A,allovoisins,general,unknown,N/A,N/A,N/A,on-site,MEDIUM,No,"NLP Analysis: Ambiguous signals (remote: 0, onsite: 0)",Durée : 1 jour,detail_page,No,https://www.allovoisins.com/r/0/17/0/0/location-vente/Electromenager
N/A,Location aspirateur - Saint-Denis-en-Val,France,N/A,15€,N/A,N/A,allovoisins,general,unknown,N/A,N/A,N/A,on-site,MEDIUM,No,"NLP Analysis: Ambiguous signals (remote: 0, onsite: 0)",Durée : 1 jour,detail_page,No,https://www.allovoisins.com/r/0/17/0/0/location-vente/Electromenager
N/A,Location aspirateur - Saint-Denis-en-Val,France,N/A,15€,N/A,N/A,allovoisins,general,unknown,N/A,N/A,N/A,on-site,MEDIUM,No,"NLP Analysis: Ambiguous signals (remote: 0, onsite: 0)",Durée : 1 jour,detail_page,No,https://www.allovoisins.com/r/0/17/0/0/location-vente/Electromenager
N/A,Location aspirateur - Saint-Denis-en-Val,France,N/A,15€,N/A,N/A,allovoisins,general,unknown,N/A,N/A,N/A,on-site,MEDIUM,No,"NLP Analysis: Ambiguous signals (remote: 0, onsite: 0)",Durée : 1 jour,detail_page,No,https://www.allovoisins.com/r/0/17/0/0/location-vente/Electromenager
N/A,Location aspirateur - Saint-Denis-en-Val,France,N/A,15€,N/A,N/A,allovoisins,general,unknown,N/A,N/A,N/A,on-site,MEDIUM,No,"NLP Analysis: Ambiguous signals (remote: 0, onsite: 0)",Durée : 1 jour,detail_page,No,https://www.allovoisins.com/r/0/17/0/0/location-vente/Electromenager
N/A,Location aspirateur - Saint-Denis-en-Val,France,N/A,15€,N/A,N/A,allovoisins,general,unknown,N/A,N/A,N/A,on-site,MEDIUM,No,"NLP Analysis: Ambiguous signals (remote: 0, onsite: 0)",Durée : 1 jour,detail_page,No,https://www.allovoisins.com/r/0/17/0/0/location-vente/Electromenager
N/A,Location aspirateur - Saint-Denis-en-Val,France,N/A,15€,N/A,N/A,allovoisins,general,unknown,N/A,N/A,N/A,on-site,MEDIUM,No,"NLP Analysis: Ambiguous signals (remote: 0, onsite: 0)",Durée : 1 jour,detail_page,No,https://www.allovoisins.com/r/0/17/0/0/location-vente/Electromenager
N/A,Location aspirateur - Saint-Denis-en-Val,France,N/A,15€,N/A,N/A,allovoisins,general,unknown,N/A,N/A,N/A,on-site,MEDIUM,No,"NLP Analysis: Ambiguous signals (remote: 0, onsite: 0)",Durée : 1 jour,detail_page,No,https://www.allovoisins.com/r/0/17/0/0/location-vente/Electromenager
N/A,Location aspirateur - Saint-Denis-en-Val,France,N/A,15€,N/A,N/A,allovoisins,general,unknown,N/A,N/A,N/A,on-site,MEDIUM,No,"NLP Analysis: Ambiguous signals (remote: 0, onsite: 0)",Durée : 1 jour,detail_page,No,https://www.allovoisins.com/r/0/17/0/0/location-vente/Electromenager
N/A,Location aspirateur - Saint-Denis-en-Val,France,N/A,15€,N/A,N/A,allovoisins,general,unknown,N/A,N/A,N/A,on-site,MEDIUM,No,"NLP Analysis: Ambiguous signals (remote: 0, onsite: 0)",Durée : 1 jour,detail_page,No,https://www.allovoisins.com/r/0/17/0/0/location-vente/Electromenager
N/A,Location aspirateur - Saint-Denis-en-Val,France,N/A,15€,N/A,N/A,allovoisins,general,unknown,N/A,N/A,N/A,on-site,MEDIUM,No,"NLP Analysis: Ambiguous signals (remote: 0, onsite: 0)",Durée : 1 jour,detail_page,No,https://www.allovoisins.com/r/0/17/0/0/location-vente/Electromenager
N/A,Location aspirateur - Saint-Denis-en-Val,France,N/A,15€,N/A,N/A,allovoisins,general,unknown,N/A,N/A,N/A,on-site,MEDIUM,No,"NLP Analysis: Ambiguous signals (remote: 0, onsite: 0)",Durée : 1 jour,detail_page,No,https://www.allovoisins.com/r/0/17/0/0/location-vente/Electromenager
N/A,Location aspirateur - Saint-Denis-en-Val,France,N/A,15€,N/A,N/A,allovoisins,general,unknown,N/A,N/A,N/A,on-site,MEDIUM,No,"NLP Analysis: Ambiguous signals (remote: 0, onsite: 0)",Durée : 1 jour,detail_page,No,https://www.allovoisins.com/r/0/17/0/0/location-vente/Electromenager
N/A,Location aspirateur - Saint-Denis-en-Val,France,N/A,15€,N/A,N/A,allovoisins,general,unknown,N/A,N/A,N/A,on-site,MEDIUM,No,"NLP Analysis: Ambiguous signals (remote: 0, onsite: 0)",Durée : 1 jour,detail_page,No,https://www.allovoisins.com/r/0/17/0/0/location-vente/Electromenager
N/A,Location aspirateur - Saint-Denis-en-Val,France,N/A,15€,N/A,N/A,allovoisins,general,unknown,N/A,N/A,N/A,on-site,MEDIUM,No,"NLP Analysis: Ambiguous signals (remote: 0, onsite: 0)",Durée : 1 jour,detail_page,No,https://www.allovoisins.com/r/0/17/0/0/location-vente/Electromenager
N/A,Location aspirateur - Saint-Denis-en-Val,France,N/A,15€,N/A,N/A,allovoisins,general,unknown,N/A,N/A,N/A,on-site,MEDIUM,No,"NLP Analysis: Ambiguous signals (remote: 0, onsite: 0)",Durée : 1 jour,detail_page,No,https://www.allovoisins.com/r/0/17/0/0/location-vente/Electromenager
N/A,Location aspirateur - Saint-Denis-en-Val,France,N/A,15€,N/A,N/A,allovoisins,general,unknown,N/A,N/A,N/A,on-site,MEDIUM,No,"NLP Analysis: Ambiguous signals (remote: 0, onsite: 0)",Durée : 1 jour,detail_page,No,https://www.allovoisins.com/r/0/17/0/0/location-vente/Electromenager
N/A,Location aspirateur - Saint-Denis-en-Val,France,N/A,15€,N/A,N/A,allovoisins,general,unknown,N/A,N/A,N/A,on-site,MEDIUM,No,"NLP Analysis: Ambiguous signals (remote: 0, onsite: 0)",Durée : 1 jour,detail_page,No,https://www.allovoisins.com/r/0/17/0/0/location-vente/Electromenager
N/A,Location aspirateur - Saint-Denis-en-Val,France,N/A,15€,N/A,N/A,allovoisins,general,unknown,N/A,N/A,N/A,on-site,MEDIUM,No,"NLP Analysis: Ambiguous signals (remote: 0, onsite: 0)",Durée : 1 jour,detail_page,No,https://www.allovoisins.com/r/0/17/0/0/location-vente/Electromenager
N/A,Location aspirateur - Saint-Denis-en-Val,France,N/A,15€,N/A,N/A,allovoisins,general,unknown,N/A,N/A,N/A,on-site,MEDIUM,No,"NLP Analysis: Ambiguous signals (remote: 0, onsite: 0)",Durée : 1 jour,detail_page,No,https://www.allovoisins.com/r/0/17/0/0/location-vente/Electromenager
N/A,Location aspirateur - Saint-Denis-en-Val,France,N/A,15€,N/A,N/A,allovoisins,general,unknown,N/A,N/A,N/A,on-site,MEDIUM,No,"NLP Analysis: Ambiguous signals (remote: 0, onsite: 0)",Durée : 1 jour,detail_page,No,https://www.allovoisins.com/r/0/17/0/0/location-vente/Electromenager
N/A,Location aspirateur - Saint-Denis-en-Val,France,N/A,15€,N/A,N/A,allovoisins,general,unknown,N/A,N/A,N/A,on-site,MEDIUM,No,"NLP Analysis: Ambiguous signals (remote: 0, onsite: 0)",Durée : 1 jour,detail_page,No,https://www.allovoisins.com/r/0/17/0/0/location-vente/Electromenager
N/A,Location aspirateur - Saint-Denis-en-Val,France,N/A,15€,N/A,N/A,allovoisins,general,unknown,N/A,N/A,N/A,on-site,MEDIUM,No,"NLP Analysis: Ambiguous signals (remote: 0, onsite: 0)",Durée : 1 jour,detail_page,No,https://www.allovoisins.com/r/0/17/0/0/location-vente/Electromenager
N/A,Location aspirateur - Saint-Denis-en-Val,France,N/A,15€,N/A,N/A,allovoisins,general,unknown,N/A,N/A,N/A,on-site,MEDIUM,No,"NLP Analysis: Ambiguous signals (remote: 0, onsite: 0)",Durée : 1 jour,detail_page,No,https://www.allovoisins.com/r/0/17/0/0/location-vente/Electromenager
N/A,Location aspirateur - Saint-Denis-en-Val,France,N/A,15€,N/A,N/A,allovoisins,general,unknown,N/A,N/A,N/A,on-site,MEDIUM,No,"NLP Analysis: Ambiguous signals (remote: 0, onsite: 0)",Durée : 1 jour,detail_page,No,https://www.allovoisins.com/r/0/17/0/0/location-vente/Electromenager
N/A,Location aspirateur - Saint-Denis-en-Val,France,N/A,15€,N/A,N/A,allovoisins,general,unknown,N/A,N/A,N/A,on-site,MEDIUM,No,"NLP Analysis: Ambiguous signals (remote: 0, onsite: 0)",Durée : 1 jour,detail_page,No,https://www.allovoisins.com/r/0/17/0/0/location-vente/Electromenager
N/A,Location aspirateur - Saint-Denis-en-Val,France,N/A,15€,N/A,N/A,allovoisins,general,unknown,N/A,N/A,N/A,on-site,MEDIUM,No,"NLP Analysis: Ambiguous signals (remote: 0, onsite: 0)",Durée : 1 jour,detail_page,No,https://www.allovoisins.com/r/0/17/0/0/location-vente/Electromenager
N/A,Location aspirateur - Saint-Denis-en-Val,France,N/A,15€,N/A,N/A,allovoisins,general,unknown,N/A,N/A,N/A,on-site,MEDIUM,No,"NLP Analysis: Ambiguous signals (remote: 0, onsite: 0)",Durée : 1 jour,detail_page,No,https://www.allovoisins.com/r/0/17/0/0/location-vente/Electromenager
N/A,Location aspirateur - Saint-Denis-en-Val,France,N/A,15€,N/A,N/A,allovoisins,general,unknown,N/A,N/A,N/A,on-site,MEDIUM,No,"NLP Analysis: Ambiguous signals (remote: 0, onsite: 0)",Durée : 1 jour,detail_page,No,https://www.allovoisins.com/r/0/17/0/0/location-vente/Electromenager
N/A,Location aspirateur - Saint-Denis-en-Val,France,N/A,15€,N/A,N/A,allovoisins,general,unknown,N/A,N/A,N/A,on-site,MEDIUM,No,"NLP Analysis: Ambiguous signals (remote: 0, onsite: 0)",Durée : 1 jour,detail_page,No,https://www.allovoisins.com/r/0/17/0/0/location-vente/Electromenager
N/A,Location aspirateur - Saint-Denis-en-Val,France,N/A,15€,N/A,N/A,allovoisins,general,unknown,N/A,N/A,N/A,on-site,MEDIUM,No,"NLP Analysis: Ambiguous signals (remote: 0, onsite: 0)",Durée : 1 jour,detail_page,No,https://www.allovoisins.com/r/0/17/0/0/location-vente/Electromenager
N/A,Location aspirateur - Saint-Denis-en-Val,France,N/A,15€,N/A,N/A,allovoisins,general,unknown,N/A,N/A,N/A,on-site,MEDIUM,No,"NLP Analysis: Ambiguous signals (remote: 0, onsite: 0)",Durée : 1 jour,detail_page,No,https://www.allovoisins.com/r/0/17/0/0/location-vente/Electromenager
N/A,Location aspirateur - Saint-Denis-en-Val,France,N/A,15€,N/A,N/A,allovoisins,general,unknown,N/A,N/A,N/A,on-site,MEDIUM,No,"NLP Analysis: Ambiguous signals (remote: 0, onsite: 0)",Durée : 1 jour,detail_page,No,https://www.allovoisins.com/r/0/17/0/0/location-vente/Electromenager
N/A,Location aspirateur - Saint-Denis-en-Val,France,N/A,15€,N/A,N/A,allovoisins,general,unknown,N/A,N/A,N/A,on-site,MEDIUM,No,"NLP Analysis: Ambiguous signals (remote: 0, onsite: 0)",Durée : 1 jour,detail_page,No,https://www.allovoisins.com/r/0/17/0/0/location-vente/Electromenager
N/A,Location aspirateur - Saint-Denis-en-Val,France,N/A,15€,N/A,N/A,allovoisins,general,unknown,N/A,N/A,N/A,on-site,MEDIUM,No,"NLP Analysis: Ambiguous signals (remote: 0, onsite: 0)",Durée : 1 jour,detail_page,No,https://www.allovoisins.com/r/0/17/0/0/location-vente/Electromenager
N/A,Location aspirateur - Saint-Denis-en-Val,France,N/A,15€,N/A,N/A,allovoisins,general,unknown,N/A,N/A,N/A,on-site,MEDIUM,No,"NLP Analysis: Ambiguous signals (remote: 0, onsite: 0)",Durée : 1 jour,detail_page,No,https://www.allovoisins.com/r/0/17/0/0/location-vente/Electromenager
N/A,Location aspirateur - Saint-Denis-en-Val,France,N/A,15€,N/A,N/A,allovoisins,general,unknown,N/A,N/A,N/A,on-site,MEDIUM,No,"NLP Analysis: Ambiguous signals (remote: 0, onsite: 0)",Durée : 1 jour,detail_page,No,https://www.allovoisins.com/r/0/17/0/0/location-vente/Electromenager
N/A,Location aspirateur - Saint-Denis-en-Val,France,N/A,15€,N/A,N/A,allovoisins,general,unknown,N/A,N/A,N/A,on-site,MEDIUM,No,"NLP Analysis: Ambiguous signals (remote: 0, onsite: 0)",Durée : 1 jour,detail_page,No,https://www.allovoisins.com/r/0/17/0/0/location-vente/Electromenager
N/A,Location aspirateur - Saint-Denis-en-Val,France,N/A,15€,N/A,N/A,allovoisins,general,unknown,N/A,N/A,N/A,on-site,MEDIUM,No,"NLP Analysis: Ambiguous signals (remote: 0, onsite: 0)",Durée : 1 jour,detail_page,No,https://www.allovoisins.com/r/0/17/0/0/location-vente/Electromenager
N/A,Location aspirateur - Saint-Denis-en-Val,France,N/A,15€,N/A,N/A,allovoisins,general,unknown,N/A,N/A,N/A,on-site,MEDIUM,No,"NLP Analysis: Ambiguous signals (remote: 0, onsite: 0)",Durée : 1 jour,detail_page,No,https://www.allovoisins.com/r/0/17/0/0/location-vente/Electromenager
N/A,Location aspirateur - Saint-Denis-en-Val,France,N/A,15€,N/A,N/A,allovoisins,general,unknown,N/A,N/A,N/A,on-site,MEDIUM,No,"NLP Analysis: Ambiguous signals (remote: 0, onsite: 0)",Durée : 1 jour,detail_page,No,https://www.allovoisins.com/r/0/17/0/0/location-vente/Electromenager
N/A,Location aspirateur - Saint-Denis-en-Val,France,N/A,15€,N/A,N/A,allovoisins,general,unknown,N/A,N/A,N/A,on-site,MEDIUM,No,"NLP Analysis: Ambiguous signals (remote: 0, onsite: 0)",Durée : 1 jour,detail_page,No,https://www.allovoisins.com/r/0/17/0/0/location-vente/Electromenager
N/A,Location aspirateur - Saint-Denis-en-Val,France,N/A,15€,N/A,N/A,allovoisins,general,unknown,N/A,N/A,N/A,on-site,MEDIUM,No,"NLP Analysis: Ambiguous signals (remote: 0, onsite: 0)",Durée : 1 jour,detail_page,No,https://www.allovoisins.com/r/0/17/0/0/location-vente/Electromenager
N/A,Location aspirateur - Saint-Denis-en-Val,France,N/A,15€,N/A,N/A,allovoisins,general,unknown,N/A,N/A,N/A,on-site,MEDIUM,No,"NLP Analysis: Ambiguous signals (remote: 0, onsite: 0)",Durée : 1 jour,detail_page,No,https://www.allovoisins.com/r/0/17/0/0/location-vente/Electromenager
N/A,Location aspirateur - Saint-Denis-en-Val,France,N/A,15€,N/A,N/A,allovoisins,general,unknown,N/A,N/A,N/A,on-site,MEDIUM,No,"NLP Analysis: Ambiguous signals (remote: 0, onsite: 0)",Durée : 1 jour,detail_page,No,https://www.allovoisins.com/r/0/17/0/0/location-vente/Electromenager
N/A,Location aspirateur - Saint-Denis-en-Val,France,N/A,15€,N/A,N/A,allovoisins,general,unknown,N/A,N/A,N/A,on-site,MEDIUM,No,"NLP Analysis: Ambiguous signals (remote: 0, onsite: 0)",Durée : 1 jour,detail_page,No,https://www.allovoisins.com/r/0/17/0/0/location-vente/Electromenager
N/A,Location aspirateur - Saint-Denis-en-Val,France,N/A,15€,N/A,N/A,allovoisins,general,unknown,N/A,N/A,N/A,on-site,MEDIUM,No,"NLP Analysis: Ambiguous signals (remote: 0, onsite: 0)",Durée : 1 jour,detail_page,No,https://www.allovoisins.com/r/0/17/0/0/location-vente/Electromenager
N/A,Location aspirateur - Saint-Denis-en-Val,France,N/A,15€,N/A,N/A,allovoisins,general,unknown,N/A,N/A,N/A,on-site,MEDIUM,No,"NLP Analysis: Ambiguous signals (remote: 0, onsite: 0)",Durée : 1 jour,detail_page,No,https://www.allovoisins.com/r/0/17/0/0/location-vente/Electromenager
N/A,Location aspirateur - Saint-Denis-en-Val,France,N/A,15€,N/A,N/A,allovoisins,general,unknown,N/A,N/A,N/A,on-site,MEDIUM,No,"NLP Analysis: Ambiguous signals (remote: 0, onsite: 0)",Durée : 1 jour,detail_page,No,https://www.allovoisins.com/r/0/17/0/0/location-vente/Electromenager
N/A,Location aspirateur - Saint-Denis-en-Val,France,N/A,15€,N/A,N/A,allovoisins,general,unknown,N/A,N/A,N/A,on-site,MEDIUM,No,"NLP Analysis: Ambiguous signals (remote: 0, onsite: 0)",Durée : 1 jour,detail_page,No,https://www.allovoisins.com/r/0/17/0/0/location-vente/Electromenager
N/A,Location aspirateur - Saint-Denis-en-Val,France,N/A,15€,N/A,N/A,allovoisins,general,unknown,N/A,N/A,N/A,on-site,MEDIUM,No,"NLP Analysis: Ambiguous signals (remote: 0, onsite: 0)",Durée : 1 jour,detail_page,No,https://www.allovoisins.com/r/0/17/0/0/location-vente/Electromenager
N/A,Location aspirateur - Saint-Denis-en-Val,France,N/A,15€,N/A,N/A,allovoisins,general,unknown,N/A,N/A,N/A,on-site,MEDIUM,No,"NLP Analysis: Ambiguous signals (remote: 0, onsite: 0)",Durée : 1 jour,detail_page,No,https://www.allovoisins.com/r/0/17/0/0/location-vente/Electromenager
N/A,Location aspirateur - Saint-Denis-en-Val,France,N/A,15€,N/A,N/A,allovoisins,general,unknown,N/A,N/A,N/A,on-site,MEDIUM,No,"NLP Analysis: Ambiguous signals (remote: 0, onsite: 0)",Durée : 1 jour,detail_page,No,https://www.allovoisins.com/r/0/17/0/0/location-vente/Electromenager
N/A,Location aspirateur - Saint-Denis-en-Val,France,N/A,15€,N/A,N/A,allovoisins,general,unknown,N/A,N/A,N/A,on-site,MEDIUM,No,"NLP Analysis: Ambiguous signals (remote: 0, onsite: 0)",Durée : 1 jour,detail_page,No,https://www.allovoisins.com/r/0/17/0/0/location-vente/Electromenager
N/A,Location aspirateur - Saint-Denis-en-Val,France,N/A,15€,N/A,N/A,allovoisins,general,unknown,N/A,N/A,N/A,on-site,MEDIUM,No,"NLP Analysis: Ambiguous signals (remote: 0, onsite: 0)",Durée : 1 jour,detail_page,No,https://www.allovoisins.com/r/0/17/0/0/location-vente/Electromenager
N/A,Location aspirateur - Saint-Denis-en-Val,France,N/A,15€,N/A,N/A,allovoisins,general,unknown,N/A,N/A,N/A,on-site,MEDIUM,No,"NLP Analysis: Ambiguous signals (remote: 0, onsite: 0)",Durée : 1 jour,detail_page,No,https://www.allovoisins.com/r/0/17/0/0/location-vente/Electromenager
N/A,Location aspirateur - Saint-Denis-en-Val,France,N/A,15€,N/A,N/A,allovoisins,general,unknown,N/A,N/A,N/A,on-site,MEDIUM,No,"NLP Analysis: Ambiguous signals (remote: 0, onsite: 0)",Durée : 1 jour,detail_page,No,https://www.allovoisins.com/r/0/17/0/0/location-vente/Electromenager
N/A,Location aspirateur - Saint-Denis-en-Val,France,N/A,15€,N/A,N/A,allovoisins,general,unknown,N/A,N/A,N/A,on-site,MEDIUM,No,"NLP Analysis: Ambiguous signals (remote: 0, onsite: 0)",Durée : 1 jour,detail_page,No,https://www.allovoisins.com/r/0/17/0/0/location-vente/Electromenager
N/A,Location aspirateur - Saint-Denis-en-Val,France,N/A,15€,N/A,N/A,allovoisins,general,unknown,N/A,N/A,N/A,on-site,MEDIUM,No,"NLP Analysis: Ambiguous signals (remote: 0, onsite: 0)",Durée : 1 jour,detail_page,No,https://www.allovoisins.com/r/0/17/0/0/location-vente/Electromenager
N/A,Location aspirateur - Saint-Denis-en-Val,France,N/A,15€,N/A,N/A,allovoisins,general,unknown,N/A,N/A,N/A,on-site,MEDIUM,No,"NLP Analysis: Ambiguous signals (remote: 0, onsite: 0)",Durée : 1 jour,detail_page,No,https://www.allovoisins.com/r/0/17/0/0/location-vente/Electromenager
N/A,Location aspirateur - Saint-Denis-en-Val,France,N/A,15€,N/A,N/A,allovoisins,general,unknown,N/A,N/A,N/A,on-site,MEDIUM,No,"NLP Analysis: Ambiguous signals (remote: 0, onsite: 0)",Durée : 1 jour,detail_page,No,https://www.allovoisins.com/r/0/17/0/0/location-vente/Electromenager
N/A,Location aspirateur - Saint-Denis-en-Val,France,N/A,15€,N/A,N/A,allovoisins,general,unknown,N/A,N/A,N/A,on-site,MEDIUM,No,"NLP Analysis: Ambiguous signals (remote: 0, onsite: 0)",Durée : 1 jour,detail_page,No,https://www.allovoisins.com/r/0/17/0/0/location-vente/Electromenager
N/A,Location aspirateur - Saint-Denis-en-Val,France,N/A,15€,N/A,N/A,allovoisins,general,unknown,N/A,N/A,N/A,on-site,MEDIUM,No,"NLP Analysis: Ambiguous signals (remote: 0, onsite: 0)",Durée : 1 jour,detail_page,No,https://www.allovoisins.com/r/0/17/0/0/location-vente/Electromenager
N/A,Location aspirateur - Saint-Denis-en-Val,France,N/A,15€,N/A,N/A,allovoisins,general,unknown,N/A,N/A,N/A,on-site,MEDIUM,No,"NLP Analysis: Ambiguous signals (remote: 0, onsite: 0)",Durée : 1 jour,detail_page,No,https://www.allovoisins.com/r/0/17/0/0/location-vente/Electromenager
N/A,Location aspirateur - Saint-Denis-en-Val,France,N/A,15€,N/A,N/A,allovoisins,general,unknown,N/A,N/A,N/A,on-site,MEDIUM,No,"NLP Analysis: Ambiguous signals (remote: 0, onsite: 0)",Durée : 1 jour,detail_page,No,https://www.allovoisins.com/r/0/17/0/0/location-vente/Electromenager
N/A,Location aspirateur - Saint-Denis-en-Val,France,N/A,15€,N/A,N/A,allovoisins,general,unknown,N/A,N/A,N/A,on-site,MEDIUM,No,"NLP Analysis: Ambiguous signals (remote: 0, onsite: 0)",Durée : 1 jour,detail_page,No,https://www.allovoisins.com/r/0/17/0/0/location-vente/Electromenager
N/A,Location aspirateur - Saint-Denis-en-Val,France,N/A,15€,N/A,N/A,allovoisins,general,unknown,N/A,N/A,N/A,on-site,MEDIUM,No,"NLP Analysis: Ambiguous signals (remote: 0, onsite: 0)",Durée : 1 jour,detail_page,No,https://www.allovoisins.com/r/0/17/0/0/location-vente/Electromenager
N/A,Location aspirateur - Saint-Denis-en-Val,France,N/A,15€,N/A,N/A,allovoisins,general,unknown,N/A,N/A,N/A,on-site,MEDIUM,No,"NLP Analysis: Ambiguous signals (remote: 0, onsite: 0)",Durée : 1 jour,detail_page,No,https://www.allovoisins.com/r/0/17/0/0/location-vente/Electromenager
N/A,Location aspirateur - Saint-Denis-en-Val,France,N/A,15€,N/A,N/A,allovoisins,general,unknown,N/A,N/A,N/A,on-site,MEDIUM,No,"NLP Analysis: Ambiguous signals (remote: 0, onsite: 0)",Durée : 1 jour,detail_page,No,https://www.allovoisins.com/r/0/17/0/0/location-vente/Electromenager
N/A,Location aspirateur - Saint-Denis-en-Val,France,N/A,15€,N/A,N/A,allovoisins,general,unknown,N/A,N/A,N/A,on-site,MEDIUM,No,"NLP Analysis: Ambiguous signals (remote: 0, onsite: 0)",Durée : 1 jour,detail_page,No,https://www.allovoisins.com/r/0/17/0/0/location-vente/Electromenager
N/A,Location aspirateur - Saint-Denis-en-Val,France,N/A,15€,N/A,N/A,allovoisins,general,unknown,N/A,N/A,N/A,on-site,MEDIUM,No,"NLP Analysis: Ambiguous signals (remote: 0, onsite: 0)",Durée : 1 jour,detail_page,No,https://www.allovoisins.com/r/0/17/0/0/location-vente/Electromenager
N/A,Louer un lève portes / lève meubles - Offranville,France,N/A,5€,N/A,N/A,allovoisins,general,unknown,N/A,N/A,N/A,on-site,MEDIUM,No,"NLP Analysis: Ambiguous signals (remote: 0, onsite: 0)",Durée : 1 jour,detail_page,No,https://www.allovoisins.com/r/0/7/0/0/location-vente/Manutention
N/A,Location aspirateur - Saint-Denis-en-Val,France,N/A,15€,N/A,N/A,allovoisins,general,unknown,N/A,N/A,N/A,on-site,MEDIUM,No,"NLP Analysis: Ambiguous signals (remote: 0, onsite: 0)",Durée : 1 jour,detail_page,No,https://www.allovoisins.com/r/0/17/0/0/location-vente/Electromenager
N/A,Développeur PHP / Symfony polyvalent - TMA applicative,France,N/A,N/A,N/A,N/A,codeur,general,unknown,N/A,N/A,N/A,on-site,MEDIUM,No,"NLP Analysis: Ambiguous signals (remote: 0, onsite: 0)",19 freelances ont répondu à ce projet 19 propositions de devis en moins de 2h Montant moyen des devis proposés : 2 700 € Estimation du délai : 10 jours,detail_page,No,https://www.codeur.com/projects/482632-developpeur-php-symfony-polyvalent-tma-applicative
N/A,Telegram Bot & Mini-Application,France,N/A,N/A,N/A,N/A,codeur,general,unknown,N/A,N/A,N/A,on-site,MEDIUM,No,"NLP Analysis: Ambiguous signals (remote: 0, onsite: 0)",36 freelances ont répondu à ce projet 23 propositions de devis en moins de 2h Montant moyen des devis proposés : 8 000 € Estimation du délai : 9 jours,detail_page,No,https://www.codeur.com/projects/482504-telegram-bot-mini-application
N/A,Recherche graphiste ui ux pour refonte graphique totale,France,N/A,N/A,N/A,N/A,codeur,general,employer,N/A,N/A,N/A,on-site,MEDIUM,No,"NLP Analysis: Ambiguous signals (remote: 0, onsite: 0)",42 freelances ont répondu à ce projet 42 propositions de devis en moins de 2h Montant moyen des devis proposés : 3 300 € Estimation du délai : 9 jours,detail_page,No,https://www.codeur.com/projects/482397-recherche-graphiste-ui-ux-pour-refonte-graphique-totale
N/A,Recherche monteur vidéo,France,N/A,N/A,N/A,N/A,codeur,general,unknown,N/A,N/A,N/A,on-site,MEDIUM,No,"NLP Analysis: Ambiguous signals (remote: 0, onsite: 0)",6 freelances ont répondu à ce projet 6 propositions de devis en moins de 2h Montant moyen des devis proposés : 100 € Estimation du délai : 6 jours,detail_page,No,https://www.codeur.com/projects/482259-recherche-monteur-video
N/A,Mise en route d'un site e commerce d'impression personnalisée,France,N/A,N/A,N/A,N/A,codeur,general,unknown,N/A,N/A,N/A,on-site,MEDIUM,No,"NLP Analysis: Ambiguous signals (remote: 0, onsite: 0)",58 freelances ont répondu à ce projet 40 propositions de devis en moins de 2h Montant moyen des devis proposés : 3 000 € Estimation du délai : 12 jours,detail_page,No,https://www.codeur.com/projects/482108-mise-en-route-d-un-site-e-commerce-d-impression-personnalisee
N/A,Site de trading en demo,France,N/A,N/A,N/A,N/A,codeur,general,unknown,N/A,N/A,N/A,on-site,MEDIUM,No,"NLP Analysis: Ambiguous signals (remote: 0, onsite: 0)",40 freelances ont répondu à ce projet 36 propositions de devis en moins de 2h Montant moyen des devis proposés : 1 600 € Estimation du délai : 8 jours,detail_page,No,https://www.codeur.com/projects/481955-site-de-trading-en-demo
N/A,Formateur(trice) Freelance – Traffic Manager & Tracking (H/F),France,N/A,N/A,N/A,N/A,codeur,general,unknown,N/A,N/A,N/A,on-site,MEDIUM,No,"NLP Analysis: Ambiguous signals (remote: 0, onsite: 0)",12 freelances ont répondu à ce projet 9 propositions de devis en moins de 2h Montant moyen des devis proposés : 950 € Estimation du délai : 2 jours,detail_page,No,https://www.codeur.com/projects/481806-formateur-trice-freelance-traffic-manager-tracking-h-f
N/A,Migration Presta vers Shopify avec développement tableaux,France,N/A,N/A,N/A,N/A,codeur,general,unknown,N/A,N/A,N/A,remote,MEDIUM,Yes,NLP Analysis: Strong remote indicators (score: 3 vs 0),33 freelances ont répondu à ce projet 29 propositions de devis en moins de 2h Montant moyen des devis proposés : 16 800 € Estimation du délai : 18 jours,detail_page,No,https://www.codeur.com/projects/481670-migration-presta-vers-shopify-avec-developpement-tableaux
N/A,Promotion jeu gestion en ligne,France,N/A,N/A,N/A,N/A,codeur,general,unknown,N/A,N/A,N/A,remote,MEDIUM,Yes,NLP Analysis: Strong remote indicators (score: 2 vs 0),13 freelances ont répondu à ce projet 10 propositions de devis en moins de 2h Montant moyen des devis proposés : 1 700 € Estimation du délai : 5 jours,detail_page,No,https://www.codeur.com/projects/481452-promotion-jeu-gestion-en-ligne
N/A,Développeur Front-End React/TypeScript SaaS B2B en production,France,N/A,N/A,N/A,N/A,codeur,general,unknown,N/A,N/A,N/A,on-site,MEDIUM,No,"NLP Analysis: Ambiguous signals (remote: 0, onsite: 0)",51 freelances ont répondu à ce projet 32 propositions de devis en moins de 2h Montant moyen des devis proposés : 3 350 € Estimation du délai : 11 jours,detail_page,No,https://www.codeur.com/projects/481285-developpeur-front-end-react-typescript-saas-b2b-en-production
N/A,"Appli iOs/Android pour artisans, avec abonnement.",France,N/A,N/A,N/A,N/A,codeur,general,unknown,N/A,N/A,N/A,on-site,MEDIUM,No,"NLP Analysis: Ambiguous signals (remote: 0, onsite: 0)",24 freelances ont répondu à ce projet 20 propositions de devis en moins de 2h Montant moyen des devis proposés : 950 € Estimation du délai : 7 jours,detail_page,No,https://www.codeur.com/projects/481087-appli-ios-android-pour-artisans-avec-abonnement
N/A,Application Foodtruck,France,N/A,N/A,N/A,N/A,codeur,general,unknown,N/A,N/A,N/A,on-site,MEDIUM,No,"NLP Analysis: Ambiguous signals (remote: 0, onsite: 0)",44 freelances ont répondu à ce projet 36 propositions de devis en moins de 2h Montant moyen des devis proposés : 1 400 € Estimation du délai : 12 jours,detail_page,No,https://www.codeur.com/projects/480843-application-foodtruck
N/A,Site e-commerce / Nouvelle génération C2C,France,N/A,N/A,N/A,N/A,codeur,general,unknown,N/A,N/A,N/A,on-site,MEDIUM,No,"NLP Analysis: Ambiguous signals (remote: 0, onsite: 0)",79 freelances ont répondu à ce projet 61 propositions de devis en moins de 2h Montant moyen des devis proposés : 9 400 € Estimation du délai : 17 jours,detail_page,No,https://www.codeur.com/projects/479903-site-e-commerce-nouvelle-generation-c2c
N/A,Backend simple (Node.js OU Python) • Base de données (PostgreSQL) •,France,N/A,N/A,N/A,N/A,codeur,general,unknown,N/A,N/A,N/A,remote,MEDIUM,Yes,NLP Analysis: Strong remote indicators (score: 2 vs 0),51 freelances ont répondu à ce projet 33 propositions de devis en moins de 2h Montant moyen des devis proposés : 4 050 € Estimation du délai : 17 jours,detail_page,No,https://www.codeur.com/projects/474041-backend-simple-node-js-ou-python-base-de-donnees-postgresql
N/A,Recherche Livraison - Transport de colis Ă CompiĂ¨gne,France,N/A,N/A,N/A,N/A,allovoisins,general,unknown,N/A,N/A,N/A,on-site,HIGH,No,Obvious on-site work: livraison,N/A,listing_page,Yes,https://www.allovoisins.com/v/livraison-transport-de-colis
N/A,Cherche Menuiserie - Huisserie - Agencement Ă Bennecourt,France,N/A,Ă€ convenir,N/A,N/A,allovoisins,general,unknown,N/A,N/A,N/A,on-site,MEDIUM,No,"NLP Analysis: Ambiguous signals (remote: 0, onsite: 0)",N/A,listing_page,Yes,https://www.allovoisins.com/v/menuiserie-huisserie-agencement
N/A,Cherche Menuiserie - Huisserie - Agencement Ă Chaniers,France,N/A,Ă€ convenir,N/A,N/A,allovoisins,general,unknown,N/A,N/A,N/A,on-site,MEDIUM,No,"NLP Analysis: Ambiguous signals (remote: 0, onsite: 0)",N/A,listing_page,Yes,https://www.allovoisins.com/v/menuiserie-huisserie-agencement
N/A,Recherche Menuiserie - Huisserie - Agencement Ă Chaniers,France,N/A,Ă€ convenir,N/A,N/A,allovoisins,general,unknown,N/A,N/A,N/A,on-site,MEDIUM,No,"NLP Analysis: Ambiguous signals (remote: 0, onsite: 0)",N/A,listing_page,Yes,https://www.allovoisins.com/v/menuiserie-huisserie-agencement
N/A,Cherche Paysagiste - AmĂ©nagement du jardin Ă Chaniers,France,N/A,Ă€ convenir,N/A,N/A,allovoisins,general,unknown,N/A,N/A,N/A,on-site,MEDIUM,No,"NLP Analysis: Ambiguous signals (remote: 0, onsite: 0)",N/A,listing_page,Yes,https://www.allovoisins.com/v/paysagiste-amenagement-du-jardin
N/A,Cherche Covoiturage (partage de frais) Ă Troyes,France,N/A,Ă€ convenir,N/A,N/A,allovoisins,general,unknown,N/A,N/A,N/A,on-site,MEDIUM,No,"NLP Analysis: Ambiguous signals (remote: 0, onsite: 0)",N/A,listing_page,Yes,https://www.allovoisins.com/v/covoiturage-partage-de-frais
N/A,Cherche Carrelage Ă Saint-Amand-Montrond,France,N/A,N/A,N/A,N/A,allovoisins,general,unknown,N/A,N/A,N/A,on-site,MEDIUM,No,"NLP Analysis: Ambiguous signals (remote: 0, onsite: 0)",N/A,listing_page,Yes,https://www.allovoisins.com/v/carrelage
N/A,Cherche Menuiserie - Huisserie - Agencement Ă Rouen,France,N/A,Ă€ convenir,N/A,N/A,allovoisins,general,unknown,N/A,N/A,N/A,on-site,MEDIUM,No,"NLP Analysis: Ambiguous signals (remote: 0, onsite: 0)",N/A,listing_page,Yes,https://www.allovoisins.com/v/menuiserie-huisserie-agencement
N/A,Louer un box fermĂ© / parking fermĂ© / garage fermĂ© - Cabourg,France,N/A,N/A,N/A,N/A,allovoisins,general,unknown,N/A,N/A,N/A,on-site,MEDIUM,No,"NLP Analysis: Ambiguous signals (remote: 0, onsite: 0)",Durée : 365 jours,detail_page,Yes,https://www.allovoisins.com/r/0/93/0/0/location-vente/Parking-stockage-hivernage
N/A,Recherche Jardinier Ă Avessac,France,N/A,Ă€ convenir,N/A,N/A,allovoisins,general,unknown,N/A,N/A,N/A,on-site,MEDIUM,No,"NLP Analysis: Ambiguous signals (remote: 0, onsite: 0)",N/A,listing_page,Yes,https://www.allovoisins.com/v/jardinier
N/A,Louer un jardin Ă cultiver / jardin ouvrier / jardin potager / lopin de terre - Chaniers,France,N/A,N/A,N/A,N/A,allovoisins,general,unknown,N/A,N/A,N/A,on-site,MEDIUM,No,"NLP Analysis: Ambiguous signals (remote: 0, onsite: 0)",Durée : 365 jours,detail_page,Yes,https://www.allovoisins.com/r/0/94/0/0/location-vente/Jardin-jardin-potager
N/A,Recherche Jardinier Ă Avessac,France,N/A,N/A,N/A,N/A,allovoisins,general,unknown,N/A,N/A,N/A,on-site,MEDIUM,No,"NLP Analysis: Ambiguous signals (remote: 0, onsite: 0)",N/A,listing_page,Yes,https://www.allovoisins.com/v/jardinier
N/A,Location vĂ©hicule utilitaire / camionnette - Le Havre,France,N/A,N/A,N/A,N/A,allovoisins,general,unknown,N/A,N/A,N/A,on-site,HIGH,No,Obvious on-site work: camion,N/A,listing_page,Yes,https://www.allovoisins.com/r/0/78/0/0/location-vente/Vehicule-utilitaire
N/A,PrĂŞt compresseur d'air - Cuisery,France,N/A,N/A,N/A,N/A,allovoisins,general,unknown,N/A,N/A,N/A,on-site,MEDIUM,No,"NLP Analysis: Ambiguous signals (remote: 0, onsite: 0)",Durée : 1 jour,detail_page,Yes,https://www.allovoisins.com/r/0/2/0/0/location-vente/Outillage-entretien
N/A,Cherche MĂ©nage Ă Marseille,France,N/A,Ă€ convenir,N/A,N/A,allovoisins,general,unknown,N/A,N/A,N/A,on-site,MEDIUM,No,"NLP Analysis: Ambiguous signals (remote: 0, onsite: 0)",N/A,listing_page,Yes,https://www.allovoisins.com/v/femme-de-menage
N/A,Cherche Carrelage Ă Virson,France,N/A,Ă€ convenir,N/A,N/A,allovoisins,general,unknown,N/A,N/A,N/A,on-site,MEDIUM,No,"NLP Analysis: Ambiguous signals (remote: 0, onsite: 0)",N/A,listing_page,Yes,https://www.allovoisins.com/v/carrelage
N/A,Recherche MaĂ§onnerie Ă Thaon-les-Vosges,France,N/A,Ă€ convenir,N/A,N/A,allovoisins,general,unknown,N/A,N/A,N/A,on-site,MEDIUM,No,"NLP Analysis: Ambiguous signals (remote: 0, onsite: 0)",N/A,listing_page,Yes,https://www.allovoisins.com/v/maconnerie
N/A,Cherche RĂ©paration voiture Ă Lorgues,France,N/A,Ă€ convenir,N/A,N/A,allovoisins,general,unknown,N/A,N/A,N/A,on-site,MEDIUM,No,"NLP Analysis: Ambiguous signals (remote: 0, onsite: 0)",N/A,listing_page,Yes,https://www.allovoisins.com/v/reparation-voiture
N/A,Recherche Plomberie - Installation sanitaire Ă AlĂ¨s,France,N/A,Ă€ convenir,N/A,N/A,allovoisins,general,unknown,N/A,N/A,N/A,on-site,HIGH,No,Obvious on-site work: plomberie,N/A,listing_page,Yes,https://www.allovoisins.com/v/plomberie-installation-sanitaire
N/A,Cherche Bricolage et multi services Ă AlĂ¨s,France,N/A,Ă€ convenir,N/A,N/A,allovoisins,general,unknown,N/A,N/A,N/A,on-site,HIGH,No,Obvious on-site work: bricolage,N/A,listing_page,Yes,https://www.allovoisins.com/v/bricolage-petits-travaux
N/A,Cherche Réparation outillage à Lunel,France,N/A,N/A,N/A,N/A,allovoisins,general,unknown,N/A,N/A,N/A,on-site,MEDIUM,No,"NLP Analysis: Ambiguous signals (remote: 0, onsite: 0)",N/A,listing_page,Yes,https://www.allovoisins.com/v/reparation-outillage
N/A,Cherche Bricolage et multi services à Tresson,France,N/A,N/A,N/A,N/A,allovoisins,general,unknown,N/A,N/A,N/A,on-site,HIGH,No,Obvious on-site work: bricolage,N/A,listing_page,Yes,https://www.allovoisins.com/v/bricolage-petits-travaux
N/A,Recherche Plomberie - Installation sanitaire à Breuillet,France,N/A,N/A,N/A,N/A,allovoisins,general,unknown,N/A,N/A,N/A,on-site,HIGH,No,Obvious on-site work: plomberie,N/A,listing_page,Yes,https://www.allovoisins.com/v/plomberie-installation-sanitaire
N/A,Cherche Livraison - Transport de colis à Rebais,France,N/A,N/A,N/A,N/A,allovoisins,general,unknown,N/A,N/A,N/A,on-site,HIGH,No,Obvious on-site work: livraison,N/A,listing_page,Yes,https://www.allovoisins.com/v/livraison-transport-de-colis
N/A,Cherche Elagage et coupe d'arbres à Pornichet,France,N/A,N/A,N/A,N/A,allovoisins,general,unknown,N/A,N/A,N/A,on-site,MEDIUM,No,"NLP Analysis: Ambiguous signals (remote: 0, onsite: 0)",N/A,listing_page,Yes,https://www.allovoisins.com/v/elagage-et-coupe-d-arbres
N/A,Cherche Entretien piscine à Saint-Christoly-Médoc,France,N/A,N/A,N/A,N/A,allovoisins,general,unknown,N/A,N/A,N/A,on-site,MEDIUM,No,"NLP Analysis: Ambiguous signals (remote: 0, onsite: 0)",N/A,listing_page,Yes,https://www.allovoisins.com/v/entretien-piscine
N/A,Recherche Entretien piscine à Saint-Raphaël,France,N/A,N/A,N/A,N/A,allovoisins,general,unknown,N/A,N/A,N/A,on-site,MEDIUM,No,"NLP Analysis: Ambiguous signals (remote: 0, onsite: 0)",N/A,listing_page,Yes,https://www.allovoisins.com/v/entretien-piscine
N/A,Cherche Ménage à Simiane-Collongue,France,N/A,N/A,N/A,N/A,allovoisins,general,unknown,N/A,N/A,N/A,on-site,HIGH,No,Obvious on-site work: ménage,N/A,listing_page,Yes,https://www.allovoisins.com/v/femme-de-menage
N/A,Cherche Installation électrique à Vernouillet,France,N/A,N/A,N/A,N/A,allovoisins,general,unknown,N/A,N/A,N/A,on-site,MEDIUM,No,"NLP Analysis: Ambiguous signals (remote: 0, onsite: 0)",N/A,listing_page,Yes,https://www.allovoisins.com/v/installation-electrique
N/A,Recherche Jardinier à Clessé,France,N/A,N/A,N/A,N/A,allovoisins,general,unknown,N/A,N/A,N/A,on-site,MEDIUM,No,"NLP Analysis: Ambiguous signals (remote: 0, onsite: 0)",N/A,listing_page,Yes,https://www.allovoisins.com/v/jardinier
N/A,Cherche Ménage à Toulon,France,N/A,N/A,N/A,N/A,allovoisins,general,unknown,N/A,N/A,N/A,on-site,HIGH,No,Obvious on-site work: ménage,N/A,listing_page,Yes,https://www.allovoisins.com/v/femme-de-menage
N/A,Recherche Livraison - Transport de colis à Menton,France,N/A,50€,N/A,N/A,allovoisins,general,unknown,N/A,N/A,N/A,on-site,HIGH,No,Obvious on-site work: livraison,N/A,listing_page,Yes,https://www.allovoisins.com/v/livraison-transport-de-colis
N/A,Recherche Menuiserie - Huisserie - Agencement à Saint-Fraigne,France,N/A,N/A,N/A,N/A,allovoisins,general,unknown,N/A,N/A,N/A,on-site,MEDIUM,No,"NLP Analysis: Ambiguous signals (remote: 0, onsite: 0)",N/A,listing_page,Yes,https://www.allovoisins.com/v/menuiserie-huisserie-agencement
N/A,Cherche Couturière à Orléans,France,N/A,N/A,N/A,N/A,allovoisins,general,unknown,N/A,N/A,N/A,on-site,MEDIUM,No,"NLP Analysis: Ambiguous signals (remote: 0, onsite: 0)",N/A,listing_page,Yes,https://www.allovoisins.com/v/couturiere
N/A,Recherche Dépannage électroménager à Reims,France,N/A,N/A,N/A,N/A,allovoisins,general,unknown,N/A,N/A,N/A,on-site,HIGH,No,Obvious on-site work: ménage,N/A,listing_page,Yes,https://www.allovoisins.com/v/depannage-electromenager
N/A,Cherche Plomberie - Installation sanitaire à Sin-le-Noble,France,N/A,N/A,N/A,N/A,allovoisins,general,unknown,N/A,N/A,N/A,on-site,HIGH,No,Obvious on-site work: plomberie,N/A,listing_page,Yes,https://www.allovoisins.com/v/plomberie-installation-sanitaire
N/A,Recherche Installation électrique à Locmiquélic,France,N/A,N/A,N/A,N/A,allovoisins,general,unknown,N/A,N/A,N/A,on-site,MEDIUM,No,"NLP Analysis: Ambiguous signals (remote: 0, onsite: 0)",N/A,listing_page,Yes,https://www.allovoisins.com/v/installation-electrique
N/A,Recherche Évacuation déchets - Gravats à Chécy,France,N/A,N/A,N/A,N/A,allovoisins,general,unknown,N/A,N/A,N/A,on-site,MEDIUM,No,"NLP Analysis: Ambiguous signals (remote: 0, onsite: 0)",N/A,listing_page,Yes,https://www.allovoisins.com/v/evacuation-dechets-gravats
N/A,Recherche Réparation voiture à Toulon,France,N/A,N/A,N/A,N/A,allovoisins,general,unknown,N/A,N/A,N/A,on-site,MEDIUM,No,"NLP Analysis: Ambiguous signals (remote: 0, onsite: 0)",N/A,listing_page,Yes,https://www.allovoisins.com/v/reparation-voiture
N/A,Cherche Entretien piscine à Les Pennes-Mirabeau,France,N/A,N/A,N/A,N/A,allovoisins,general,unknown,N/A,N/A,N/A,on-site,MEDIUM,No,"NLP Analysis: Ambiguous signals (remote: 0, onsite: 0)",N/A,listing_page,Yes,https://www.allovoisins.com/v/entretien-piscine
N/A,Recherche Réparation voiture à Saint-Maur-des-Fossés,France,N/A,N/A,N/A,N/A,allovoisins,general,unknown,N/A,N/A,N/A,on-site,MEDIUM,No,"NLP Analysis: Ambiguous signals (remote: 0, onsite: 0)",N/A,listing_page,Yes,https://www.allovoisins.com/v/reparation-voiture
N/A,Recherche Bricolage et multi services à Asnières-sur-Seine,France,N/A,N/A,N/A,N/A,allovoisins,general,unknown,N/A,N/A,N/A,on-site,HIGH,No,Obvious on-site work: bricolage,N/A,listing_page,Yes,https://www.allovoisins.com/v/bricolage-petits-travaux
N/A,Recherche Évacuation déchets - Gravats à Mérignac,France,N/A,N/A,N/A,N/A,allovoisins,general,unknown,N/A,N/A,N/A,on-site,MEDIUM,No,"NLP Analysis: Ambiguous signals (remote: 0, onsite: 0)",N/A,listing_page,Yes,https://www.allovoisins.com/v/evacuation-dechets-gravats
N/A,Cherche Réparation voiture à Castelnau-d'Estrétefonds,France,N/A,N/A,N/A,N/A,allovoisins,general,unknown,N/A,N/A,N/A,on-site,MEDIUM,No,"NLP Analysis: Ambiguous signals (remote: 0, onsite: 0)",N/A,listing_page,Yes,https://www.allovoisins.com/v/reparation-voiture
N/A,Recherche Plomberie - Installation sanitaire à Château-Thierry,France,N/A,300€,N/A,N/A,allovoisins,general,unknown,N/A,N/A,N/A,on-site,HIGH,No,Obvious on-site work: plomberie,N/A,listing_page,Yes,https://www.allovoisins.com/v/plomberie-installation-sanitaire
N/A,Cherche Déménageurs et aide au déménagement à Saint-Gaudens,France,N/A,N/A,N/A,N/A,allovoisins,general,unknown,N/A,N/A,N/A,on-site,HIGH,No,Obvious on-site work: ménage,N/A,listing_page,Yes,https://www.allovoisins.com/v/demenagement
N/A,Recherche Ménage à Sannois,France,N/A,13€ / heure,N/A,N/A,allovoisins,general,unknown,N/A,N/A,N/A,on-site,HIGH,No,Obvious on-site work: ménage,N/A,listing_page,Yes,https://www.allovoisins.com/v/femme-de-menage
N/A,Recherche Chauffage - Climatisation à Vaulx-en-Velin,France,N/A,N/A,N/A,N/A,allovoisins,general,unknown,N/A,N/A,N/A,on-site,MEDIUM,No,"NLP Analysis: Ambiguous signals (remote: 0, onsite: 0)",N/A,listing_page,Yes,https://www.allovoisins.com/v/chauffage-climatisation
N/A,Cherche Maçonnerie à Plérin,France,N/A,N/A,N/A,N/A,allovoisins,general,unknown,N/A,N/A,N/A,on-site,HIGH,No,Obvious on-site work: maçon,N/A,listing_page,Yes,https://www.allovoisins.com/v/maconnerie
N/A,Recherche Réparation voiture à Le Luc,France,N/A,N/A,N/A,N/A,allovoisins,general,unknown,N/A,N/A,N/A,on-site,MEDIUM,No,"NLP Analysis: Ambiguous signals (remote: 0, onsite: 0)",N/A,listing_page,Yes,https://www.allovoisins.com/v/reparation-voiture
N/A,Cherche Livraison - Transport de colis à Marseille,France,N/A,N/A,N/A,N/A,allovoisins,general,unknown,N/A,N/A,N/A,on-site,HIGH,No,Obvious on-site work: livraison,N/A,listing_page,Yes,https://www.allovoisins.com/v/livraison-transport-de-colis
N/A,Recherche Maçonnerie à Embreville,France,N/A,N/A,N/A,N/A,allovoisins,general,unknown,N/A,N/A,N/A,on-site,HIGH,No,Obvious on-site work: maçon,N/A,listing_page,Yes,https://www.allovoisins.com/v/maconnerie
N/A,Cherche Livraison - Transport de colis à Challans,France,N/A,N/A,N/A,N/A,allovoisins,general,unknown,N/A,N/A,N/A,on-site,HIGH,No,Obvious on-site work: livraison,N/A,listing_page,Yes,https://www.allovoisins.com/v/livraison-transport-de-colis
N/A,Cherche Transport de véhicules - Remorquage à Hattigny,France,N/A,N/A,N/A,N/A,allovoisins,general,unknown,N/A,N/A,N/A,on-site,MEDIUM,No,"NLP Analysis: Ambiguous signals (remote: 0, onsite: 0)",N/A,listing_page,Yes,https://www.allovoisins.com/v/transport-de-vehicules-remorquage
N/A,Recherche Évacuation déchets - Gravats à Solers,France,N/A,N/A,N/A,N/A,allovoisins,general,unknown,N/A,N/A,N/A,on-site,MEDIUM,No,"NLP Analysis: Ambiguous signals (remote: 0, onsite: 0)",N/A,listing_page,Yes,https://www.allovoisins.com/v/evacuation-dechets-gravats
N/A,Cherche Baby sitting à Amnéville,France,N/A,N/A,N/A,N/A,allovoisins,general,unknown,N/A,N/A,N/A,on-site,HIGH,No,Obvious on-site work: baby,N/A,listing_page,Yes,https://www.allovoisins.com/v/baby-sitting
N/A,Recherche Livraison - Transport de colis à Demi-Quartier,France,N/A,N/A,N/A,N/A,allovoisins,general,unknown,N/A,N/A,N/A,on-site,HIGH,No,Obvious on-site work: livraison,N/A,listing_page,Yes,https://www.allovoisins.com/v/livraison-transport-de-colis
N/A,Recherche Manutention à Gisors,France,N/A,N/A,N/A,N/A,allovoisins,general,unknown,N/A,N/A,N/A,on-site,MEDIUM,No,"NLP Analysis: Ambiguous signals (remote: 0, onsite: 0)",N/A,listing_page,Yes,https://www.allovoisins.com/v/manutention
N/A,Cherche Peinture - Tapisserie à Pirou,France,N/A,N/A,N/A,N/A,allovoisins,general,unknown,N/A,N/A,N/A,on-site,HIGH,No,Obvious on-site work: peinture,N/A,listing_page,Yes,https://www.allovoisins.com/v/peinture-tapisserie
N/A,Recherche Secrétariat à Béziers,France,N/A,N/A,N/A,N/A,allovoisins,general,unknown,N/A,N/A,N/A,remote,MEDIUM,Yes,NLP Analysis: Strong remote indicators (score: 3 vs 0),N/A,listing_page,Yes,https://www.allovoisins.com/v/secretariat
N/A,Recherche Évacuation déchets - Gravats à Plaisance-du-Touch,France,N/A,N/A,N/A,N/A,allovoisins,general,unknown,N/A,N/A,N/A,on-site,MEDIUM,No,"NLP Analysis: Ambiguous signals (remote: 0, onsite: 0)",N/A,listing_page,Yes,https://www.allovoisins.com/v/evacuation-dechets-gravats
N/A,Cherche Ménage à Saint-Martin-de-Seignanx,France,N/A,N/A,N/A,N/A,allovoisins,general,unknown,N/A,N/A,N/A,on-site,HIGH,No,Obvious on-site work: ménage,N/A,listing_page,Yes,https://www.allovoisins.com/v/femme-de-menage
N/A,Recherche Plomberie - Installation sanitaire à Seclin,France,N/A,N/A,N/A,N/A,allovoisins,general,unknown,N/A,N/A,N/A,on-site,HIGH,No,Obvious on-site work: plomberie,N/A,listing_page,Yes,https://www.allovoisins.com/v/plomberie-installation-sanitaire
N/A,Recherche Jardinier à Amanvillers,France,N/A,N/A,N/A,N/A,allovoisins,general,unknown,N/A,N/A,N/A,on-site,MEDIUM,No,"NLP Analysis: Ambiguous signals (remote: 0, onsite: 0)",N/A,listing_page,Yes,https://www.allovoisins.com/v/jardinier
N/A,Cherche Menuiserie - Huisserie - Agencement à Alénya,France,N/A,N/A,N/A,N/A,allovoisins,general,unknown,N/A,N/A,N/A,on-site,MEDIUM,No,"NLP Analysis: Ambiguous signals (remote: 0, onsite: 0)",N/A,listing_page,Yes,https://www.allovoisins.com/v/menuiserie-huisserie-agencement
N/A,Recherche Coiffure à domicile à Paris,France,N/A,N/A,N/A,N/A,allovoisins,general,unknown,N/A,N/A,N/A,on-site,HIGH,No,Obvious on-site work: coiffure,N/A,listing_page,Yes,https://www.allovoisins.com/v/coiffure-a-domicile
N/A,Recherche Covoiturage (partage de frais) à Montigny-lès-Metz,France,N/A,N/A,N/A,N/A,allovoisins,general,unknown,N/A,N/A,N/A,on-site,MEDIUM,No,"NLP Analysis: Ambiguous signals (remote: 0, onsite: 0)",N/A,listing_page,Yes,https://www.allovoisins.com/v/covoiturage-partage-de-frais
N/A,Cherche Réparation voiture à Bordeaux,France,N/A,N/A,N/A,N/A,allovoisins,general,unknown,N/A,N/A,N/A,on-site,MEDIUM,No,"NLP Analysis: Ambiguous signals (remote: 0, onsite: 0)",N/A,listing_page,Yes,https://www.allovoisins.com/v/reparation-voiture
N/A,Recherche Dépannage électroménager à Pontarlier,France,N/A,N/A,N/A,N/A,allovoisins,general,unknown,N/A,N/A,N/A,on-site,HIGH,No,Obvious on-site work: ménage,N/A,listing_page,Yes,https://www.allovoisins.com/v/depannage-electromenager
N/A,Cherche Ramonage - Fumiste à Charvonnex,France,N/A,N/A,N/A,N/A,allovoisins,general,unknown,N/A,N/A,N/A,on-site,MEDIUM,No,"NLP Analysis: Ambiguous signals (remote: 0, onsite: 0)",N/A,listing_page,Yes,https://www.allovoisins.com/v/ramonage-fumiste
N/A,Recherche Bricolage et multi services à Grenoble,France,N/A,N/A,N/A,N/A,allovoisins,general,unknown,N/A,N/A,N/A,on-site,HIGH,No,Obvious on-site work: bricolage,N/A,listing_page,Yes,https://www.allovoisins.com/v/bricolage-petits-travaux
N/A,Recherche Bricolage et multi services à Grenoble,France,N/A,N/A,N/A,N/A,allovoisins,general,unknown,N/A,N/A,N/A,on-site,HIGH,No,Obvious on-site work: bricolage,N/A,listing_page,Yes,https://www.allovoisins.com/v/bricolage-petits-travaux
N/A,Recherche Couturière à Moëlan-sur-Mer,France,N/A,N/A,N/A,N/A,allovoisins,general,unknown,N/A,N/A,N/A,on-site,MEDIUM,No,"NLP Analysis: Ambiguous signals (remote: 0, onsite: 0)",N/A,listing_page,Yes,https://www.allovoisins.com/v/couturiere
N/A,Cherche Ménage à Argenteuil,France,N/A,N/A,N/A,N/A,allovoisins,general,unknown,N/A,N/A,N/A,on-site,HIGH,No,Obvious on-site work: ménage,N/A,listing_page,Yes,https://www.allovoisins.com/v/femme-de-menage
N/A,Cherche Bricolage et multi services à Le Pradet,France,N/A,N/A,N/A,N/A,allovoisins,general,unknown,N/A,N/A,N/A,on-site,HIGH,No,Obvious on-site work: bricolage,N/A,listing_page,Yes,https://www.allovoisins.com/v/bricolage-petits-travaux
N/A,Recherche Couverture - Toiture à Saint-Rogatien,France,N/A,N/A,N/A,N/A,allovoisins,general,unknown,N/A,N/A,N/A,on-site,MEDIUM,No,"NLP Analysis: Ambiguous signals (remote: 0, onsite: 0)",N/A,listing_page,Yes,https://www.allovoisins.com/v/couverture-toiture
N/A,Cherche Ménage à Le Raincy,France,N/A,12€ / heure,N/A,N/A,allovoisins,general,unknown,N/A,N/A,N/A,on-site,HIGH,No,Obvious on-site work: ménage,N/A,listing_page,Yes,https://www.allovoisins.com/v/femme-de-menage
N/A,Recherche Maçonnerie à Ingrandes-le-Fresne-sur-Loire,France,N/A,N/A,N/A,N/A,allovoisins,general,unknown,N/A,N/A,N/A,on-site,HIGH,No,Obvious on-site work: maçon,N/A,listing_page,Yes,https://www.allovoisins.com/v/maconnerie
N/A,Recherche Installation électrique à Romorantin-Lanthenay,France,N/A,N/A,N/A,N/A,allovoisins,general,unknown,N/A,N/A,N/A,on-site,MEDIUM,No,"NLP Analysis: Ambiguous signals (remote: 0, onsite: 0)",N/A,listing_page,Yes,https://www.allovoisins.com/v/installation-electrique
N/A,Cherche Jardinier à Nogent-sur-Oise,France,N/A,N/A,N/A,N/A,allovoisins,general,unknown,N/A,N/A,N/A,on-site,MEDIUM,No,"NLP Analysis: Ambiguous signals (remote: 0, onsite: 0)",N/A,listing_page,Yes,https://www.allovoisins.com/v/jardinier
N/A,Recherche Couverture - Toiture à Nogent-sur-Oise,France,N/A,N/A,N/A,N/A,allovoisins,general,unknown,N/A,N/A,N/A,on-site,MEDIUM,No,"NLP Analysis: Ambiguous signals (remote: 0, onsite: 0)",N/A,listing_page,Yes,https://www.allovoisins.com/v/couverture-toiture
N/A,Recherche Chaudronnerie - Soudure à Maël-Carhaix,France,N/A,N/A,N/A,N/A,allovoisins,general,unknown,N/A,N/A,N/A,on-site,MEDIUM,No,"NLP Analysis: Ambiguous signals (remote: 0, onsite: 0)",N/A,listing_page,Yes,https://www.allovoisins.com/v/chaudronnerie-soudure
N/A,Cherche Montage meubles en kit à Jœuf,France,N/A,N/A,N/A,N/A,allovoisins,general,unknown,N/A,N/A,N/A,on-site,MEDIUM,No,"NLP Analysis: Ambiguous signals (remote: 0, onsite: 0)",N/A,listing_page,Yes,https://www.allovoisins.com/v/montage-meubles-en-kit
N/A,Cherche Plomberie - Installation sanitaire à Lille,France,N/A,N/A,N/A,N/A,allovoisins,general,unknown,N/A,N/A,N/A,on-site,HIGH,No,Obvious on-site work: plomberie,N/A,listing_page,Yes,https://www.allovoisins.com/v/plomberie-installation-sanitaire
N/A,Cherche Déménageurs et aide au déménagement à Caen,France,N/A,N/A,N/A,N/A,allovoisins,general,unknown,N/A,N/A,N/A,on-site,HIGH,No,Obvious on-site work: ménage,N/A,listing_page,Yes,https://www.allovoisins.com/v/demenagement
N/A,Recherche Déménageurs et aide au déménagement à Caen,France,N/A,N/A,N/A,N/A,allovoisins,general,unknown,N/A,N/A,N/A,on-site,HIGH,No,Obvious on-site work: ménage,N/A,listing_page,Yes,https://www.allovoisins.com/v/demenagement
N/A,Recherche Évacuation déchets - Gravats à Champanges,France,N/A,N/A,N/A,N/A,allovoisins,general,unknown,N/A,N/A,N/A,on-site,MEDIUM,No,"NLP Analysis: Ambiguous signals (remote: 0, onsite: 0)",N/A,listing_page,Yes,https://www.allovoisins.com/v/evacuation-dechets-gravats
N/A,Recherche Elagage et coupe d'arbres à Denain,France,N/A,N/A,N/A,N/A,allovoisins,general,unknown,N/A,N/A,N/A,on-site,MEDIUM,No,"NLP Analysis: Ambiguous signals (remote: 0, onsite: 0)",N/A,listing_page,Yes,https://www.allovoisins.com/v/elagage-et-coupe-d-arbres
N/A,Recherche Jardinier à Triguères,France,N/A,N/A,N/A,N/A,allovoisins,general,unknown,N/A,N/A,N/A,on-site,MEDIUM,No,"NLP Analysis: Ambiguous signals (remote: 0, onsite: 0)",N/A,listing_page,Yes,https://www.allovoisins.com/v/jardinier
N/A,Cherche Plâtrerie - Murs - Plafonds à Puteaux,France,N/A,N/A,N/A,N/A,allovoisins,general,unknown,N/A,N/A,N/A,on-site,MEDIUM,No,"NLP Analysis: Ambiguous signals (remote: 0, onsite: 0)",N/A,listing_page,Yes,https://www.allovoisins.com/v/platrerie-murs-plafonds
N/A,Cherche Menuiserie - Huisserie - Agencement à Asnières-sur-Seine,France,N/A,N/A,N/A,N/A,allovoisins,general,unknown,N/A,N/A,N/A,on-site,MEDIUM,No,"NLP Analysis: Ambiguous signals (remote: 0, onsite: 0)",N/A,listing_page,Yes,https://www.allovoisins.com/v/menuiserie-huisserie-agencement
N/A,Cherche Installation électrique à Vestric-et-Candiac,France,N/A,N/A,N/A,N/A,allovoisins,general,unknown,N/A,N/A,N/A,on-site,MEDIUM,No,"NLP Analysis: Ambiguous signals (remote: 0, onsite: 0)",N/A,listing_page,Yes,https://www.allovoisins.com/v/installation-electrique
N/A,Cherche Réparation voiture à Mauves-sur-Loire,France,N/A,N/A,N/A,N/A,allovoisins,general,unknown,N/A,N/A,N/A,on-site,MEDIUM,No,"NLP Analysis: Ambiguous signals (remote: 0, onsite: 0)",N/A,listing_page,Yes,https://www.allovoisins.com/v/reparation-voiture
N/A,Cherche Jardinier à Rieux-Volvestre,France,N/A,150€,N/A,N/A,allovoisins,general,unknown,N/A,N/A,N/A,on-site,MEDIUM,No,"NLP Analysis: Ambiguous signals (remote: 0, onsite: 0)",N/A,listing_page,Yes,https://www.allovoisins.com/v/jardinier
N/A,Cherche Évacuation déchets - Gravats à Décines-Charpieu,France,N/A,N/A,N/A,N/A,allovoisins,general,unknown,N/A,N/A,N/A,on-site,MEDIUM,No,"NLP Analysis: Ambiguous signals (remote: 0, onsite: 0)",N/A,listing_page,Yes,https://www.allovoisins.com/v/evacuation-dechets-gravats
N/A,Cherche Jardinier à Rieux-Volvestre,France,N/A,100€,N/A,N/A,allovoisins,general,unknown,N/A,N/A,N/A,on-site,MEDIUM,No,"NLP Analysis: Ambiguous signals (remote: 0, onsite: 0)",N/A,listing_page,Yes,https://www.allovoisins.com/v/jardinier
N/A,Cherche Plomberie - Installation sanitaire à Marles-les-Mines,France,N/A,N/A,N/A,N/A,allovoisins,general,unknown,N/A,N/A,N/A,on-site,HIGH,No,Obvious on-site work: plomberie,N/A,listing_page,Yes,https://www.allovoisins.com/v/plomberie-installation-sanitaire
N/A,Recherche Installation électrique à Bischwiller,France,N/A,N/A,N/A,N/A,allovoisins,general,unknown,N/A,N/A,N/A,on-site,MEDIUM,No,"NLP Analysis: Ambiguous signals (remote: 0, onsite: 0)",N/A,listing_page,Yes,https://www.allovoisins.com/v/installation-electrique
N/A,Cherche Maçonnerie à Lésigny,France,N/A,N/A,N/A,N/A,allovoisins,general,unknown,N/A,N/A,N/A,on-site,HIGH,No,Obvious on-site work: maçon,N/A,listing_page,Yes,https://www.allovoisins.com/v/maconnerie
N/A,Recherche Réparation voiture à Cognac,France,N/A,N/A,N/A,N/A,allovoisins,general,unknown,N/A,N/A,N/A,on-site,MEDIUM,No,"NLP Analysis: Ambiguous signals (remote: 0, onsite: 0)",N/A,listing_page,Yes,https://www.allovoisins.com/v/reparation-voiture
N/A,Recherche Réparation carrosserie à Aubagne,France,N/A,N/A,N/A,N/A,allovoisins,general,unknown,N/A,N/A,N/A,on-site,MEDIUM,No,"NLP Analysis: Ambiguous signals (remote: 0, onsite: 0)",N/A,listing_page,Yes,https://www.allovoisins.com/v/reparation-carrosserie
N/A,Cherche Jardinier à Rieux-Volvestre,France,N/A,100€,N/A,N/A,allovoisins,general,unknown,N/A,N/A,N/A,on-site,MEDIUM,No,"NLP Analysis: Ambiguous signals (remote: 0, onsite: 0)",N/A,listing_page,Yes,https://www.allovoisins.com/v/jardinier
N/A,Cherche Plomberie - Installation sanitaire à Marles-les-Mines,France,N/A,N/A,N/A,N/A,allovoisins,general,unknown,N/A,N/A,N/A,on-site,HIGH,No,Obvious on-site work: plomberie,N/A,listing_page,Yes,https://www.allovoisins.com/v/plomberie-installation-sanitaire
N/A,Recherche Installation électrique à Bischwiller,France,N/A,N/A,N/A,N/A,allovoisins,general,unknown,N/A,N/A,N/A,on-site,MEDIUM,No,"NLP Analysis: Ambiguous signals (remote: 0, onsite: 0)",N/A,listing_page,Yes,https://www.allovoisins.com/v/installation-electrique
N/A,Cherche Maçonnerie à Lésigny,France,N/A,N/A,N/A,N/A,allovoisins,general,unknown,N/A,N/A,N/A,on-site,HIGH,No,Obvious on-site work: maçon,N/A,listing_page,Yes,https://www.allovoisins.com/v/maconnerie
N/A,Recherche Réparation voiture à Cognac,France,N/A,N/A,N/A,N/A,allovoisins,general,unknown,N/A,N/A,N/A,on-site,MEDIUM,No,"NLP Analysis: Ambiguous signals (remote: 0, onsite: 0)",N/A,listing_page,Yes,https://www.allovoisins.com/v/reparation-voiture
N/A,Recherche Réparation carrosserie à Aubagne,France,N/A,N/A,N/A,N/A,allovoisins,general,unknown,N/A,N/A,N/A,on-site,MEDIUM,No,"NLP Analysis: Ambiguous signals (remote: 0, onsite: 0)",N/A,listing_page,Yes,https://www.allovoisins.com/v/reparation-carrosserie
N/A,Cherche Réparation objets à Villepinte,France,N/A,N/A,N/A,N/A,allovoisins,general,unknown,N/A,N/A,N/A,on-site,MEDIUM,No,"NLP Analysis: Ambiguous signals (remote: 0, onsite: 0)",N/A,listing_page,Yes,https://www.allovoisins.com/v/reparation-objets
N/A,Cherche Plomberie - Installation sanitaire à Chatou,France,N/A,N/A,N/A,N/A,allovoisins,general,unknown,N/A,N/A,N/A,on-site,HIGH,No,Obvious on-site work: plomberie,N/A,listing_page,Yes,https://www.allovoisins.com/v/plomberie-installation-sanitaire
N/A,Recherche Garde chien à Troyes,France,N/A,N/A,N/A,N/A,allovoisins,general,unknown,N/A,N/A,N/A,on-site,MEDIUM,No,"NLP Analysis: Ambiguous signals (remote: 0, onsite: 0)",N/A,listing_page,Yes,https://www.allovoisins.com/v/garde-chien
N/A,Recherche Bricolage et multi services à Dammarie-les-Lys,France,N/A,N/A,N/A,N/A,allovoisins,general,unknown,N/A,N/A,N/A,on-site,HIGH,No,Obvious on-site work: bricolage,N/A,listing_page,Yes,https://www.allovoisins.com/v/bricolage-petits-travaux
N/A,Cherche Toilettage à Nantes,France,N/A,N/A,N/A,N/A,allovoisins,general,unknown,N/A,N/A,N/A,on-site,MEDIUM,No,"NLP Analysis: Ambiguous signals (remote: 0, onsite: 0)",N/A,listing_page,Yes,https://www.allovoisins.com/v/toilettage
N/A,Cherche Peinture - Tapisserie à Ballan-Miré,France,N/A,N/A,N/A,N/A,allovoisins,general,unknown,N/A,N/A,N/A,on-site,HIGH,No,Obvious on-site work: peinture,N/A,listing_page,Yes,https://www.allovoisins.com/v/peinture-tapisserie
N/A,Cherche Maçonnerie à Vicq-sur-Breuilh,France,N/A,N/A,N/A,N/A,allovoisins,general,unknown,N/A,N/A,N/A,on-site,HIGH,No,Obvious on-site work: maçon,N/A,listing_page,Yes,https://www.allovoisins.com/v/maconnerie
N/A,Cherche Livraison - Transport de colis à Trouville-sur-Mer,France,N/A,N/A,N/A,N/A,allovoisins,general,unknown,N/A,N/A,N/A,on-site,HIGH,No,Obvious on-site work: livraison,N/A,listing_page,Yes,https://www.allovoisins.com/v/livraison-transport-de-colis
N/A,Recherche Toilettage à Souchez,France,N/A,N/A,N/A,N/A,allovoisins,general,unknown,N/A,N/A,N/A,on-site,MEDIUM,No,"NLP Analysis: Ambiguous signals (remote: 0, onsite: 0)",N/A,listing_page,Yes,https://www.allovoisins.com/v/toilettage
N/A,Recherche Réparation outillage à Bompas,France,N/A,N/A,N/A,N/A,allovoisins,general,unknown,N/A,N/A,N/A,on-site,MEDIUM,No,"NLP Analysis: Ambiguous signals (remote: 0, onsite: 0)",N/A,listing_page,Yes,https://www.allovoisins.com/v/reparation-outillage
N/A,Cherche Jardinier à Nancy,France,N/A,N/A,N/A,N/A,allovoisins,general,unknown,N/A,N/A,N/A,on-site,MEDIUM,No,"NLP Analysis: Ambiguous signals (remote: 0, onsite: 0)",N/A,listing_page,Yes,https://www.allovoisins.com/v/jardinier
N/A,Cherche Ménage à Saint-Denis,France,N/A,15€ / heure,N/A,N/A,allovoisins,general,unknown,N/A,N/A,N/A,on-site,HIGH,No,Obvious on-site work: ménage,N/A,listing_page,Yes,https://www.allovoisins.com/v/femme-de-menage
N/A,Cherche Dépannage informatique à Saint-Hilaire-de-Riez,France,N/A,N/A,N/A,N/A,allovoisins,general,unknown,N/A,N/A,N/A,on-site,MEDIUM,No,"NLP Analysis: Ambiguous signals (remote: 0, onsite: 0)",N/A,listing_page,Yes,https://www.allovoisins.com/v/depannage-informatique
N/A,Recherche Bricolage et multi services à Rouen,France,N/A,N/A,N/A,N/A,allovoisins,general,unknown,N/A,N/A,N/A,on-site,HIGH,No,Obvious on-site work: bricolage,N/A,listing_page,Yes,https://www.allovoisins.com/v/bricolage-petits-travaux
N/A,Recherche Dépannage électroménager à Dijon,France,N/A,N/A,N/A,N/A,allovoisins,general,unknown,N/A,N/A,N/A,on-site,HIGH,No,Obvious on-site work: ménage,N/A,listing_page,Yes,https://www.allovoisins.com/v/depannage-electromenager
N/A,Cherche Garde chien à Vinassan,France,N/A,N/A,N/A,N/A,allovoisins,general,unknown,N/A,N/A,N/A,on-site,MEDIUM,No,"NLP Analysis: Ambiguous signals (remote: 0, onsite: 0)",N/A,listing_page,Yes,https://www.allovoisins.com/v/garde-chien
N/A,Recherche Ménage à Toulon,France,N/A,N/A,N/A,N/A,allovoisins,general,unknown,N/A,N/A,N/A,on-site,HIGH,No,Obvious on-site work: ménage,N/A,listing_page,Yes,https://www.allovoisins.com/v/femme-de-menage
N/A,Cherche Réparation voiture à Barsac,France,N/A,N/A,N/A,N/A,allovoisins,general,unknown,N/A,N/A,N/A,on-site,MEDIUM,No,"NLP Analysis: Ambiguous signals (remote: 0, onsite: 0)",N/A,listing_page,Yes,https://www.allovoisins.com/v/reparation-voiture
N/A,Recherche Jardinier à Lussant,France,N/A,100€,N/A,N/A,allovoisins,general,unknown,N/A,N/A,N/A,on-site,MEDIUM,No,"NLP Analysis: Ambiguous signals (remote: 0, onsite: 0)",N/A,listing_page,Yes,https://www.allovoisins.com/v/jardinier
N/A,Cherche Taille de haies et d'arbustes à Cavalaire-sur-Mer,France,N/A,N/A,N/A,N/A,allovoisins,general,unknown,N/A,N/A,N/A,on-site,MEDIUM,No,"NLP Analysis: Ambiguous signals (remote: 0, onsite: 0)",N/A,listing_page,Yes,https://www.allovoisins.com/v/taille-de-haies-et-d-arbustes
N/A,Recherche Maçonnerie à Allevard,France,N/A,N/A,N/A,N/A,allovoisins,general,unknown,N/A,N/A,N/A,on-site,HIGH,No,Obvious on-site work: maçon,N/A,listing_page,Yes,https://www.allovoisins.com/v/maconnerie
N/A,Cherche Entretien - Réparation autres véhicules à Créteil,France,N/A,N/A,N/A,N/A,allovoisins,general,unknown,N/A,N/A,N/A,on-site,MEDIUM,No,"NLP Analysis: Ambiguous signals (remote: 0, onsite: 0)",N/A,listing_page,Yes,https://www.allovoisins.com/v/entretien-reparation-autres-vehicules
N/A,Cherche Transport de véhicules - Remorquage à Mercurey,France,N/A,N/A,N/A,N/A,allovoisins,general,unknown,N/A,N/A,N/A,on-site,MEDIUM,No,"NLP Analysis: Ambiguous signals (remote: 0, onsite: 0)",N/A,listing_page,Yes,https://www.allovoisins.com/v/transport-de-vehicules-remorquage
N/A,Recherche Bricolage et multi services à Rouen,France,N/A,N/A,N/A,N/A,allovoisins,general,unknown,N/A,N/A,N/A,on-site,HIGH,No,Obvious on-site work: bricolage,N/A,listing_page,Yes,https://www.allovoisins.com/v/bricolage-petits-travaux
N/A,Cherche Garde chien à Vinassan,France,N/A,N/A,N/A,N/A,allovoisins,general,unknown,N/A,N/A,N/A,on-site,MEDIUM,No,"NLP Analysis: Ambiguous signals (remote: 0, onsite: 0)",N/A,listing_page,Yes,https://www.allovoisins.com/v/garde-chien
N/A,Recherche Dépannage électroménager à Dijon,France,N/A,N/A,N/A,N/A,allovoisins,general,unknown,N/A,N/A,N/A,on-site,HIGH,No,Obvious on-site work: ménage,N/A,listing_page,Yes,https://www.allovoisins.com/v/depannage-electromenager
N/A,Recherche Ménage à Toulon,France,N/A,N/A,N/A,N/A,allovoisins,general,unknown,N/A,N/A,N/A,on-site,HIGH,No,Obvious on-site work: ménage,N/A,listing_page,Yes,https://www.allovoisins.com/v/femme-de-menage
N/A,Cherche Réparation voiture à Barsac,France,N/A,N/A,N/A,N/A,allovoisins,general,unknown,N/A,N/A,N/A,on-site,MEDIUM,No,"NLP Analysis: Ambiguous signals (remote: 0, onsite: 0)",N/A,listing_page,Yes,https://www.allovoisins.com/v/reparation-voiture
N/A,Recherche Jardinier à Lussant,France,N/A,100€,N/A,N/A,allovoisins,general,unknown,N/A,N/A,N/A,on-site,MEDIUM,No,"NLP Analysis: Ambiguous signals (remote: 0, onsite: 0)",N/A,listing_page,Yes,https://www.allovoisins.com/v/jardinier
N/A,Cherche Taille de haies et d'arbustes à Cavalaire-sur-Mer,France,N/A,N/A,N/A,N/A,allovoisins,general,unknown,N/A,N/A,N/A,on-site,MEDIUM,No,"NLP Analysis: Ambiguous signals (remote: 0, onsite: 0)",N/A,listing_page,Yes,https://www.allovoisins.com/v/taille-de-haies-et-d-arbustes
N/A,Recherche Maçonnerie à Allevard,France,N/A,N/A,N/A,N/A,allovoisins,general,unknown,N/A,N/A,N/A,on-site,HIGH,No,Obvious on-site work: maçon,N/A,listing_page,Yes,https://www.allovoisins.com/v/maconnerie
N/A,Cherche Entretien - Réparation autres véhicules à Créteil,France,N/A,N/A,N/A,N/A,allovoisins,general,unknown,N/A,N/A,N/A,on-site,MEDIUM,No,"NLP Analysis: Ambiguous signals (remote: 0, onsite: 0)",N/A,listing_page,Yes,https://www.allovoisins.com/v/entretien-reparation-autres-vehicules
N/A,Cherche Transport de véhicules - Remorquage à Mercurey,France,N/A,N/A,N/A,N/A,allovoisins,general,unknown,N/A,N/A,N/A,on-site,MEDIUM,No,"NLP Analysis: Ambiguous signals (remote: 0, onsite: 0)",N/A,listing_page,Yes,https://www.allovoisins.com/v/transport-de-vehicules-remorquage
N/A,Cherche Taille de haies et d'arbustes à Romagne,France,N/A,N/A,N/A,N/A,allovoisins,general,unknown,N/A,N/A,N/A,on-site,MEDIUM,No,"NLP Analysis: Ambiguous signals (remote: 0, onsite: 0)",N/A,listing_page,Yes,https://www.allovoisins.com/v/taille-de-haies-et-d-arbustes
N/A,Recherche Montage meubles en kit à Avignon,France,N/A,N/A,N/A,N/A,allovoisins,general,unknown,N/A,N/A,N/A,on-site,MEDIUM,No,"NLP Analysis: Ambiguous signals (remote: 0, onsite: 0)",N/A,listing_page,Yes,https://www.allovoisins.com/v/montage-meubles-en-kit
N/A,Recherche Menuiserie - Huisserie - Agencement à Montlaur,France,N/A,N/A,N/A,N/A,allovoisins,general,unknown,N/A,N/A,N/A,on-site,MEDIUM,No,"NLP Analysis: Ambiguous signals (remote: 0, onsite: 0)",N/A,listing_page,Yes,https://www.allovoisins.com/v/menuiserie-huisserie-agencement
N/A,Cherche Carrelage à Paris,France,N/A,N/A,N/A,N/A,allovoisins,general,unknown,N/A,N/A,N/A,on-site,MEDIUM,No,"NLP Analysis: Ambiguous signals (remote: 0, onsite: 0)",N/A,listing_page,Yes,https://www.allovoisins.com/v/carrelage
N/A,Cherche Carrelage à Yffiniac,France,N/A,N/A,N/A,N/A,allovoisins,general,unknown,N/A,N/A,N/A,on-site,MEDIUM,No,"NLP Analysis: Ambiguous signals (remote: 0, onsite: 0)",N/A,listing_page,Yes,https://www.allovoisins.com/v/carrelage
N/A,Recherche Artisan tout corps d'état - Rénovation à Bourges,France,N/A,N/A,N/A,N/A,allovoisins,general,unknown,N/A,N/A,N/A,on-site,MEDIUM,No,"NLP Analysis: Ambiguous signals (remote: 0, onsite: 0)",N/A,listing_page,Yes,https://www.allovoisins.com/v/artisan-tout-corps-d-etat-renovation
N/A,Recherche Peinture - Tapisserie à Balaruc-les-Bains,France,N/A,N/A,N/A,N/A,allovoisins,general,unknown,N/A,N/A,N/A,on-site,HIGH,No,Obvious on-site work: peinture,N/A,listing_page,Yes,https://www.allovoisins.com/v/peinture-tapisserie
N/A,Cherche Réparation voiture à La Plagne Tarentaise,France,N/A,N/A,N/A,N/A,allovoisins,general,unknown,N/A,N/A,N/A,on-site,MEDIUM,No,"NLP Analysis: Ambiguous signals (remote: 0, onsite: 0)",N/A,listing_page,Yes,https://www.allovoisins.com/v/reparation-voiture
N/A,Cherche Garde chien à Villers-Écalles,France,N/A,N/A,N/A,N/A,allovoisins,general,unknown,N/A,N/A,N/A,on-site,MEDIUM,No,"NLP Analysis: Ambiguous signals (remote: 0, onsite: 0)",N/A,listing_page,Yes,https://www.allovoisins.com/v/garde-chien
N/A,Recherche Covoiturage (partage de frais) à Vesoul,France,N/A,N/A,N/A,N/A,allovoisins,general,unknown,N/A,N/A,N/A,on-site,MEDIUM,No,"NLP Analysis: Ambiguous signals (remote: 0, onsite: 0)",N/A,listing_page,Yes,https://www.allovoisins.com/v/covoiturage-partage-de-frais
N/A,Cherche Peinture - Tapisserie à Villepinte,France,N/A,N/A,N/A,N/A,allovoisins,general,unknown,N/A,N/A,N/A,on-site,HIGH,No,Obvious on-site work: peinture,N/A,listing_page,Yes,https://www.allovoisins.com/v/peinture-tapisserie
N/A,Recherche Ménage à Toulon,France,N/A,N/A,N/A,N/A,allovoisins,general,unknown,N/A,N/A,N/A,on-site,HIGH,No,Obvious on-site work: ménage,N/A,listing_page,Yes,https://www.allovoisins.com/v/femme-de-menage
N/A,Recherche Livraison - Transport de colis à Cavalaire-sur-Mer,France,N/A,N/A,N/A,N/A,allovoisins,general,unknown,N/A,N/A,N/A,on-site,HIGH,No,Obvious on-site work: livraison,N/A,listing_page,Yes,https://www.allovoisins.com/v/livraison-transport-de-colis
N/A,Cherche Terrassement - Assainissement à Orléans,France,N/A,N/A,N/A,N/A,allovoisins,general,unknown,N/A,N/A,N/A,on-site,MEDIUM,No,"NLP Analysis: Ambiguous signals (remote: 0, onsite: 0)",N/A,listing_page,No,https://www.allovoisins.com/v/terrassement-assainissement
N/A,Recherche Pose de parquet - Revêtement de sol à Saint-Malo,France,N/A,N/A,N/A,N/A,allovoisins,general,unknown,N/A,N/A,N/A,on-site,MEDIUM,No,"NLP Analysis: Ambiguous signals (remote: 0, onsite: 0)",N/A,listing_page,No,https://www.allovoisins.com/v/pose-de-parquet-revetement-de-sol
N/A,Cherche Garde chat à Marolles-en-Brie,France,N/A,N/A,N/A,N/A,allovoisins,general,unknown,N/A,N/A,N/A,on-site,MEDIUM,No,"NLP Analysis: Ambiguous signals (remote: 0, onsite: 0)",N/A,listing_page,No,https://www.allovoisins.com/v/garde-chat
N/A,Cherche Garde chat à Sanguinet,France,N/A,N/A,N/A,N/A,allovoisins,general,unknown,N/A,N/A,N/A,on-site,MEDIUM,No,"NLP Analysis: Ambiguous signals (remote: 0, onsite: 0)",N/A,listing_page,No,https://www.allovoisins.com/v/garde-chat
N/A,Cherche Conciergerie à Villers-sur-Mer,France,N/A,N/A,N/A,N/A,allovoisins,general,unknown,N/A,N/A,N/A,on-site,MEDIUM,No,"NLP Analysis: Ambiguous signals (remote: 0, onsite: 0)",N/A,listing_page,No,https://www.allovoisins.com/v/conciergerie
N/A,Cherche Conciergerie à Villers-sur-Mer,France,N/A,N/A,N/A,N/A,allovoisins,general,unknown,N/A,N/A,N/A,on-site,MEDIUM,No,"NLP Analysis: Ambiguous signals (remote: 0, onsite: 0)",N/A,listing_page,No,https://www.allovoisins.com/v/conciergerie
N/A,Cherche Aide à domicile à Annecy,France,N/A,N/A,N/A,N/A,allovoisins,general,unknown,N/A,N/A,N/A,on-site,HIGH,No,Obvious on-site work: aide à domicile,N/A,listing_page,No,https://www.allovoisins.com/v/aide-a-domicile
N/A,Recherche Lingerie - Repassage à Vaire,France,N/A,12€ / heure,N/A,N/A,allovoisins,general,unknown,N/A,N/A,N/A,on-site,HIGH,No,Obvious on-site work: repassage,N/A,listing_page,No,https://www.allovoisins.com/v/lingerie-repassage
N/A,Cherche Terrassement - Assainissement à Villiers-sur-Marne,France,N/A,N/A,N/A,N/A,allovoisins,general,unknown,N/A,N/A,N/A,on-site,MEDIUM,No,"NLP Analysis: Ambiguous signals (remote: 0, onsite: 0)",N/A,listing_page,No,https://www.allovoisins.com/v/terrassement-assainissement
N/A,Cherche Artisan d'art à Lille,France,N/A,N/A,N/A,N/A,allovoisins,general,unknown,N/A,N/A,N/A,on-site,MEDIUM,No,"NLP Analysis: Ambiguous signals (remote: 0, onsite: 0)",N/A,listing_page,No,https://www.allovoisins.com/v/artisan-d-art
N/A,Cherche Aide à domicile à Dury,France,N/A,N/A,N/A,N/A,allovoisins,general,unknown,N/A,N/A,N/A,on-site,HIGH,No,Obvious on-site work: aide à domicile,N/A,listing_page,No,https://www.allovoisins.com/v/aide-a-domicile
N/A,Recherche Tonte de pelouse - Débroussaillage à Lille,France,N/A,N/A,N/A,N/A,allovoisins,general,unknown,N/A,N/A,N/A,on-site,MEDIUM,No,"NLP Analysis: Ambiguous signals (remote: 0, onsite: 0)",N/A,listing_page,No,https://www.allovoisins.com/v/tonte-de-pelouse-debroussaillage
N/A,Cherche Artisan d'art à Lille,France,N/A,N/A,N/A,N/A,allovoisins,general,unknown,N/A,N/A,N/A,on-site,MEDIUM,No,"NLP Analysis: Ambiguous signals (remote: 0, onsite: 0)",N/A,listing_page,No,https://www.allovoisins.com/v/artisan-d-art
N/A,Cherche Aide à domicile à Dury,France,N/A,N/A,N/A,N/A,allovoisins,general,unknown,N/A,N/A,N/A,on-site,HIGH,No,Obvious on-site work: aide à domicile,N/A,listing_page,No,https://www.allovoisins.com/v/aide-a-domicile
N/A,Recherche Tonte de pelouse - Débroussaillage à Lille,France,N/A,N/A,N/A,N/A,allovoisins,general,unknown,N/A,N/A,N/A,on-site,MEDIUM,No,"NLP Analysis: Ambiguous signals (remote: 0, onsite: 0)",N/A,listing_page,No,https://www.allovoisins.com/v/tonte-de-pelouse-debroussaillage
N/A,Recherche Serrurerie à Boucau,France,N/A,N/A,N/A,N/A,allovoisins,general,unknown,N/A,N/A,N/A,on-site,MEDIUM,No,"NLP Analysis: Ambiguous signals (remote: 0, onsite: 0)",N/A,listing_page,No,https://www.allovoisins.com/v/serrurerie
N/A,Cherche Lingerie - Repassage à Bondy,France,N/A,N/A,N/A,N/A,allovoisins,general,unknown,N/A,N/A,N/A,on-site,HIGH,No,Obvious on-site work: repassage,N/A,listing_page,No,https://www.allovoisins.com/v/lingerie-repassage
N/A,Cherche Terrassement - Assainissement ﾃ Hinx,France,N/A,N/A,N/A,N/A,allovoisins,general,unknown,N/A,N/A,N/A,on-site,MEDIUM,No,"NLP Analysis: Ambiguous signals (remote: 0, onsite: 0)",N/A,listing_page,No,https://www.allovoisins.com/v/terrassement-assainissement
N/A,Cherche Photographe à Angoulême,France,N/A,N/A,N/A,N/A,allovoisins,general,unknown,N/A,N/A,N/A,on-site,MEDIUM,No,"NLP Analysis: Ambiguous signals (remote: 0, onsite: 0)",N/A,listing_page,No,https://www.allovoisins.com/v/photographe
N/A,Recherche Réparation vélo - moto à Clermont-Ferrand,France,N/A,N/A,N/A,N/A,allovoisins,general,unknown,N/A,N/A,N/A,on-site,MEDIUM,No,"NLP Analysis: Ambiguous signals (remote: 0, onsite: 0)",N/A,listing_page,No,https://www.allovoisins.com/v/reparation-velo-moto
N/A,Recherche Taille de pierre - Marbrerie à Boëge,France,N/A,N/A,N/A,N/A,allovoisins,general,unknown,N/A,N/A,N/A,on-site,MEDIUM,No,"NLP Analysis: Ambiguous signals (remote: 0, onsite: 0)",N/A,listing_page,No,https://www.allovoisins.com/v/taille-de-pierre-marbrerie
N/A,Recherche Aide à domicile à Élancourt,France,N/A,N/A,N/A,N/A,allovoisins,general,unknown,N/A,N/A,N/A,on-site,HIGH,No,Obvious on-site work: aide à domicile,N/A,listing_page,No,https://www.allovoisins.com/v/aide-a-domicile
N/A,Louer un tracteur de pelouse - Couladère,France,N/A,50€,N/A,N/A,allovoisins,general,employer,N/A,N/A,N/A,on-site,HIGH,No,"LLM: Location d'outils, nécessite présence physique",Durée : 1 jour,detail_page,No,https://www.allovoisins.com/r/0/11/0/0/location-vente/Outillage
N/A,Acheter des chutes - matériaux de récupération - Égliseneuve-près-Billom,France,N/A,1€,N/A,N/A,allovoisins,general,unknown,N/A,N/A,N/A,on-site,MEDIUM,No,"NLP Analysis: Ambiguous signals (remote: 0, onsite: 0)",Durée : 1 jour,detail_page,No,https://www.allovoisins.com/r/0/3/0/0/location-vente/Btp-chantier
N/A,Louer un tracteur de pelouse - Couladère,France,N/A,50€,N/A,N/A,allovoisins,general,employer,N/A,N/A,N/A,on-site,HIGH,No,"LLM: Location d'outils, nécessite présence physique",Durée : 1 jour,detail_page,No,https://www.allovoisins.com/r/0/11/0/0/location-vente/Outillage
N/A,Acheter des chutes - matériaux de récupération - Égliseneuve-près-Billom,France,N/A,1€,N/A,N/A,allovoisins,general,unknown,N/A,N/A,N/A,on-site,MEDIUM,No,"NLP Analysis: Ambiguous signals (remote: 0, onsite: 0)",Durée : 1 jour,detail_page,No,https://www.allovoisins.com/r/0/3/0/0/location-vente/Btp-chantier
N/A,Cherche Aide à domicile à Annecy,France,N/A,N/A,N/A,N/A,allovoisins,general,unknown,N/A,N/A,N/A,on-site,HIGH,No,Obvious on-site work: aide à domicile,N/A,listing_page,No,https://www.allovoisins.com/v/aide-a-domicile
N/A,Recherche Lingerie - Repassage à Vaire,France,N/A,12€ / heure,N/A,N/A,allovoisins,general,unknown,N/A,N/A,N/A,on-site,HIGH,No,Obvious on-site work: repassage,N/A,listing_page,No,https://www.allovoisins.com/v/lingerie-repassage
N/A,Cherche Tonte de pelouse - Débroussaillage à Hyères,France,N/A,N/A,N/A,N/A,allovoisins,general,unknown,N/A,N/A,N/A,on-site,MEDIUM,No,"NLP Analysis: Ambiguous signals (remote: 0, onsite: 0)",N/A,listing_page,No,https://www.allovoisins.com/v/tonte-de-pelouse-debroussaillage
N/A,Louer une remorque auto - Doudeville,France,N/A,29€,N/A,N/A,allovoisins,general,unknown,N/A,N/A,N/A,on-site,MEDIUM,No,"NLP Analysis: Ambiguous signals (remote: 0, onsite: 0)",N/A,listing_page,No,https://www.allovoisins.com/r/0/79/0/0/location-vente/Remorque-accessoires-auto
N/A,Cherche Aide à domicile à Annecy,France,N/A,N/A,N/A,N/A,allovoisins,general,unknown,N/A,N/A,N/A,on-site,HIGH,No,Obvious on-site work: aide à domicile,N/A,listing_page,No,https://www.allovoisins.com/v/aide-a-domicile
N/A,Recherche Lingerie - Repassage à Vaire,France,N/A,12€ / heure,N/A,N/A,allovoisins,general,unknown,N/A,N/A,N/A,on-site,HIGH,No,Obvious on-site work: repassage,N/A,listing_page,No,https://www.allovoisins.com/v/lingerie-repassage
N/A,Cherche Tonte de pelouse - Débroussaillage à Hyères,France,N/A,N/A,N/A,N/A,allovoisins,general,unknown,N/A,N/A,N/A,on-site,MEDIUM,No,"NLP Analysis: Ambiguous signals (remote: 0, onsite: 0)",N/A,listing_page,No,https://www.allovoisins.com/v/tonte-de-pelouse-debroussaillage
N/A,Louer une remorque auto - Doudeville,France,N/A,29€,N/A,N/A,allovoisins,general,unknown,N/A,N/A,N/A,on-site,MEDIUM,No,"NLP Analysis: Ambiguous signals (remote: 0, onsite: 0)",N/A,listing_page,No,https://www.allovoisins.com/r/0/79/0/0/location-vente/Remorque-accessoires-auto
N/A,Louer un tracteur de pelouse - Couladère,France,N/A,50€,N/A,N/A,allovoisins,general,employer,N/A,N/A,N/A,on-site,HIGH,No,"LLM: Location d'outils, nécessite présence physique",Durée : 1 jour,detail_page,No,https://www.allovoisins.com/r/0/11/0/0/location-vente/Outillage
N/A,Acheter des chutes - matériaux de récupération - Égliseneuve-près-Billom,France,N/A,1€,N/A,N/A,allovoisins,general,unknown,N/A,N/A,N/A,on-site,MEDIUM,No,"NLP Analysis: Ambiguous signals (remote: 0, onsite: 0)",Durée : 1 jour,detail_page,No,https://www.allovoisins.com/r/0/3/0/0/location-vente/Btp-chantier
N/A,Cherche Aide à domicile à Annecy,France,N/A,N/A,N/A,N/A,allovoisins,general,unknown,N/A,N/A,N/A,on-site,HIGH,No,Obvious on-site work: aide à domicile,N/A,listing_page,No,https://www.allovoisins.com/v/aide-a-domicile
N/A,Recherche Lingerie - Repassage à Vaire,France,N/A,12€ / heure,N/A,N/A,allovoisins,general,unknown,N/A,N/A,N/A,on-site,HIGH,No,Obvious on-site work: repassage,N/A,listing_page,No,https://www.allovoisins.com/v/lingerie-repassage
N/A,Cherche Tonte de pelouse - Débroussaillage à Hyères,France,N/A,N/A,N/A,N/A,allovoisins,general,unknown,N/A,N/A,N/A,on-site,MEDIUM,No,"NLP Analysis: Ambiguous signals (remote: 0, onsite: 0)",N/A,listing_page,No,https://www.allovoisins.com/v/tonte-de-pelouse-debroussaillage
N/A,Louer une remorque auto - Doudeville,France,N/A,29€,N/A,N/A,allovoisins,general,unknown,N/A,N/A,N/A,on-site,MEDIUM,No,"NLP Analysis: Ambiguous signals (remote: 0, onsite: 0)",N/A,listing_page,No,https://www.allovoisins.com/r/0/79/0/0/location-vente/Remorque-accessoires-auto
N/A,Cherche Aide à domicile à Annecy,France,N/A,N/A,N/A,N/A,allovoisins,general,unknown,N/A,N/A,N/A,on-site,HIGH,No,Obvious on-site work: aide à domicile,N/A,listing_page,No,https://www.allovoisins.com/v/aide-a-domicile
N/A,Recherche Lingerie - Repassage à Vaire,France,N/A,12€ / heure,N/A,N/A,allovoisins,general,unknown,N/A,N/A,N/A,on-site,HIGH,No,Obvious on-site work: repassage,N/A,listing_page,No,https://www.allovoisins.com/v/lingerie-repassage
N/A,Cherche Tonte de pelouse - Débroussaillage à Hyères,France,N/A,N/A,N/A,N/A,allovoisins,general,unknown,N/A,N/A,N/A,on-site,MEDIUM,No,"NLP Analysis: Ambiguous signals (remote: 0, onsite: 0)",N/A,listing_page,No,https://www.allovoisins.com/v/tonte-de-pelouse-debroussaillage
N/A,Louer une remorque auto - Doudeville,France,N/A,29€,N/A,N/A,allovoisins,general,unknown,N/A,N/A,N/A,on-site,MEDIUM,No,"NLP Analysis: Ambiguous signals (remote: 0, onsite: 0)",N/A,listing_page,No,https://www.allovoisins.com/r/0/79/0/0/location-vente/Remorque-accessoires-auto
N/A,Cherche Aide à domicile à Annecy,France,N/A,N/A,N/A,N/A,allovoisins,general,unknown,N/A,N/A,N/A,on-site,HIGH,No,Obvious on-site work: aide à domicile,N/A,listing_page,No,https://www.allovoisins.com/v/aide-a-domicile
N/A,Recherche Lingerie - Repassage à Vaire,France,N/A,12€ / heure,N/A,N/A,allovoisins,general,unknown,N/A,N/A,N/A,on-site,HIGH,No,Obvious on-site work: repassage,N/A,listing_page,No,https://www.allovoisins.com/v/lingerie-repassage
N/A,Cherche Tonte de pelouse - Débroussaillage à Hyères,France,N/A,N/A,N/A,N/A,allovoisins,general,unknown,N/A,N/A,N/A,on-site,MEDIUM,No,"NLP Analysis: Ambiguous signals (remote: 0, onsite: 0)",N/A,listing_page,No,https://www.allovoisins.com/v/tonte-de-pelouse-debroussaillage
N/A,Louer une remorque auto - Doudeville,France,N/A,29€,N/A,N/A,allovoisins,general,unknown,N/A,N/A,N/A,on-site,MEDIUM,No,"NLP Analysis: Ambiguous signals (remote: 0, onsite: 0)",N/A,listing_page,No,https://www.allovoisins.com/r/0/79/0/0/location-vente/Remorque-accessoires-auto
N/A,Cherche Aide à domicile à Annecy,France,N/A,N/A,N/A,N/A,allovoisins,general,unknown,N/A,N/A,N/A,on-site,HIGH,No,Obvious on-site work: aide à domicile,N/A,listing_page,No,https://www.allovoisins.com/v/aide-a-domicile
N/A,Recherche Lingerie - Repassage à Vaire,France,N/A,12€ / heure,N/A,N/A,allovoisins,general,unknown,N/A,N/A,N/A,on-site,HIGH,No,Obvious on-site work: repassage,N/A,listing_page,No,https://www.allovoisins.com/v/lingerie-repassage
N/A,Cherche Tonte de pelouse - Débroussaillage à Hyères,France,N/A,N/A,N/A,N/A,allovoisins,general,unknown,N/A,N/A,N/A,on-site,MEDIUM,No,"NLP Analysis: Ambiguous signals (remote: 0, onsite: 0)",N/A,listing_page,No,https://www.allovoisins.com/v/tonte-de-pelouse-debroussaillage
N/A,Louer une remorque auto - Doudeville,France,N/A,29€,N/A,N/A,allovoisins,general,unknown,N/A,N/A,N/A,on-site,MEDIUM,No,"NLP Analysis: Ambiguous signals (remote: 0, onsite: 0)",N/A,listing_page,No,https://www.allovoisins.com/r/0/79/0/0/location-vente/Remorque-accessoires-auto
N/A,Cherche Aide à domicile à Annecy,France,N/A,N/A,N/A,N/A,allovoisins,general,unknown,N/A,N/A,N/A,on-site,HIGH,No,Obvious on-site work: aide à domicile,N/A,listing_page,No,https://www.allovoisins.com/v/aide-a-domicile
N/A,Recherche Lingerie - Repassage à Vaire,France,N/A,12€ / heure,N/A,N/A,allovoisins,general,unknown,N/A,N/A,N/A,on-site,HIGH,No,Obvious on-site work: repassage,N/A,listing_page,No,https://www.allovoisins.com/v/lingerie-repassage
N/A,Cherche Tonte de pelouse - Débroussaillage à Hyères,France,N/A,N/A,N/A,N/A,allovoisins,general,unknown,N/A,N/A,N/A,on-site,MEDIUM,No,"NLP Analysis: Ambiguous signals (remote: 0, onsite: 0)",N/A,listing_page,No,https://www.allovoisins.com/v/tonte-de-pelouse-debroussaillage
N/A,Louer une remorque auto - Doudeville,France,N/A,29€,N/A,N/A,allovoisins,general,unknown,N/A,N/A,N/A,on-site,MEDIUM,No,"NLP Analysis: Ambiguous signals (remote: 0, onsite: 0)",N/A,listing_page,No,https://www.allovoisins.com/r/0/79/0/0/location-vente/Remorque-accessoires-auto
N/A,Louer un tracteur de pelouse - Couladère,France,N/A,50€,N/A,N/A,allovoisins,general,employer,N/A,N/A,N/A,on-site,HIGH,No,"LLM: Location d'outils, nécessite présence physique",Durée : 1 jour,detail_page,No,https://www.allovoisins.com/r/0/11/0/0/location-vente/Outillage
N/A,Acheter des chutes - matériaux de récupération - Égliseneuve-près-Billom,France,N/A,1€,N/A,N/A,allovoisins,general,unknown,N/A,N/A,N/A,on-site,MEDIUM,No,"NLP Analysis: Ambiguous signals (remote: 0, onsite: 0)",Durée : 1 jour,detail_page,No,https://www.allovoisins.com/r/0/3/0/0/location-vente/Btp-chantier
N/A,Cherche Aide à domicile à Annecy,France,N/A,N/A,N/A,N/A,allovoisins,general,unknown,N/A,N/A,N/A,on-site,HIGH,No,Obvious on-site work: aide à domicile,N/A,listing_page,No,https://www.allovoisins.com/v/aide-a-domicile
N/A,Recherche Lingerie - Repassage à Vaire,France,N/A,12€ / heure,N/A,N/A,allovoisins,general,unknown,N/A,N/A,N/A,on-site,HIGH,No,Obvious on-site work: repassage,N/A,listing_page,No,https://www.allovoisins.com/v/lingerie-repassage
N/A,Cherche Tonte de pelouse - Débroussaillage à Hyères,France,N/A,N/A,N/A,N/A,allovoisins,general,unknown,N/A,N/A,N/A,on-site,MEDIUM,No,"NLP Analysis: Ambiguous signals (remote: 0, onsite: 0)",N/A,listing_page,No,https://www.allovoisins.com/v/tonte-de-pelouse-debroussaillage
N/A,Louer une remorque auto - Doudeville,France,N/A,29€,N/A,N/A,allovoisins,general,unknown,N/A,N/A,N/A,on-site,MEDIUM,No,"NLP Analysis: Ambiguous signals (remote: 0, onsite: 0)",N/A,listing_page,No,https://www.allovoisins.com/r/0/79/0/0/location-vente/Remorque-accessoires-auto
N/A,Louer un tracteur de pelouse - Couladère,France,N/A,50€,N/A,N/A,allovoisins,general,employer,N/A,N/A,N/A,on-site,HIGH,No,"LLM: Location d'outils, nécessite présence physique",Durée : 1 jour,detail_page,No,https://www.allovoisins.com/r/0/11/0/0/location-vente/Outillage
N/A,Acheter des chutes - matériaux de récupération - Égliseneuve-près-Billom,France,N/A,1€,N/A,N/A,allovoisins,general,unknown,N/A,N/A,N/A,on-site,MEDIUM,No,"NLP Analysis: Ambiguous signals (remote: 0, onsite: 0)",Durée : 1 jour,detail_page,No,https://www.allovoisins.com/r/0/3/0/0/location-vente/Btp-chantier
N/A,Louer un tracteur de pelouse - Couladère,France,N/A,50€,N/A,N/A,allovoisins,general,employer,N/A,N/A,N/A,on-site,HIGH,No,"LLM: Location d'outils, nécessite présence physique",Durée : 1 jour,detail_page,No,https://www.allovoisins.com/r/0/11/0/0/location-vente/Outillage
N/A,Acheter des chutes - matériaux de récupération - Égliseneuve-près-Billom,France,N/A,1€,N/A,N/A,allovoisins,general,unknown,N/A,N/A,N/A,on-site,MEDIUM,No,"NLP Analysis: Ambiguous signals (remote: 0, onsite: 0)",Durée : 1 jour,detail_page,No,https://www.allovoisins.com/r/0/3/0/0/location-vente/Btp-chantier
N/A,Cherche Aide à domicile à Annecy,France,N/A,N/A,N/A,N/A,allovoisins,general,unknown,N/A,N/A,N/A,on-site,HIGH,No,Obvious on-site work: aide à domicile,N/A,listing_page,No,https://www.allovoisins.com/v/aide-a-domicile
N/A,Recherche Lingerie - Repassage à Vaire,France,N/A,12€ / heure,N/A,N/A,allovoisins,general,unknown,N/A,N/A,N/A,on-site,HIGH,No,Obvious on-site work: repassage,N/A,listing_page,No,https://www.allovoisins.com/v/lingerie-repassage
N/A,Cherche Tonte de pelouse - Débroussaillage à Hyères,France,N/A,N/A,N/A,N/A,allovoisins,general,unknown,N/A,N/A,N/A,on-site,MEDIUM,No,"NLP Analysis: Ambiguous signals (remote: 0, onsite: 0)",N/A,listing_page,No,https://www.allovoisins.com/v/tonte-de-pelouse-debroussaillage
N/A,Louer une remorque auto - Doudeville,France,N/A,29€,N/A,N/A,allovoisins,general,unknown,N/A,N/A,N/A,on-site,MEDIUM,No,"NLP Analysis: Ambiguous signals (remote: 0, onsite: 0)",N/A,listing_page,No,https://www.allovoisins.com/r/0/79/0/0/location-vente/Remorque-accessoires-auto
N/A,Cherche Aide à domicile à Annecy,France,N/A,N/A,N/A,N/A,allovoisins,general,unknown,N/A,N/A,N/A,on-site,HIGH,No,Obvious on-site work: aide à domicile,N/A,listing_page,No,https://www.allovoisins.com/v/aide-a-domicile
N/A,Recherche Lingerie - Repassage à Vaire,France,N/A,12€ / heure,N/A,N/A,allovoisins,general,unknown,N/A,N/A,N/A,on-site,HIGH,No,Obvious on-site work: repassage,N/A,listing_page,No,https://www.allovoisins.com/v/lingerie-repassage
N/A,Cherche Tonte de pelouse - Débroussaillage à Hyères,France,N/A,N/A,N/A,N/A,allovoisins,general,unknown,N/A,N/A,N/A,on-site,MEDIUM,No,"NLP Analysis: Ambiguous signals (remote: 0, onsite: 0)",N/A,listing_page,No,https://www.allovoisins.com/v/tonte-de-pelouse-debroussaillage
N/A,Louer une remorque auto - Doudeville,France,N/A,29€,N/A,N/A,allovoisins,general,unknown,N/A,N/A,N/A,on-site,MEDIUM,No,"NLP Analysis: Ambiguous signals (remote: 0, onsite: 0)",N/A,listing_page,No,https://www.allovoisins.com/r/0/79/0/0/location-vente/Remorque-accessoires-auto
N/A,Louer un tracteur de pelouse - Couladère,France,N/A,50€,N/A,N/A,allovoisins,general,employer,N/A,N/A,N/A,on-site,HIGH,No,"LLM: Location d'outils, nécessite présence physique",Durée : 1 jour,detail_page,No,https://www.allovoisins.com/r/0/11/0/0/location-vente/Outillage
N/A,Acheter des chutes - matériaux de récupération - Égliseneuve-près-Billom,France,N/A,1€,N/A,N/A,allovoisins,general,unknown,N/A,N/A,N/A,on-site,MEDIUM,No,"NLP Analysis: Ambiguous signals (remote: 0, onsite: 0)",Durée : 1 jour,detail_page,No,https://www.allovoisins.com/r/0/3/0/0/location-vente/Btp-chantier
N/A,Louer un tracteur de pelouse - Couladère,France,N/A,50€,N/A,N/A,allovoisins,general,employer,N/A,N/A,N/A,on-site,HIGH,No,"LLM: Location d'outils, nécessite présence physique",Durée : 1 jour,detail_page,No,https://www.allovoisins.com/r/0/11/0/0/location-vente/Outillage
N/A,Acheter des chutes - matériaux de récupération - Égliseneuve-près-Billom,France,N/A,1€,N/A,N/A,allovoisins,general,unknown,N/A,N/A,N/A,on-site,MEDIUM,No,"NLP Analysis: Ambiguous signals (remote: 0, onsite: 0)",Durée : 1 jour,detail_page,No,https://www.allovoisins.com/r/0/3/0/0/location-vente/Btp-chantier
N/A,Louer un tracteur de pelouse - Couladère,France,N/A,50€,N/A,N/A,allovoisins,general,employer,N/A,N/A,N/A,on-site,HIGH,No,"LLM: Location d'outils, nécessite présence physique",Durée : 1 jour,detail_page,No,https://www.allovoisins.com/r/0/11/0/0/location-vente/Outillage
N/A,Acheter des chutes - matériaux de récupération - Égliseneuve-près-Billom,France,N/A,1€,N/A,N/A,allovoisins,general,unknown,N/A,N/A,N/A,on-site,MEDIUM,No,"NLP Analysis: Ambiguous signals (remote: 0, onsite: 0)",Durée : 1 jour,detail_page,No,https://www.allovoisins.com/r/0/3/0/0/location-vente/Btp-chantier
N/A,Louer un tracteur de pelouse - Couladère,France,N/A,50€,N/A,N/A,allovoisins,general,employer,N/A,N/A,N/A,on-site,HIGH,No,"LLM: Location d'outils, nécessite présence physique",Durée : 1 jour,detail_page,No,https://www.allovoisins.com/r/0/11/0/0/location-vente/Outillage
N/A,Acheter des chutes - matériaux de récupération - Égliseneuve-près-Billom,France,N/A,1€,N/A,N/A,allovoisins,general,unknown,N/A,N/A,N/A,on-site,MEDIUM,No,"NLP Analysis: Ambiguous signals (remote: 0, onsite: 0)",Durée : 1 jour,detail_page,No,https://www.allovoisins.com/r/0/3/0/0/location-vente/Btp-chantier
N/A,Louer un tracteur de pelouse - Couladère,France,N/A,50€,N/A,N/A,allovoisins,general,employer,N/A,N/A,N/A,on-site,HIGH,No,"LLM: Location d'outils, nécessite présence physique",Durée : 1 jour,detail_page,No,https://www.allovoisins.com/r/0/11/0/0/location-vente/Outillage
N/A,Acheter des chutes - matériaux de récupération - Égliseneuve-près-Billom,France,N/A,1€,N/A,N/A,allovoisins,general,unknown,N/A,N/A,N/A,on-site,MEDIUM,No,"NLP Analysis: Ambiguous signals (remote: 0, onsite: 0)",Durée : 1 jour,detail_page,No,https://www.allovoisins.com/r/0/3/0/0/location-vente/Btp-chantier
N/A,Louer un tracteur de pelouse - Couladère,France,N/A,50€,N/A,N/A,allovoisins,general,employer,N/A,N/A,N/A,on-site,HIGH,No,"LLM: Location d'outils, nécessite présence physique",Durée : 1 jour,detail_page,No,https://www.allovoisins.com/r/0/11/0/0/location-vente/Outillage
N/A,Acheter des chutes - matériaux de récupération - Égliseneuve-près-Billom,France,N/A,1€,N/A,N/A,allovoisins,general,unknown,N/A,N/A,N/A,on-site,MEDIUM,No,"NLP Analysis: Ambiguous signals (remote: 0, onsite: 0)",Durée : 1 jour,detail_page,No,https://www.allovoisins.com/r/0/3/0/0/location-vente/Btp-chantier
N/A,Louer un tracteur de pelouse - Couladère,France,N/A,50€,N/A,N/A,allovoisins,general,employer,N/A,N/A,N/A,on-site,HIGH,No,"LLM: Location d'outils, nécessite présence physique",Durée : 1 jour,detail_page,No,https://www.allovoisins.com/r/0/11/0/0/location-vente/Outillage
N/A,Acheter des chutes - matériaux de récupération - Égliseneuve-près-Billom,France,N/A,1€,N/A,N/A,allovoisins,general,unknown,N/A,N/A,N/A,on-site,MEDIUM,No,"NLP Analysis: Ambiguous signals (remote: 0, onsite: 0)",Durée : 1 jour,detail_page,No,https://www.allovoisins.com/r/0/3/0/0/location-vente/Btp-chantier
N/A,Louer un tracteur de pelouse - Couladère,France,N/A,50€,N/A,N/A,allovoisins,general,employer,N/A,N/A,N/A,on-site,HIGH,No,"LLM: Location d'outils, nécessite présence physique",Durée : 1 jour,detail_page,No,https://www.allovoisins.com/r/0/11/0/0/location-vente/Outillage
N/A,Acheter des chutes - matériaux de récupération - Égliseneuve-près-Billom,France,N/A,1€,N/A,N/A,allovoisins,general,unknown,N/A,N/A,N/A,on-site,MEDIUM,No,"NLP Analysis: Ambiguous signals (remote: 0, onsite: 0)",Durée : 1 jour,detail_page,No,https://www.allovoisins.com/r/0/3/0/0/location-vente/Btp-chantier
N/A,Louer un tracteur de pelouse - Couladère,France,N/A,50€,N/A,N/A,allovoisins,general,employer,N/A,N/A,N/A,on-site,HIGH,No,"LLM: Location d'outils, nécessite présence physique",Durée : 1 jour,detail_page,No,https://www.allovoisins.com/r/0/11/0/0/location-vente/Outillage
N/A,Acheter des chutes - matériaux de récupération - Égliseneuve-près-Billom,France,N/A,1€,N/A,N/A,allovoisins,general,unknown,N/A,N/A,N/A,on-site,MEDIUM,No,"NLP Analysis: Ambiguous signals (remote: 0, onsite: 0)",Durée : 1 jour,detail_page,No,https://www.allovoisins.com/r/0/3/0/0/location-vente/Btp-chantier
N/A,Cherche Aide à domicile à Annecy,France,N/A,N/A,N/A,N/A,allovoisins,general,unknown,N/A,N/A,N/A,on-site,HIGH,No,Obvious on-site work: aide à domicile,N/A,listing_page,No,https://www.allovoisins.com/v/aide-a-domicile
N/A,Recherche Lingerie - Repassage à Vaire,France,N/A,12€ / heure,N/A,N/A,allovoisins,general,unknown,N/A,N/A,N/A,on-site,HIGH,No,Obvious on-site work: repassage,N/A,listing_page,No,https://www.allovoisins.com/v/lingerie-repassage
N/A,Cherche Tonte de pelouse - Débroussaillage à Hyères,France,N/A,N/A,N/A,N/A,allovoisins,general,unknown,N/A,N/A,N/A,on-site,MEDIUM,No,"NLP Analysis: Ambiguous signals (remote: 0, onsite: 0)",N/A,listing_page,No,https://www.allovoisins.com/v/tonte-de-pelouse-debroussaillage
N/A,Louer une remorque auto - Doudeville,France,N/A,29€,N/A,N/A,allovoisins,general,unknown,N/A,N/A,N/A,on-site,MEDIUM,No,"NLP Analysis: Ambiguous signals (remote: 0, onsite: 0)",N/A,listing_page,No,https://www.allovoisins.com/r/0/79/0/0/location-vente/Remorque-accessoires-auto
N/A,Louer un tracteur de pelouse - Couladère,France,N/A,50€,N/A,N/A,allovoisins,general,employer,N/A,N/A,N/A,on-site,HIGH,No,"LLM: Location d'outils, nécessite présence physique",Durée : 1 jour,detail_page,No,https://www.allovoisins.com/r/0/11/0/0/location-vente/Outillage
N/A,Acheter des chutes - matériaux de récupération - Égliseneuve-près-Billom,France,N/A,1€,N/A,N/A,allovoisins,general,unknown,N/A,N/A,N/A,on-site,MEDIUM,No,"NLP Analysis: Ambiguous signals (remote: 0, onsite: 0)",Durée : 1 jour,detail_page,No,https://www.allovoisins.com/r/0/3/0/0/location-vente/Btp-chantier
N/A,Louer un tracteur de pelouse - Couladère,France,N/A,50€,N/A,N/A,allovoisins,general,employer,N/A,N/A,N/A,on-site,HIGH,No,"LLM: Location d'outils, nécessite présence physique",Durée : 1 jour,detail_page,No,https://www.allovoisins.com/r/0/11/0/0/location-vente/Outillage
N/A,Acheter des chutes - matériaux de récupération - Égliseneuve-près-Billom,France,N/A,1€,N/A,N/A,allovoisins,general,unknown,N/A,N/A,N/A,on-site,MEDIUM,No,"NLP Analysis: Ambiguous signals (remote: 0, onsite: 0)",Durée : 1 jour,detail_page,No,https://www.allovoisins.com/r/0/3/0/0/location-vente/Btp-chantier
N/A,Cherche Aide à domicile à Annecy,France,N/A,N/A,N/A,N/A,allovoisins,general,unknown,N/A,N/A,N/A,on-site,HIGH,No,Obvious on-site work: aide à domicile,N/A,listing_page,No,https://www.allovoisins.com/v/aide-a-domicile
N/A,Recherche Lingerie - Repassage à Vaire,France,N/A,12€ / heure,N/A,N/A,allovoisins,general,unknown,N/A,N/A,N/A,on-site,HIGH,No,Obvious on-site work: repassage,N/A,listing_page,No,https://www.allovoisins.com/v/lingerie-repassage
N/A,Cherche Tonte de pelouse - Débroussaillage à Hyères,France,N/A,N/A,N/A,N/A,allovoisins,general,unknown,N/A,N/A,N/A,on-site,MEDIUM,No,"NLP Analysis: Ambiguous signals (remote: 0, onsite: 0)",N/A,listing_page,No,https://www.allovoisins.com/v/tonte-de-pelouse-debroussaillage
N/A,Louer une remorque auto - Doudeville,France,N/A,29€,N/A,N/A,allovoisins,general,unknown,N/A,N/A,N/A,on-site,MEDIUM,No,"NLP Analysis: Ambiguous signals (remote: 0, onsite: 0)",N/A,listing_page,No,https://www.allovoisins.com/r/0/79/0/0/location-vente/Remorque-accessoires-auto
N/A,Louer un tracteur de pelouse - Couladère,France,N/A,50€,N/A,N/A,allovoisins,general,employer,N/A,N/A,N/A,on-site,HIGH,No,"LLM: Location d'outils, nécessite présence physique",Durée : 1 jour,detail_page,No,https://www.allovoisins.com/r/0/11/0/0/location-vente/Outillage
N/A,Acheter des chutes - matériaux de récupération - Égliseneuve-près-Billom,France,N/A,1€,N/A,N/A,allovoisins,general,unknown,N/A,N/A,N/A,on-site,MEDIUM,No,"NLP Analysis: Ambiguous signals (remote: 0, onsite: 0)",Durée : 1 jour,detail_page,No,https://www.allovoisins.com/r/0/3/0/0/location-vente/Btp-chantier
N/A,Cherche Aide à domicile à Annecy,France,N/A,N/A,N/A,N/A,allovoisins,general,unknown,N/A,N/A,N/A,on-site,HIGH,No,Obvious on-site work: aide à domicile,N/A,listing_page,No,https://www.allovoisins.com/v/aide-a-domicile
N/A,Recherche Lingerie - Repassage à Vaire,France,N/A,12€ / heure,N/A,N/A,allovoisins,general,unknown,N/A,N/A,N/A,on-site,HIGH,No,Obvious on-site work: repassage,N/A,listing_page,No,https://www.allovoisins.com/v/lingerie-repassage
N/A,Cherche Tonte de pelouse - Débroussaillage à Hyères,France,N/A,N/A,N/A,N/A,allovoisins,general,unknown,N/A,N/A,N/A,on-site,MEDIUM,No,"NLP Analysis: Ambiguous signals (remote: 0, onsite: 0)",N/A,listing_page,No,https://www.allovoisins.com/v/tonte-de-pelouse-debroussaillage
N/A,Louer une remorque auto - Doudeville,France,N/A,29€,N/A,N/A,allovoisins,general,unknown,N/A,N/A,N/A,on-site,MEDIUM,No,"NLP Analysis: Ambiguous signals (remote: 0, onsite: 0)",N/A,listing_page,No,https://www.allovoisins.com/r/0/79/0/0/location-vente/Remorque-accessoires-auto
N/A,Louer un tracteur de pelouse - Couladère,France,N/A,50€,N/A,N/A,allovoisins,general,employer,N/A,N/A,N/A,on-site,HIGH,No,"LLM: Location d'outils, nécessite présence physique",Durée : 1 jour,detail_page,No,https://www.allovoisins.com/r/0/11/0/0/location-vente/Outillage
N/A,Acheter des chutes - matériaux de récupération - Égliseneuve-près-Billom,France,N/A,1€,N/A,N/A,allovoisins,general,unknown,N/A,N/A,N/A,on-site,MEDIUM,No,"NLP Analysis: Ambiguous signals (remote: 0, onsite: 0)",Durée : 1 jour,detail_page,No,https://www.allovoisins.com/r/0/3/0/0/location-vente/Btp-chantier
N/A,Cherche Aide à domicile à Annecy,France,N/A,N/A,N/A,N/A,allovoisins,general,unknown,N/A,N/A,N/A,on-site,HIGH,No,Obvious on-site work: aide à domicile,N/A,listing_page,No,https://www.allovoisins.com/v/aide-a-domicile
N/A,Recherche Lingerie - Repassage à Vaire,France,N/A,12€ / heure,N/A,N/A,allovoisins,general,unknown,N/A,N/A,N/A,on-site,HIGH,No,Obvious on-site work: repassage,N/A,listing_page,No,https://www.allovoisins.com/v/lingerie-repassage
N/A,Cherche Tonte de pelouse - Débroussaillage à Hyères,France,N/A,N/A,N/A,N/A,allovoisins,general,unknown,N/A,N/A,N/A,on-site,MEDIUM,No,"NLP Analysis: Ambiguous signals (remote: 0, onsite: 0)",N/A,listing_page,No,https://www.allovoisins.com/v/tonte-de-pelouse-debroussaillage
N/A,Louer une remorque auto - Doudeville,France,N/A,29€,N/A,N/A,allovoisins,general,unknown,N/A,N/A,N/A,on-site,MEDIUM,No,"NLP Analysis: Ambiguous signals (remote: 0, onsite: 0)",N/A,listing_page,No,https://www.allovoisins.com/r/0/79/0/0/location-vente/Remorque-accessoires-auto
N/A,Louer un tracteur de pelouse - Couladère,France,N/A,50€,N/A,N/A,allovoisins,general,employer,N/A,N/A,N/A,on-site,HIGH,No,"LLM: Location d'outils, nécessite présence physique",Durée : 1 jour,detail_page,No,https://www.allovoisins.com/r/0/11/0/0/location-vente/Outillage
N/A,Acheter des chutes - matériaux de récupération - Égliseneuve-près-Billom,France,N/A,1€,N/A,N/A,allovoisins,general,unknown,N/A,N/A,N/A,on-site,MEDIUM,No,"NLP Analysis: Ambiguous signals (remote: 0, onsite: 0)",Durée : 1 jour,detail_page,No,https://www.allovoisins.com/r/0/3/0/0/location-vente/Btp-chantier
N/A,Cherche Aide à domicile à Annecy,France,N/A,N/A,N/A,N/A,allovoisins,general,unknown,N/A,N/A,N/A,on-site,HIGH,No,Obvious on-site work: aide à domicile,N/A,listing_page,No,https://www.allovoisins.com/v/aide-a-domicile
N/A,Recherche Lingerie - Repassage à Vaire,France,N/A,12€ / heure,N/A,N/A,allovoisins,general,unknown,N/A,N/A,N/A,on-site,HIGH,No,Obvious on-site work: repassage,N/A,listing_page,No,https://www.allovoisins.com/v/lingerie-repassage
N/A,Cherche Tonte de pelouse - Débroussaillage à Hyères,France,N/A,N/A,N/A,N/A,allovoisins,general,unknown,N/A,N/A,N/A,on-site,MEDIUM,No,"NLP Analysis: Ambiguous signals (remote: 0, onsite: 0)",N/A,listing_page,No,https://www.allovoisins.com/v/tonte-de-pelouse-debroussaillage
N/A,Louer une remorque auto - Doudeville,France,N/A,29€,N/A,N/A,allovoisins,general,unknown,N/A,N/A,N/A,on-site,MEDIUM,No,"NLP Analysis: Ambiguous signals (remote: 0, onsite: 0)",N/A,listing_page,No,https://www.allovoisins.com/r/0/79/0/0/location-vente/Remorque-accessoires-auto
N/A,Cherche Aide à domicile à Annecy,France,N/A,N/A,N/A,N/A,allovoisins,general,unknown,N/A,N/A,N/A,on-site,HIGH,No,Obvious on-site work: aide à domicile,N/A,listing_page,No,https://www.allovoisins.com/v/aide-a-domicile
N/A,Recherche Lingerie - Repassage à Vaire,France,N/A,12€ / heure,N/A,N/A,allovoisins,general,unknown,N/A,N/A,N/A,on-site,HIGH,No,Obvious on-site work: repassage,N/A,listing_page,No,https://www.allovoisins.com/v/lingerie-repassage
N/A,Cherche Tonte de pelouse - Débroussaillage à Hyères,France,N/A,N/A,N/A,N/A,allovoisins,general,unknown,N/A,N/A,N/A,on-site,MEDIUM,No,"NLP Analysis: Ambiguous signals (remote: 0, onsite: 0)",N/A,listing_page,No,https://www.allovoisins.com/v/tonte-de-pelouse-debroussaillage
N/A,Louer une remorque auto - Doudeville,France,N/A,29€,N/A,N/A,allovoisins,general,unknown,N/A,N/A,N/A,on-site,MEDIUM,No,"NLP Analysis: Ambiguous signals (remote: 0, onsite: 0)",N/A,listing_page,No,https://www.allovoisins.com/r/0/79/0/0/location-vente/Remorque-accessoires-auto
N/A,Louer un tracteur de pelouse - Couladère,France,N/A,50€,N/A,N/A,allovoisins,general,employer,N/A,N/A,N/A,on-site,HIGH,No,"LLM: Location d'outils, nécessite présence physique",Durée : 1 jour,detail_page,No,https://www.allovoisins.com/r/0/11/0/0/location-vente/Outillage
N/A,Acheter des chutes - matériaux de récupération - Égliseneuve-près-Billom,France,N/A,1€,N/A,N/A,allovoisins,general,unknown,N/A,N/A,N/A,on-site,MEDIUM,No,"NLP Analysis: Ambiguous signals (remote: 0, onsite: 0)",Durée : 1 jour,detail_page,No,https://www.allovoisins.com/r/0/3/0/0/location-vente/Btp-chantier
N/A,Cherche Aide à domicile à Annecy,France,N/A,N/A,N/A,N/A,allovoisins,general,unknown,N/A,N/A,N/A,on-site,HIGH,No,Obvious on-site work: aide à domicile,N/A,listing_page,No,https://www.allovoisins.com/v/aide-a-domicile
N/A,Recherche Lingerie - Repassage à Vaire,France,N/A,12€ / heure,N/A,N/A,allovoisins,general,unknown,N/A,N/A,N/A,on-site,HIGH,No,Obvious on-site work: repassage,N/A,listing_page,No,https://www.allovoisins.com/v/lingerie-repassage
N/A,Cherche Tonte de pelouse - Débroussaillage à Hyères,France,N/A,N/A,N/A,N/A,allovoisins,general,unknown,N/A,N/A,N/A,on-site,MEDIUM,No,"NLP Analysis: Ambiguous signals (remote: 0, onsite: 0)",N/A,listing_page,No,https://www.allovoisins.com/v/tonte-de-pelouse-debroussaillage
N/A,Louer une remorque auto - Doudeville,France,N/A,29€,N/A,N/A,allovoisins,general,unknown,N/A,N/A,N/A,on-site,MEDIUM,No,"NLP Analysis: Ambiguous signals (remote: 0, onsite: 0)",N/A,listing_page,No,https://www.allovoisins.com/r/0/79/0/0/location-vente/Remorque-accessoires-auto
N/A,Louer un tracteur de pelouse - Couladère,France,N/A,50€,N/A,N/A,allovoisins,general,employer,N/A,N/A,N/A,on-site,HIGH,No,"LLM: Location d'outils, nécessite présence physique",Durée : 1 jour,detail_page,No,https://www.allovoisins.com/r/0/11/0/0/location-vente/Outillage
N/A,Acheter des chutes - matériaux de récupération - Égliseneuve-près-Billom,France,N/A,1€,N/A,N/A,allovoisins,general,unknown,N/A,N/A,N/A,on-site,MEDIUM,No,"NLP Analysis: Ambiguous signals (remote: 0, onsite: 0)",Durée : 1 jour,detail_page,No,https://www.allovoisins.com/r/0/3/0/0/location-vente/Btp-chantier
N/A,Louer un tracteur de pelouse - Couladère,France,N/A,50€,N/A,N/A,allovoisins,general,employer,N/A,N/A,N/A,on-site,HIGH,No,"LLM: Location d'outils, nécessite présence physique",Durée : 1 jour,detail_page,No,https://www.allovoisins.com/r/0/11/0/0/location-vente/Outillage
N/A,Acheter des chutes - matériaux de récupération - Égliseneuve-près-Billom,France,N/A,1€,N/A,N/A,allovoisins,general,unknown,N/A,N/A,N/A,on-site,MEDIUM,No,"NLP Analysis: Ambiguous signals (remote: 0, onsite: 0)",Durée : 1 jour,detail_page,No,https://www.allovoisins.com/r/0/3/0/0/location-vente/Btp-chantier
N/A,Cherche Aide à domicile à Annecy,France,N/A,N/A,N/A,N/A,allovoisins,general,unknown,N/A,N/A,N/A,on-site,HIGH,No,Obvious on-site work: aide à domicile,N/A,listing_page,No,https://www.allovoisins.com/v/aide-a-domicile
N/A,Recherche Lingerie - Repassage à Vaire,France,N/A,12€ / heure,N/A,N/A,allovoisins,general,unknown,N/A,N/A,N/A,on-site,HIGH,No,Obvious on-site work: repassage,N/A,listing_page,No,https://www.allovoisins.com/v/lingerie-repassage
N/A,Cherche Tonte de pelouse - Débroussaillage à Hyères,France,N/A,N/A,N/A,N/A,allovoisins,general,unknown,N/A,N/A,N/A,on-site,MEDIUM,No,"NLP Analysis: Ambiguous signals (remote: 0, onsite: 0)",N/A,listing_page,No,https://www.allovoisins.com/v/tonte-de-pelouse-debroussaillage
N/A,Louer une remorque auto - Doudeville,France,N/A,29€,N/A,N/A,allovoisins,general,unknown,N/A,N/A,N/A,on-site,MEDIUM,No,"NLP Analysis: Ambiguous signals (remote: 0, onsite: 0)",N/A,listing_page,No,https://www.allovoisins.com/r/0/79/0/0/location-vente/Remorque-accessoires-auto
N/A,Louer un tracteur de pelouse - Couladère,France,N/A,50€,N/A,N/A,allovoisins,general,employer,N/A,N/A,N/A,on-site,HIGH,No,"LLM: Location d'outils, nécessite présence physique",Durée : 1 jour,detail_page,No,https://www.allovoisins.com/r/0/11/0/0/location-vente/Outillage
N/A,Acheter des chutes - matériaux de récupération - Égliseneuve-près-Billom,France,N/A,1€,N/A,N/A,allovoisins,general,unknown,N/A,N/A,N/A,on-site,MEDIUM,No,"NLP Analysis: Ambiguous signals (remote: 0, onsite: 0)",Durée : 1 jour,detail_page,No,https://www.allovoisins.com/r/0/3/0/0/location-vente/Btp-chantier
N/A,Cherche Aide à domicile à Annecy,France,N/A,N/A,N/A,N/A,allovoisins,general,unknown,N/A,N/A,N/A,on-site,HIGH,No,Obvious on-site work: aide à domicile,N/A,listing_page,No,https://www.allovoisins.com/v/aide-a-domicile
N/A,Recherche Lingerie - Repassage à Vaire,France,N/A,12€ / heure,N/A,N/A,allovoisins,general,unknown,N/A,N/A,N/A,on-site,HIGH,No,Obvious on-site work: repassage,N/A,listing_page,No,https://www.allovoisins.com/v/lingerie-repassage
N/A,Cherche Tonte de pelouse - Débroussaillage à Hyères,France,N/A,N/A,N/A,N/A,allovoisins,general,unknown,N/A,N/A,N/A,on-site,MEDIUM,No,"NLP Analysis: Ambiguous signals (remote: 0, onsite: 0)",N/A,listing_page,No,https://www.allovoisins.com/v/tonte-de-pelouse-debroussaillage
N/A,Louer une remorque auto - Doudeville,France,N/A,29€,N/A,N/A,allovoisins,general,unknown,N/A,N/A,N/A,on-site,MEDIUM,No,"NLP Analysis: Ambiguous signals (remote: 0, onsite: 0)",N/A,listing_page,No,https://www.allovoisins.com/r/0/79/0/0/location-vente/Remorque-accessoires-auto
N/A,Louer un lève portes / lève meubles - Offranville,France,N/A,5€,N/A,N/A,allovoisins,general,unknown,N/A,N/A,N/A,on-site,MEDIUM,No,"NLP Analysis: Ambiguous signals (remote: 0, onsite: 0)",Durée : 1 jour,detail_page,No,https://www.allovoisins.com/r/0/7/0/0/location-vente/Manutention
N/A,Recherche Home sitting - Accueil - Gardiennage à Erquy,France,N/A,N/A,N/A,N/A,allovoisins,general,unknown,N/A,N/A,N/A,on-site,MEDIUM,No,"NLP Analysis: Ambiguous signals (remote: 0, onsite: 0)",N/A,listing_page,No,https://www.allovoisins.com/v/home-sitting-accueil-gardiennage
N/A,Louer une tondeuse à gazon - Lunel,France,N/A,15€,N/A,N/A,allovoisins,general,employer,N/A,N/A,N/A,on-site,HIGH,No,"LLM: Location d'outils, nécessite présence physique",Durée : 1 jour,detail_page,No,https://www.allovoisins.com/r/0/11/0/0/location-vente/Outillage
N/A,Recherche Pose de parquet - Revêtement de sol à Fontaine,France,N/A,N/A,N/A,N/A,allovoisins,general,unknown,N/A,N/A,N/A,on-site,MEDIUM,No,"NLP Analysis: Ambiguous signals (remote: 0, onsite: 0)",N/A,listing_page,No,https://www.allovoisins.com/v/pose-de-parquet-revetement-de-sol
N/A,Louer un lève portes / lève meubles - Offranville,France,N/A,5€,N/A,N/A,allovoisins,general,unknown,N/A,N/A,N/A,on-site,MEDIUM,No,"NLP Analysis: Ambiguous signals (remote: 0, onsite: 0)",Durée : 1 jour,detail_page,No,https://www.allovoisins.com/r/0/7/0/0/location-vente/Manutention
N/A,Recherche Home sitting - Accueil - Gardiennage à Erquy,France,N/A,N/A,N/A,N/A,allovoisins,general,unknown,N/A,N/A,N/A,on-site,MEDIUM,No,"NLP Analysis: Ambiguous signals (remote: 0, onsite: 0)",N/A,listing_page,No,https://www.allovoisins.com/v/home-sitting-accueil-gardiennage
N/A,Louer une tondeuse à gazon - Lunel,France,N/A,15€,N/A,N/A,allovoisins,general,employer,N/A,N/A,N/A,on-site,HIGH,No,"LLM: Location d'outils, nécessite présence physique",Durée : 1 jour,detail_page,No,https://www.allovoisins.com/r/0/11/0/0/location-vente/Outillage
N/A,Recherche Pose de parquet - Revêtement de sol à Fontaine,France,N/A,N/A,N/A,N/A,allovoisins,general,unknown,N/A,N/A,N/A,on-site,MEDIUM,No,"NLP Analysis: Ambiguous signals (remote: 0, onsite: 0)",N/A,listing_page,No,https://www.allovoisins.com/v/pose-de-parquet-revetement-de-sol
N/A,Louer un lève portes / lève meubles - Offranville,France,N/A,5€,N/A,N/A,allovoisins,general,unknown,N/A,N/A,N/A,on-site,MEDIUM,No,"NLP Analysis: Ambiguous signals (remote: 0, onsite: 0)",Durée : 1 jour,detail_page,No,https://www.allovoisins.com/r/0/7/0/0/location-vente/Manutention
N/A,Recherche Home sitting - Accueil - Gardiennage à Erquy,France,N/A,N/A,N/A,N/A,allovoisins,general,unknown,N/A,N/A,N/A,on-site,MEDIUM,No,"NLP Analysis: Ambiguous signals (remote: 0, onsite: 0)",N/A,listing_page,No,https://www.allovoisins.com/v/home-sitting-accueil-gardiennage
N/A,Louer une tondeuse à gazon - Lunel,France,N/A,15€,N/A,N/A,allovoisins,general,employer,N/A,N/A,N/A,on-site,HIGH,No,"LLM: Location d'outils, nécessite présence physique",Durée : 1 jour,detail_page,No,https://www.allovoisins.com/r/0/11/0/0/location-vente/Outillage
N/A,Recherche Pose de parquet - Revêtement de sol à Fontaine,France,N/A,N/A,N/A,N/A,allovoisins,general,unknown,N/A,N/A,N/A,on-site,MEDIUM,No,"NLP Analysis: Ambiguous signals (remote: 0, onsite: 0)",N/A,listing_page,No,https://www.allovoisins.com/v/pose-de-parquet-revetement-de-sol
N/A,Cherche Aide à domicile à Annecy,France,N/A,N/A,N/A,N/A,allovoisins,general,unknown,N/A,N/A,N/A,on-site,HIGH,No,Obvious on-site work: aide à domicile,N/A,listing_page,No,https://www.allovoisins.com/v/aide-a-domicile
N/A,Recherche Lingerie - Repassage à Vaire,France,N/A,12€ / heure,N/A,N/A,allovoisins,general,unknown,N/A,N/A,N/A,on-site,HIGH,No,Obvious on-site work: repassage,N/A,listing_page,No,https://www.allovoisins.com/v/lingerie-repassage
N/A,Cherche Tonte de pelouse - Débroussaillage à Hyères,France,N/A,N/A,N/A,N/A,allovoisins,general,unknown,N/A,N/A,N/A,on-site,MEDIUM,No,"NLP Analysis: Ambiguous signals (remote: 0, onsite: 0)",N/A,listing_page,No,https://www.allovoisins.com/v/tonte-de-pelouse-debroussaillage
N/A,Louer une remorque auto - Doudeville,France,N/A,29€,N/A,N/A,allovoisins,general,unknown,N/A,N/A,N/A,on-site,MEDIUM,No,"NLP Analysis: Ambiguous signals (remote: 0, onsite: 0)",N/A,listing_page,No,https://www.allovoisins.com/r/0/79/0/0/location-vente/Remorque-accessoires-auto
N/A,Cherche Aide à domicile à Annecy,France,N/A,N/A,N/A,N/A,allovoisins,general,unknown,N/A,N/A,N/A,on-site,HIGH,No,Obvious on-site work: aide à domicile,N/A,listing_page,No,https://www.allovoisins.com/v/aide-a-domicile
N/A,Recherche Lingerie - Repassage à Vaire,France,N/A,12€ / heure,N/A,N/A,allovoisins,general,unknown,N/A,N/A,N/A,on-site,HIGH,No,Obvious on-site work: repassage,N/A,listing_page,No,https://www.allovoisins.com/v/lingerie-repassage
N/A,Cherche Tonte de pelouse - Débroussaillage à Hyères,France,N/A,N/A,N/A,N/A,allovoisins,general,unknown,N/A,N/A,N/A,on-site,MEDIUM,No,"NLP Analysis: Ambiguous signals (remote: 0, onsite: 0)",N/A,listing_page,No,https://www.allovoisins.com/v/tonte-de-pelouse-debroussaillage
N/A,Louer une remorque auto - Doudeville,France,N/A,29€,N/A,N/A,allovoisins,general,unknown,N/A,N/A,N/A,on-site,MEDIUM,No,"NLP Analysis: Ambiguous signals (remote: 0, onsite: 0)",N/A,listing_page,No,https://www.allovoisins.com/r/0/79/0/0/location-vente/Remorque-accessoires-auto
N/A,Cherche Aide à domicile à Annecy,France,N/A,N/A,N/A,N/A,allovoisins,general,unknown,N/A,N/A,N/A,on-site,HIGH,No,Obvious on-site work: aide à domicile,N/A,listing_page,No,https://www.allovoisins.com/v/aide-a-domicile
N/A,Recherche Lingerie - Repassage à Vaire,France,N/A,12€ / heure,N/A,N/A,allovoisins,general,unknown,N/A,N/A,N/A,on-site,HIGH,No,Obvious on-site work: repassage,N/A,listing_page,No,https://www.allovoisins.com/v/lingerie-repassage
N/A,Cherche Tonte de pelouse - Débroussaillage à Hyères,France,N/A,N/A,N/A,N/A,allovoisins,general,unknown,N/A,N/A,N/A,on-site,MEDIUM,No,"NLP Analysis: Ambiguous signals (remote: 0, onsite: 0)",N/A,listing_page,No,https://www.allovoisins.com/v/tonte-de-pelouse-debroussaillage
N/A,Louer une remorque auto - Doudeville,France,N/A,29€,N/A,N/A,allovoisins,general,unknown,N/A,N/A,N/A,on-site,MEDIUM,No,"NLP Analysis: Ambiguous signals (remote: 0, onsite: 0)",N/A,listing_page,No,https://www.allovoisins.com/r/0/79/0/0/location-vente/Remorque-accessoires-auto
N/A,Cherche Aide à domicile à Annecy,France,N/A,N/A,N/A,N/A,allovoisins,general,unknown,N/A,N/A,N/A,on-site,HIGH,No,Obvious on-site work: aide à domicile,N/A,listing_page,No,https://www.allovoisins.com/v/aide-a-domicile
N/A,Recherche Lingerie - Repassage à Vaire,France,N/A,12€ / heure,N/A,N/A,allovoisins,general,unknown,N/A,N/A,N/A,on-site,HIGH,No,Obvious on-site work: repassage,N/A,listing_page,No,https://www.allovoisins.com/v/lingerie-repassage
N/A,Cherche Tonte de pelouse - Débroussaillage à Hyères,France,N/A,N/A,N/A,N/A,allovoisins,general,unknown,N/A,N/A,N/A,on-site,MEDIUM,No,"NLP Analysis: Ambiguous signals (remote: 0, onsite: 0)",N/A,listing_page,No,https://www.allovoisins.com/v/tonte-de-pelouse-debroussaillage
N/A,Louer une remorque auto - Doudeville,France,N/A,29€,N/A,N/A,allovoisins,general,unknown,N/A,N/A,N/A,on-site,MEDIUM,No,"NLP Analysis: Ambiguous signals (remote: 0, onsite: 0)",N/A,listing_page,No,https://www.allovoisins.com/r/0/79/0/0/location-vente/Remorque-accessoires-auto
N/A,Louer un tracteur de pelouse - Couladère,France,N/A,50€,N/A,N/A,allovoisins,general,employer,N/A,N/A,N/A,on-site,HIGH,No,"LLM: Location d'outils, nécessite présence physique",Durée : 1 jour,detail_page,No,https://www.allovoisins.com/r/0/11/0/0/location-vente/Outillage
N/A,Acheter des chutes - matériaux de récupération - Égliseneuve-près-Billom,France,N/A,1€,N/A,N/A,allovoisins,general,unknown,N/A,N/A,N/A,on-site,MEDIUM,No,"NLP Analysis: Ambiguous signals (remote: 0, onsite: 0)",Durée : 1 jour,detail_page,No,https://www.allovoisins.com/r/0/3/0/0/location-vente/Btp-chantier
N/A,Louer un lève portes / lève meubles - Offranville,France,N/A,5€,N/A,N/A,allovoisins,general,unknown,N/A,N/A,N/A,on-site,MEDIUM,No,"NLP Analysis: Ambiguous signals (remote: 0, onsite: 0)",Durée : 1 jour,detail_page,No,https://www.allovoisins.com/r/0/7/0/0/location-vente/Manutention
N/A,Recherche Home sitting - Accueil - Gardiennage à Erquy,France,N/A,N/A,N/A,N/A,allovoisins,general,unknown,N/A,N/A,N/A,on-site,MEDIUM,No,"NLP Analysis: Ambiguous signals (remote: 0, onsite: 0)",N/A,listing_page,No,https://www.allovoisins.com/v/home-sitting-accueil-gardiennage
N/A,Louer une tondeuse à gazon - Lunel,France,N/A,15€,N/A,N/A,allovoisins,general,employer,N/A,N/A,N/A,on-site,HIGH,No,"LLM: Location d'outils, nécessite présence physique",Durée : 1 jour,detail_page,No,https://www.allovoisins.com/r/0/11/0/0/location-vente/Outillage
N/A,Recherche Pose de parquet - Revêtement de sol à Fontaine,France,N/A,N/A,N/A,N/A,allovoisins,general,unknown,N/A,N/A,N/A,on-site,MEDIUM,No,"NLP Analysis: Ambiguous signals (remote: 0, onsite: 0)",N/A,listing_page,No,https://www.allovoisins.com/v/pose-de-parquet-revetement-de-sol
N/A,Louer un tracteur de pelouse - Couladère,France,N/A,50€,N/A,N/A,allovoisins,general,employer,N/A,N/A,N/A,on-site,HIGH,No,"LLM: Location d'outils, nécessite présence physique",Durée : 1 jour,detail_page,No,https://www.allovoisins.com/r/0/11/0/0/location-vente/Outillage
N/A,Acheter des chutes - matériaux de récupération - Égliseneuve-près-Billom,France,N/A,1€,N/A,N/A,allovoisins,general,unknown,N/A,N/A,N/A,on-site,MEDIUM,No,"NLP Analysis: Ambiguous signals (remote: 0, onsite: 0)",Durée : 1 jour,detail_page,No,https://www.allovoisins.com/r/0/3/0/0/location-vente/Btp-chantier
N/A,Louer un lève portes / lève meubles - Offranville,France,N/A,5€,N/A,N/A,allovoisins,general,unknown,N/A,N/A,N/A,on-site,MEDIUM,No,"NLP Analysis: Ambiguous signals (remote: 0, onsite: 0)",Durée : 1 jour,detail_page,No,https://www.allovoisins.com/r/0/7/0/0/location-vente/Manutention
N/A,Recherche Home sitting - Accueil - Gardiennage à Erquy,France,N/A,N/A,N/A,N/A,allovoisins,general,unknown,N/A,N/A,N/A,on-site,MEDIUM,No,"NLP Analysis: Ambiguous signals (remote: 0, onsite: 0)",N/A,listing_page,No,https://www.allovoisins.com/v/home-sitting-accueil-gardiennage
N/A,Louer une tondeuse à gazon - Lunel,France,N/A,15€,N/A,N/A,allovoisins,general,employer,N/A,N/A,N/A,on-site,HIGH,No,"LLM: Location d'outils, nécessite présence physique",Durée : 1 jour,detail_page,No,https://www.allovoisins.com/r/0/11/0/0/location-vente/Outillage
N/A,Recherche Pose de parquet - Revêtement de sol à Fontaine,France,N/A,N/A,N/A,N/A,allovoisins,general,unknown,N/A,N/A,N/A,on-site,MEDIUM,No,"NLP Analysis: Ambiguous signals (remote: 0, onsite: 0)",N/A,listing_page,No,https://www.allovoisins.com/v/pose-de-parquet-revetement-de-sol
N/A,Louer un lève portes / lève meubles - Offranville,France,N/A,5€,N/A,N/A,allovoisins,general,unknown,N/A,N/A,N/A,on-site,MEDIUM,No,"NLP Analysis: Ambiguous signals (remote: 0, onsite: 0)",Durée : 1 jour,detail_page,No,https://www.allovoisins.com/r/0/7/0/0/location-vente/Manutention
N/A,Recherche Home sitting - Accueil - Gardiennage à Erquy,France,N/A,N/A,N/A,N/A,allovoisins,general,unknown,N/A,N/A,N/A,on-site,MEDIUM,No,"NLP Analysis: Ambiguous signals (remote: 0, onsite: 0)",N/A,listing_page,No,https://www.allovoisins.com/v/home-sitting-accueil-gardiennage
N/A,Louer une tondeuse à gazon - Lunel,France,N/A,15€,N/A,N/A,allovoisins,general,employer,N/A,N/A,N/A,on-site,HIGH,No,"LLM: Location d'outils, nécessite présence physique",Durée : 1 jour,detail_page,No,https://www.allovoisins.com/r/0/11/0/0/location-vente/Outillage
N/A,Recherche Pose de parquet - Revêtement de sol à Fontaine,France,N/A,N/A,N/A,N/A,allovoisins,general,unknown,N/A,N/A,N/A,on-site,MEDIUM,No,"NLP Analysis: Ambiguous signals (remote: 0, onsite: 0)",N/A,listing_page,No,https://www.allovoisins.com/v/pose-de-parquet-revetement-de-sol
N/A,Louer un tracteur de pelouse - Couladère,France,N/A,50€,N/A,N/A,allovoisins,general,employer,N/A,N/A,N/A,on-site,HIGH,No,"LLM: Location d'outils, nécessite présence physique",Durée : 1 jour,detail_page,No,https://www.allovoisins.com/r/0/11/0/0/location-vente/Outillage
N/A,Acheter des chutes - matériaux de récupération - Égliseneuve-près-Billom,France,N/A,1€,N/A,N/A,allovoisins,general,unknown,N/A,N/A,N/A,on-site,MEDIUM,No,"NLP Analysis: Ambiguous signals (remote: 0, onsite: 0)",Durée : 1 jour,detail_page,No,https://www.allovoisins.com/r/0/3/0/0/location-vente/Btp-chantier
N/A,Louer un tracteur de pelouse - Couladère,France,N/A,50€,N/A,N/A,allovoisins,general,employer,N/A,N/A,N/A,on-site,HIGH,No,"LLM: Location d'outils, nécessite présence physique",Durée : 1 jour,detail_page,No,https://www.allovoisins.com/r/0/11/0/0/location-vente/Outillage
N/A,Acheter des chutes - matériaux de récupération - Égliseneuve-près-Billom,France,N/A,1€,N/A,N/A,allovoisins,general,unknown,N/A,N/A,N/A,on-site,MEDIUM,No,"NLP Analysis: Ambiguous signals (remote: 0, onsite: 0)",Durée : 1 jour,detail_page,No,https://www.allovoisins.com/r/0/3/0/0/location-vente/Btp-chantier
N/A,Louer un tracteur de pelouse - Couladère,France,N/A,50€,N/A,N/A,allovoisins,general,employer,N/A,N/A,N/A,on-site,HIGH,No,"LLM: Location d'outils, nécessite présence physique",Durée : 1 jour,detail_page,No,https://www.allovoisins.com/r/0/11/0/0/location-vente/Outillage
N/A,Acheter des chutes - matériaux de récupération - Égliseneuve-près-Billom,France,N/A,1€,N/A,N/A,allovoisins,general,unknown,N/A,N/A,N/A,on-site,MEDIUM,No,"NLP Analysis: Ambiguous signals (remote: 0, onsite: 0)",Durée : 1 jour,detail_page,No,https://www.allovoisins.com/r/0/3/0/0/location-vente/Btp-chantier
N/A,Cherche Aide à domicile à Annecy,France,N/A,N/A,N/A,N/A,allovoisins,general,unknown,N/A,N/A,N/A,on-site,HIGH,No,Obvious on-site work: aide à domicile,N/A,listing_page,No,https://www.allovoisins.com/v/aide-a-domicile
N/A,Recherche Lingerie - Repassage à Vaire,France,N/A,12€ / heure,N/A,N/A,allovoisins,general,unknown,N/A,N/A,N/A,on-site,HIGH,No,Obvious on-site work: repassage,N/A,listing_page,No,https://www.allovoisins.com/v/lingerie-repassage
N/A,Cherche Tonte de pelouse - Débroussaillage à Hyères,France,N/A,N/A,N/A,N/A,allovoisins,general,unknown,N/A,N/A,N/A,on-site,MEDIUM,No,"NLP Analysis: Ambiguous signals (remote: 0, onsite: 0)",N/A,listing_page,No,https://www.allovoisins.com/v/tonte-de-pelouse-debroussaillage
N/A,Louer une remorque auto - Doudeville,France,N/A,29€,N/A,N/A,allovoisins,general,unknown,N/A,N/A,N/A,on-site,MEDIUM,No,"NLP Analysis: Ambiguous signals (remote: 0, onsite: 0)",N/A,listing_page,No,https://www.allovoisins.com/r/0/79/0/0/location-vente/Remorque-accessoires-auto
N/A,Louer un tracteur de pelouse - Couladère,France,N/A,50€,N/A,N/A,allovoisins,general,employer,N/A,N/A,N/A,on-site,HIGH,No,"LLM: Location d'outils, nécessite présence physique",Durée : 1 jour,detail_page,No,https://www.allovoisins.com/r/0/11/0/0/location-vente/Outillage
N/A,Acheter des chutes - matériaux de récupération - Égliseneuve-près-Billom,France,N/A,1€,N/A,N/A,allovoisins,general,unknown,N/A,N/A,N/A,on-site,MEDIUM,No,"NLP Analysis: Ambiguous signals (remote: 0, onsite: 0)",Durée : 1 jour,detail_page,No,https://www.allovoisins.com/r/0/3/0/0/location-vente/Btp-chantier
N/A,Louer un tracteur de pelouse - Couladère,France,N/A,50€,N/A,N/A,allovoisins,general,employer,N/A,N/A,N/A,on-site,HIGH,No,"LLM: Location d'outils, nécessite présence physique",Durée : 1 jour,detail_page,No,https://www.allovoisins.com/r/0/11/0/0/location-vente/Outillage
N/A,Acheter des chutes - matériaux de récupération - Égliseneuve-près-Billom,France,N/A,1€,N/A,N/A,allovoisins,general,unknown,N/A,N/A,N/A,on-site,MEDIUM,No,"NLP Analysis: Ambiguous signals (remote: 0, onsite: 0)",Durée : 1 jour,detail_page,No,https://www.allovoisins.com/r/0/3/0/0/location-vente/Btp-chantier
N/A,Louer un lève portes / lève meubles - Offranville,France,N/A,5€,N/A,N/A,allovoisins,general,unknown,N/A,N/A,N/A,on-site,MEDIUM,No,"NLP Analysis: Ambiguous signals (remote: 0, onsite: 0)",Durée : 1 jour,detail_page,No,https://www.allovoisins.com/r/0/7/0/0/location-vente/Manutention
N/A,Recherche Home sitting - Accueil - Gardiennage à Erquy,France,N/A,N/A,N/A,N/A,allovoisins,general,unknown,N/A,N/A,N/A,on-site,MEDIUM,No,"NLP Analysis: Ambiguous signals (remote: 0, onsite: 0)",N/A,listing_page,No,https://www.allovoisins.com/v/home-sitting-accueil-gardiennage
N/A,Louer une tondeuse à gazon - Lunel,France,N/A,15€,N/A,N/A,allovoisins,general,employer,N/A,N/A,N/A,on-site,HIGH,No,"LLM: Location d'outils, nécessite présence physique",Durée : 1 jour,detail_page,No,https://www.allovoisins.com/r/0/11/0/0/location-vente/Outillage
N/A,Recherche Pose de parquet - Revêtement de sol à Fontaine,France,N/A,N/A,N/A,N/A,allovoisins,general,unknown,N/A,N/A,N/A,on-site,MEDIUM,No,"NLP Analysis: Ambiguous signals (remote: 0, onsite: 0)",N/A,listing_page,No,https://www.allovoisins.com/v/pose-de-parquet-revetement-de-sol
N/A,Cherche Aide à domicile à Annecy,France,N/A,N/A,N/A,N/A,allovoisins,general,unknown,N/A,N/A,N/A,on-site,HIGH,No,Obvious on-site work: aide à domicile,N/A,listing_page,No,https://www.allovoisins.com/v/aide-a-domicile
N/A,Recherche Lingerie - Repassage à Vaire,France,N/A,12€ / heure,N/A,N/A,allovoisins,general,unknown,N/A,N/A,N/A,on-site,HIGH,No,Obvious on-site work: repassage,N/A,listing_page,No,https://www.allovoisins.com/v/lingerie-repassage
N/A,Cherche Tonte de pelouse - Débroussaillage à Hyères,France,N/A,N/A,N/A,N/A,allovoisins,general,unknown,N/A,N/A,N/A,on-site,MEDIUM,No,"NLP Analysis: Ambiguous signals (remote: 0, onsite: 0)",N/A,listing_page,No,https://www.allovoisins.com/v/tonte-de-pelouse-debroussaillage
N/A,Louer une remorque auto - Doudeville,France,N/A,29€,N/A,N/A,allovoisins,general,unknown,N/A,N/A,N/A,on-site,MEDIUM,No,"NLP Analysis: Ambiguous signals (remote: 0, onsite: 0)",N/A,listing_page,No,https://www.allovoisins.com/r/0/79/0/0/location-vente/Remorque-accessoires-auto
N/A,Cherche Aide à domicile à Annecy,France,N/A,N/A,N/A,N/A,allovoisins,general,unknown,N/A,N/A,N/A,on-site,HIGH,No,Obvious on-site work: aide à domicile,N/A,listing_page,No,https://www.allovoisins.com/v/aide-a-domicile
N/A,Recherche Lingerie - Repassage à Vaire,France,N/A,12€ / heure,N/A,N/A,allovoisins,general,unknown,N/A,N/A,N/A,on-site,HIGH,No,Obvious on-site work: repassage,N/A,listing_page,No,https://www.allovoisins.com/v/lingerie-repassage
N/A,Cherche Tonte de pelouse - Débroussaillage à Hyères,France,N/A,N/A,N/A,N/A,allovoisins,general,unknown,N/A,N/A,N/A,on-site,MEDIUM,No,"NLP Analysis: Ambiguous signals (remote: 0, onsite: 0)",N/A,listing_page,No,https://www.allovoisins.com/v/tonte-de-pelouse-debroussaillage
N/A,Louer une remorque auto - Doudeville,France,N/A,29€,N/A,N/A,allovoisins,general,unknown,N/A,N/A,N/A,on-site,MEDIUM,No,"NLP Analysis: Ambiguous signals (remote: 0, onsite: 0)",N/A,listing_page,No,https://www.allovoisins.com/r/0/79/0/0/location-vente/Remorque-accessoires-auto
N/A,Louer un lève portes / lève meubles - Offranville,France,N/A,5€,N/A,N/A,allovoisins,general,unknown,N/A,N/A,N/A,on-site,MEDIUM,No,"NLP Analysis: Ambiguous signals (remote: 0, onsite: 0)",Durée : 1 jour,detail_page,No,https://www.allovoisins.com/r/0/7/0/0/location-vente/Manutention
N/A,Recherche Home sitting - Accueil - Gardiennage à Erquy,France,N/A,N/A,N/A,N/A,allovoisins,general,unknown,N/A,N/A,N/A,on-site,MEDIUM,No,"NLP Analysis: Ambiguous signals (remote: 0, onsite: 0)",N/A,listing_page,No,https://www.allovoisins.com/v/home-sitting-accueil-gardiennage
N/A,Louer une tondeuse à gazon - Lunel,France,N/A,15€,N/A,N/A,allovoisins,general,employer,N/A,N/A,N/A,on-site,HIGH,No,"LLM: Location d'outils, nécessite présence physique",Durée : 1 jour,detail_page,No,https://www.allovoisins.com/r/0/11/0/0/location-vente/Outillage
N/A,Recherche Pose de parquet - Revêtement de sol à Fontaine,France,N/A,N/A,N/A,N/A,allovoisins,general,unknown,N/A,N/A,N/A,on-site,MEDIUM,No,"NLP Analysis: Ambiguous signals (remote: 0, onsite: 0)",N/A,listing_page,No,https://www.allovoisins.com/v/pose-de-parquet-revetement-de-sol
N/A,Louer un lève portes / lève meubles - Offranville,France,N/A,5€,N/A,N/A,allovoisins,general,unknown,N/A,N/A,N/A,on-site,MEDIUM,No,"NLP Analysis: Ambiguous signals (remote: 0, onsite: 0)",Durée : 1 jour,detail_page,No,https://www.allovoisins.com/r/0/7/0/0/location-vente/Manutention
N/A,Recherche Home sitting - Accueil - Gardiennage à Erquy,France,N/A,N/A,N/A,N/A,allovoisins,general,unknown,N/A,N/A,N/A,on-site,MEDIUM,No,"NLP Analysis: Ambiguous signals (remote: 0, onsite: 0)",N/A,listing_page,No,https://www.allovoisins.com/v/home-sitting-accueil-gardiennage
N/A,Louer une tondeuse à gazon - Lunel,France,N/A,15€,N/A,N/A,allovoisins,general,employer,N/A,N/A,N/A,on-site,HIGH,No,"LLM: Location d'outils, nécessite présence physique",Durée : 1 jour,detail_page,No,https://www.allovoisins.com/r/0/11/0/0/location-vente/Outillage
N/A,Recherche Pose de parquet - Revêtement de sol à Fontaine,France,N/A,N/A,N/A,N/A,allovoisins,general,unknown,N/A,N/A,N/A,on-site,MEDIUM,No,"NLP Analysis: Ambiguous signals (remote: 0, onsite: 0)",N/A,listing_page,No,https://www.allovoisins.com/v/pose-de-parquet-revetement-de-sol
N/A,Louer un tracteur de pelouse - Couladère,France,N/A,50€,N/A,N/A,allovoisins,general,employer,N/A,N/A,N/A,on-site,HIGH,No,"LLM: Location d'outils, nécessite présence physique",Durée : 1 jour,detail_page,No,https://www.allovoisins.com/r/0/11/0/0/location-vente/Outillage
N/A,Acheter des chutes - matériaux de récupération - Égliseneuve-près-Billom,France,N/A,1€,N/A,N/A,allovoisins,general,unknown,N/A,N/A,N/A,on-site,MEDIUM,No,"NLP Analysis: Ambiguous signals (remote: 0, onsite: 0)",Durée : 1 jour,detail_page,No,https://www.allovoisins.com/r/0/3/0/0/location-vente/Btp-chantier
N/A,Cherche Aide à domicile à Annecy,France,N/A,N/A,N/A,N/A,allovoisins,general,unknown,N/A,N/A,N/A,on-site,HIGH,No,Obvious on-site work: aide à domicile,N/A,listing_page,No,https://www.allovoisins.com/v/aide-a-domicile
N/A,Recherche Lingerie - Repassage à Vaire,France,N/A,12€ / heure,N/A,N/A,allovoisins,general,unknown,N/A,N/A,N/A,on-site,HIGH,No,Obvious on-site work: repassage,N/A,listing_page,No,https://www.allovoisins.com/v/lingerie-repassage
N/A,Cherche Tonte de pelouse - Débroussaillage à Hyères,France,N/A,N/A,N/A,N/A,allovoisins,general,unknown,N/A,N/A,N/A,on-site,MEDIUM,No,"NLP Analysis: Ambiguous signals (remote: 0, onsite: 0)",N/A,listing_page,No,https://www.allovoisins.com/v/tonte-de-pelouse-debroussaillage
N/A,Louer une remorque auto - Doudeville,France,N/A,29€,N/A,N/A,allovoisins,general,unknown,N/A,N/A,N/A,on-site,MEDIUM,No,"NLP Analysis: Ambiguous signals (remote: 0, onsite: 0)",N/A,listing_page,No,https://www.allovoisins.com/r/0/79/0/0/location-vente/Remorque-accessoires-auto
N/A,Cherche Aide à domicile à Annecy,France,N/A,N/A,N/A,N/A,allovoisins,general,unknown,N/A,N/A,N/A,on-site,HIGH,No,Obvious on-site work: aide à domicile,N/A,listing_page,No,https://www.allovoisins.com/v/aide-a-domicile
N/A,Recherche Lingerie - Repassage à Vaire,France,N/A,12€ / heure,N/A,N/A,allovoisins,general,unknown,N/A,N/A,N/A,on-site,HIGH,No,Obvious on-site work: repassage,N/A,listing_page,No,https://www.allovoisins.com/v/lingerie-repassage
N/A,Cherche Tonte de pelouse - Débroussaillage à Hyères,France,N/A,N/A,N/A,N/A,allovoisins,general,unknown,N/A,N/A,N/A,on-site,MEDIUM,No,"NLP Analysis: Ambiguous signals (remote: 0, onsite: 0)",N/A,listing_page,No,https://www.allovoisins.com/v/tonte-de-pelouse-debroussaillage
N/A,Louer une remorque auto - Doudeville,France,N/A,29€,N/A,N/A,allovoisins,general,unknown,N/A,N/A,N/A,on-site,MEDIUM,No,"NLP Analysis: Ambiguous signals (remote: 0, onsite: 0)",N/A,listing_page,No,https://www.allovoisins.com/r/0/79/0/0/location-vente/Remorque-accessoires-auto
N/A,Cherche Aide à domicile à Annecy,France,N/A,N/A,N/A,N/A,allovoisins,general,unknown,N/A,N/A,N/A,on-site,HIGH,No,Obvious on-site work: aide à domicile,N/A,listing_page,No,https://www.allovoisins.com/v/aide-a-domicile
N/A,Recherche Lingerie - Repassage à Vaire,France,N/A,12€ / heure,N/A,N/A,allovoisins,general,unknown,N/A,N/A,N/A,on-site,HIGH,No,Obvious on-site work: repassage,N/A,listing_page,No,https://www.allovoisins.com/v/lingerie-repassage
N/A,Cherche Tonte de pelouse - Débroussaillage à Hyères,France,N/A,N/A,N/A,N/A,allovoisins,general,unknown,N/A,N/A,N/A,on-site,MEDIUM,No,"NLP Analysis: Ambiguous signals (remote: 0, onsite: 0)",N/A,listing_page,No,https://www.allovoisins.com/v/tonte-de-pelouse-debroussaillage
N/A,Louer une remorque auto - Doudeville,France,N/A,29€,N/A,N/A,allovoisins,general,unknown,N/A,N/A,N/A,on-site,MEDIUM,No,"NLP Analysis: Ambiguous signals (remote: 0, onsite: 0)",N/A,listing_page,No,https://www.allovoisins.com/r/0/79/0/0/location-vente/Remorque-accessoires-auto
N/A,Louer un lève portes / lève meubles - Offranville,France,N/A,5€,N/A,N/A,allovoisins,general,unknown,N/A,N/A,N/A,on-site,MEDIUM,No,"NLP Analysis: Ambiguous signals (remote: 0, onsite: 0)",Durée : 1 jour,detail_page,No,https://www.allovoisins.com/r/0/7/0/0/location-vente/Manutention
N/A,Recherche Home sitting - Accueil - Gardiennage à Erquy,France,N/A,N/A,N/A,N/A,allovoisins,general,unknown,N/A,N/A,N/A,on-site,MEDIUM,No,"NLP Analysis: Ambiguous signals (remote: 0, onsite: 0)",N/A,listing_page,No,https://www.allovoisins.com/v/home-sitting-accueil-gardiennage
N/A,Louer une tondeuse à gazon - Lunel,France,N/A,15€,N/A,N/A,allovoisins,general,employer,N/A,N/A,N/A,on-site,HIGH,No,"LLM: Location d'outils, nécessite présence physique",Durée : 1 jour,detail_page,No,https://www.allovoisins.com/r/0/11/0/0/location-vente/Outillage
N/A,Recherche Pose de parquet - Revêtement de sol à Fontaine,France,N/A,N/A,N/A,N/A,allovoisins,general,unknown,N/A,N/A,N/A,on-site,MEDIUM,No,"NLP Analysis: Ambiguous signals (remote: 0, onsite: 0)",N/A,listing_page,No,https://www.allovoisins.com/v/pose-de-parquet-revetement-de-sol
N/A,Louer un tracteur de pelouse - Couladère,France,N/A,50€,N/A,N/A,allovoisins,general,employer,N/A,N/A,N/A,on-site,HIGH,No,"LLM: Location d'outils, nécessite présence physique",Durée : 1 jour,detail_page,No,https://www.allovoisins.com/r/0/11/0/0/location-vente/Outillage
N/A,Acheter des chutes - matériaux de récupération - Égliseneuve-près-Billom,France,N/A,1€,N/A,N/A,allovoisins,general,unknown,N/A,N/A,N/A,on-site,MEDIUM,No,"NLP Analysis: Ambiguous signals (remote: 0, onsite: 0)",Durée : 1 jour,detail_page,No,https://www.allovoisins.com/r/0/3/0/0/location-vente/Btp-chantier
N/A,Louer un lève portes / lève meubles - Offranville,France,N/A,5€,N/A,N/A,allovoisins,general,unknown,N/A,N/A,N/A,on-site,MEDIUM,No,"NLP Analysis: Ambiguous signals (remote: 0, onsite: 0)",Durée : 1 jour,detail_page,No,https://www.allovoisins.com/r/0/7/0/0/location-vente/Manutention
N/A,Recherche Home sitting - Accueil - Gardiennage à Erquy,France,N/A,N/A,N/A,N/A,allovoisins,general,unknown,N/A,N/A,N/A,on-site,MEDIUM,No,"NLP Analysis: Ambiguous signals (remote: 0, onsite: 0)",N/A,listing_page,No,https://www.allovoisins.com/v/home-sitting-accueil-gardiennage
N/A,Louer une tondeuse à gazon - Lunel,France,N/A,15€,N/A,N/A,allovoisins,general,employer,N/A,N/A,N/A,on-site,HIGH,No,"LLM: Location d'outils, nécessite présence physique",Durée : 1 jour,detail_page,No,https://www.allovoisins.com/r/0/11/0/0/location-vente/Outillage
N/A,Recherche Pose de parquet - Revêtement de sol à Fontaine,France,N/A,N/A,N/A,N/A,allovoisins,general,unknown,N/A,N/A,N/A,on-site,MEDIUM,No,"NLP Analysis: Ambiguous signals (remote: 0, onsite: 0)",N/A,listing_page,No,https://www.allovoisins.com/v/pose-de-parquet-revetement-de-sol
N/A,Louer un lève portes / lève meubles - Offranville,France,N/A,5€,N/A,N/A,allovoisins,general,unknown,N/A,N/A,N/A,on-site,MEDIUM,No,"NLP Analysis: Ambiguous signals (remote: 0, onsite: 0)",Durée : 1 jour,detail_page,No,https://www.allovoisins.com/r/0/7/0/0/location-vente/Manutention
N/A,Recherche Home sitting - Accueil - Gardiennage à Erquy,France,N/A,N/A,N/A,N/A,allovoisins,general,unknown,N/A,N/A,N/A,on-site,MEDIUM,No,"NLP Analysis: Ambiguous signals (remote: 0, onsite: 0)",N/A,listing_page,No,https://www.allovoisins.com/v/home-sitting-accueil-gardiennage
N/A,Louer une tondeuse à gazon - Lunel,France,N/A,15€,N/A,N/A,allovoisins,general,employer,N/A,N/A,N/A,on-site,HIGH,No,"LLM: Location d'outils, nécessite présence physique",Durée : 1 jour,detail_page,No,https://www.allovoisins.com/r/0/11/0/0/location-vente/Outillage
N/A,Recherche Pose de parquet - Revêtement de sol à Fontaine,France,N/A,N/A,N/A,N/A,allovoisins,general,unknown,N/A,N/A,N/A,on-site,MEDIUM,No,"NLP Analysis: Ambiguous signals (remote: 0, onsite: 0)",N/A,listing_page,No,https://www.allovoisins.com/v/pose-de-parquet-revetement-de-sol
N/A,Louer un tracteur de pelouse - Couladère,France,N/A,50€,N/A,N/A,allovoisins,general,employer,N/A,N/A,N/A,on-site,HIGH,No,"LLM: Location d'outils, nécessite présence physique",Durée : 1 jour,detail_page,No,https://www.allovoisins.com/r/0/11/0/0/location-vente/Outillage
N/A,Acheter des chutes - matériaux de récupération - Égliseneuve-près-Billom,France,N/A,1€,N/A,N/A,allovoisins,general,unknown,N/A,N/A,N/A,on-site,MEDIUM,No,"NLP Analysis: Ambiguous signals (remote: 0, onsite: 0)",Durée : 1 jour,detail_page,No,https://www.allovoisins.com/r/0/3/0/0/location-vente/Btp-chantier
N/A,Louer un tracteur de pelouse - Couladère,France,N/A,50€,N/A,N/A,allovoisins,general,employer,N/A,N/A,N/A,on-site,HIGH,No,"LLM: Location d'outils, nécessite présence physique",Durée : 1 jour,detail_page,No,https://www.allovoisins.com/r/0/11/0/0/location-vente/Outillage
N/A,Acheter des chutes - matériaux de récupération - Égliseneuve-près-Billom,France,N/A,1€,N/A,N/A,allovoisins,general,unknown,N/A,N/A,N/A,on-site,MEDIUM,No,"NLP Analysis: Ambiguous signals (remote: 0, onsite: 0)",Durée : 1 jour,detail_page,No,https://www.allovoisins.com/r/0/3/0/0/location-vente/Btp-chantier
N/A,Louer un lève portes / lève meubles - Offranville,France,N/A,5€,N/A,N/A,allovoisins,general,unknown,N/A,N/A,N/A,on-site,MEDIUM,No,"NLP Analysis: Ambiguous signals (remote: 0, onsite: 0)",Durée : 1 jour,detail_page,No,https://www.allovoisins.com/r/0/7/0/0/location-vente/Manutention
N/A,Recherche Home sitting - Accueil - Gardiennage à Erquy,France,N/A,N/A,N/A,N/A,allovoisins,general,unknown,N/A,N/A,N/A,on-site,MEDIUM,No,"NLP Analysis: Ambiguous signals (remote: 0, onsite: 0)",N/A,listing_page,No,https://www.allovoisins.com/v/home-sitting-accueil-gardiennage
N/A,Louer une tondeuse à gazon - Lunel,France,N/A,15€,N/A,N/A,allovoisins,general,employer,N/A,N/A,N/A,on-site,HIGH,No,"LLM: Location d'outils, nécessite présence physique",Durée : 1 jour,detail_page,No,https://www.allovoisins.com/r/0/11/0/0/location-vente/Outillage
N/A,Recherche Pose de parquet - Revêtement de sol à Fontaine,France,N/A,N/A,N/A,N/A,allovoisins,general,unknown,N/A,N/A,N/A,on-site,MEDIUM,No,"NLP Analysis: Ambiguous signals (remote: 0, onsite: 0)",N/A,listing_page,No,https://www.allovoisins.com/v/pose-de-parquet-revetement-de-sol
N/A,Louer un tracteur de pelouse - Couladère,France,N/A,50€,N/A,N/A,allovoisins,general,employer,N/A,N/A,N/A,on-site,HIGH,No,"LLM: Location d'outils, nécessite présence physique",Durée : 1 jour,detail_page,No,https://www.allovoisins.com/r/0/11/0/0/location-vente/Outillage
N/A,Acheter des chutes - matériaux de récupération - Égliseneuve-près-Billom,France,N/A,1€,N/A,N/A,allovoisins,general,unknown,N/A,N/A,N/A,on-site,MEDIUM,No,"NLP Analysis: Ambiguous signals (remote: 0, onsite: 0)",Durée : 1 jour,detail_page,No,https://www.allovoisins.com/r/0/3/0/0/location-vente/Btp-chantier
N/A,Cherche Aide à domicile à Annecy,France,N/A,N/A,N/A,N/A,allovoisins,general,unknown,N/A,N/A,N/A,on-site,HIGH,No,Obvious on-site work: aide à domicile,N/A,listing_page,No,https://www.allovoisins.com/v/aide-a-domicile
N/A,Recherche Lingerie - Repassage à Vaire,France,N/A,12€ / heure,N/A,N/A,allovoisins,general,unknown,N/A,N/A,N/A,on-site,HIGH,No,Obvious on-site work: repassage,N/A,listing_page,No,https://www.allovoisins.com/v/lingerie-repassage
N/A,Cherche Tonte de pelouse - Débroussaillage à Hyères,France,N/A,N/A,N/A,N/A,allovoisins,general,unknown,N/A,N/A,N/A,on-site,MEDIUM,No,"NLP Analysis: Ambiguous signals (remote: 0, onsite: 0)",N/A,listing_page,No,https://www.allovoisins.com/v/tonte-de-pelouse-debroussaillage
N/A,Louer une remorque auto - Doudeville,France,N/A,29€,N/A,N/A,allovoisins,general,unknown,N/A,N/A,N/A,on-site,MEDIUM,No,"NLP Analysis: Ambiguous signals (remote: 0, onsite: 0)",N/A,listing_page,No,https://www.allovoisins.com/r/0/79/0/0/location-vente/Remorque-accessoires-auto
N/A,Louer un tracteur de pelouse - Couladère,France,N/A,50€,N/A,N/A,allovoisins,general,employer,N/A,N/A,N/A,on-site,HIGH,No,"LLM: Location d'outils, nécessite présence physique",Durée : 1 jour,detail_page,No,https://www.allovoisins.com/r/0/11/0/0/location-vente/Outillage
N/A,Acheter des chutes - matériaux de récupération - Égliseneuve-près-Billom,France,N/A,1€,N/A,N/A,allovoisins,general,unknown,N/A,N/A,N/A,on-site,MEDIUM,No,"NLP Analysis: Ambiguous signals (remote: 0, onsite: 0)",Durée : 1 jour,detail_page,No,https://www.allovoisins.com/r/0/3/0/0/location-vente/Btp-chantier
N/A,Louer un lève portes / lève meubles - Offranville,France,N/A,5€,N/A,N/A,allovoisins,general,unknown,N/A,N/A,N/A,on-site,MEDIUM,No,"NLP Analysis: Ambiguous signals (remote: 0, onsite: 0)",Durée : 1 jour,detail_page,No,https://www.allovoisins.com/r/0/7/0/0/location-vente/Manutention
N/A,Recherche Home sitting - Accueil - Gardiennage à Erquy,France,N/A,N/A,N/A,N/A,allovoisins,general,unknown,N/A,N/A,N/A,on-site,MEDIUM,No,"NLP Analysis: Ambiguous signals (remote: 0, onsite: 0)",N/A,listing_page,No,https://www.allovoisins.com/v/home-sitting-accueil-gardiennage
N/A,Louer une tondeuse à gazon - Lunel,France,N/A,15€,N/A,N/A,allovoisins,general,employer,N/A,N/A,N/A,on-site,HIGH,No,"LLM: Location d'outils, nécessite présence physique",Durée : 1 jour,detail_page,No,https://www.allovoisins.com/r/0/11/0/0/location-vente/Outillage
N/A,Recherche Pose de parquet - Revêtement de sol à Fontaine,France,N/A,N/A,N/A,N/A,allovoisins,general,unknown,N/A,N/A,N/A,on-site,MEDIUM,No,"NLP Analysis: Ambiguous signals (remote: 0, onsite: 0)",N/A,listing_page,No,https://www.allovoisins.com/v/pose-de-parquet-revetement-de-sol
N/A,Cherche Aide à domicile à Annecy,France,N/A,N/A,N/A,N/A,allovoisins,general,unknown,N/A,N/A,N/A,on-site,HIGH,No,Obvious on-site work: aide à domicile,N/A,listing_page,No,https://www.allovoisins.com/v/aide-a-domicile
N/A,Recherche Lingerie - Repassage à Vaire,France,N/A,12€ / heure,N/A,N/A,allovoisins,general,unknown,N/A,N/A,N/A,on-site,HIGH,No,Obvious on-site work: repassage,N/A,listing_page,No,https://www.allovoisins.com/v/lingerie-repassage
N/A,Cherche Tonte de pelouse - Débroussaillage à Hyères,France,N/A,N/A,N/A,N/A,allovoisins,general,unknown,N/A,N/A,N/A,on-site,MEDIUM,No,"NLP Analysis: Ambiguous signals (remote: 0, onsite: 0)",N/A,listing_page,No,https://www.allovoisins.com/v/tonte-de-pelouse-debroussaillage
N/A,Louer une remorque auto - Doudeville,France,N/A,29€,N/A,N/A,allovoisins,general,unknown,N/A,N/A,N/A,on-site,MEDIUM,No,"NLP Analysis: Ambiguous signals (remote: 0, onsite: 0)",N/A,listing_page,No,https://www.allovoisins.com/r/0/79/0/0/location-vente/Remorque-accessoires-auto
N/A,Louer un tracteur de pelouse - Couladère,France,N/A,50€,N/A,N/A,allovoisins,general,employer,N/A,N/A,N/A,on-site,HIGH,No,"LLM: Location d'outils, nécessite présence physique",Durée : 1 jour,detail_page,No,https://www.allovoisins.com/r/0/11/0/0/location-vente/Outillage
N/A,Acheter des chutes - matériaux de récupération - Égliseneuve-près-Billom,France,N/A,1€,N/A,N/A,allovoisins,general,unknown,N/A,N/A,N/A,on-site,MEDIUM,No,"NLP Analysis: Ambiguous signals (remote: 0, onsite: 0)",Durée : 1 jour,detail_page,No,https://www.allovoisins.com/r/0/3/0/0/location-vente/Btp-chantier
N/A,Louer un lève portes / lève meubles - Offranville,France,N/A,5€,N/A,N/A,allovoisins,general,unknown,N/A,N/A,N/A,on-site,MEDIUM,No,"NLP Analysis: Ambiguous signals (remote: 0, onsite: 0)",Durée : 1 jour,detail_page,No,https://www.allovoisins.com/r/0/7/0/0/location-vente/Manutention
N/A,Recherche Home sitting - Accueil - Gardiennage à Erquy,France,N/A,N/A,N/A,N/A,allovoisins,general,unknown,N/A,N/A,N/A,on-site,MEDIUM,No,"NLP Analysis: Ambiguous signals (remote: 0, onsite: 0)",N/A,listing_page,No,https://www.allovoisins.com/v/home-sitting-accueil-gardiennage
N/A,Louer une tondeuse à gazon - Lunel,France,N/A,15€,N/A,N/A,allovoisins,general,employer,N/A,N/A,N/A,on-site,HIGH,No,"LLM: Location d'outils, nécessite présence physique",Durée : 1 jour,detail_page,No,https://www.allovoisins.com/r/0/11/0/0/location-vente/Outillage
N/A,Recherche Pose de parquet - Revêtement de sol à Fontaine,France,N/A,N/A,N/A,N/A,allovoisins,general,unknown,N/A,N/A,N/A,on-site,MEDIUM,No,"NLP Analysis: Ambiguous signals (remote: 0, onsite: 0)",N/A,listing_page,No,https://www.allovoisins.com/v/pose-de-parquet-revetement-de-sol
N/A,Louer un tracteur de pelouse - Couladère,France,N/A,50€,N/A,N/A,allovoisins,general,employer,N/A,N/A,N/A,on-site,HIGH,No,"LLM: Location d'outils, nécessite présence physique",Durée : 1 jour,detail_page,No,https://www.allovoisins.com/r/0/11/0/0/location-vente/Outillage
N/A,Acheter des chutes - matériaux de récupération - Égliseneuve-près-Billom,France,N/A,1€,N/A,N/A,allovoisins,general,unknown,N/A,N/A,N/A,on-site,MEDIUM,No,"NLP Analysis: Ambiguous signals (remote: 0, onsite: 0)",Durée : 1 jour,detail_page,No,https://www.allovoisins.com/r/0/3/0/0/location-vente/Btp-chantier
N/A,Louer un lève portes / lève meubles - Offranville,France,N/A,5€,N/A,N/A,allovoisins,general,unknown,N/A,N/A,N/A,on-site,MEDIUM,No,"NLP Analysis: Ambiguous signals (remote: 0, onsite: 0)",Durée : 1 jour,detail_page,No,https://www.allovoisins.com/r/0/7/0/0/location-vente/Manutention
N/A,Recherche Home sitting - Accueil - Gardiennage à Erquy,France,N/A,N/A,N/A,N/A,allovoisins,general,unknown,N/A,N/A,N/A,on-site,MEDIUM,No,"NLP Analysis: Ambiguous signals (remote: 0, onsite: 0)",N/A,listing_page,No,https://www.allovoisins.com/v/home-sitting-accueil-gardiennage
N/A,Louer une tondeuse à gazon - Lunel,France,N/A,15€,N/A,N/A,allovoisins,general,employer,N/A,N/A,N/A,on-site,HIGH,No,"LLM: Location d'outils, nécessite présence physique",Durée : 1 jour,detail_page,No,https://www.allovoisins.com/r/0/11/0/0/location-vente/Outillage
N/A,Recherche Pose de parquet - Revêtement de sol à Fontaine,France,N/A,N/A,N/A,N/A,allovoisins,general,unknown,N/A,N/A,N/A,on-site,MEDIUM,No,"NLP Analysis: Ambiguous signals (remote: 0, onsite: 0)",N/A,listing_page,No,https://www.allovoisins.com/v/pose-de-parquet-revetement-de-sol
N/A,Louer un lève portes / lève meubles - Offranville,France,N/A,5€,N/A,N/A,allovoisins,general,unknown,N/A,N/A,N/A,on-site,MEDIUM,No,"NLP Analysis: Ambiguous signals (remote: 0, onsite: 0)",Durée : 1 jour,detail_page,No,https://www.allovoisins.com/r/0/7/0/0/location-vente/Manutention
N/A,Recherche Home sitting - Accueil - Gardiennage à Erquy,France,N/A,N/A,N/A,N/A,allovoisins,general,unknown,N/A,N/A,N/A,on-site,MEDIUM,No,"NLP Analysis: Ambiguous signals (remote: 0, onsite: 0)",N/A,listing_page,No,https://www.allovoisins.com/v/home-sitting-accueil-gardiennage
N/A,Louer une tondeuse à gazon - Lunel,France,N/A,15€,N/A,N/A,allovoisins,general,employer,N/A,N/A,N/A,on-site,HIGH,No,"LLM: Location d'outils, nécessite présence physique",Durée : 1 jour,detail_page,No,https://www.allovoisins.com/r/0/11/0/0/location-vente/Outillage
N/A,Recherche Pose de parquet - Revêtement de sol à Fontaine,France,N/A,N/A,N/A,N/A,allovoisins,general,unknown,N/A,N/A,N/A,on-site,MEDIUM,No,"NLP Analysis: Ambiguous signals (remote: 0, onsite: 0)",N/A,listing_page,No,https://www.allovoisins.com/v/pose-de-parquet-revetement-de-sol
N/A,Louer un tracteur de pelouse - Couladère,France,N/A,50€,N/A,N/A,allovoisins,general,employer,N/A,N/A,N/A,on-site,HIGH,No,"LLM: Location d'outils, nécessite présence physique",Durée : 1 jour,detail_page,No,https://www.allovoisins.com/r/0/11/0/0/location-vente/Outillage
N/A,Acheter des chutes - matériaux de récupération - Égliseneuve-près-Billom,France,N/A,1€,N/A,N/A,allovoisins,general,unknown,N/A,N/A,N/A,on-site,MEDIUM,No,"NLP Analysis: Ambiguous signals (remote: 0, onsite: 0)",Durée : 1 jour,detail_page,No,https://www.allovoisins.com/r/0/3/0/0/location-vente/Btp-chantier
N/A,Louer un lève portes / lève meubles - Offranville,France,N/A,5€,N/A,N/A,allovoisins,general,unknown,N/A,N/A,N/A,on-site,MEDIUM,No,"NLP Analysis: Ambiguous signals (remote: 0, onsite: 0)",Durée : 1 jour,detail_page,No,https://www.allovoisins.com/r/0/7/0/0/location-vente/Manutention
N/A,Recherche Home sitting - Accueil - Gardiennage à Erquy,France,N/A,N/A,N/A,N/A,allovoisins,general,unknown,N/A,N/A,N/A,on-site,MEDIUM,No,"NLP Analysis: Ambiguous signals (remote: 0, onsite: 0)",N/A,listing_page,No,https://www.allovoisins.com/v/home-sitting-accueil-gardiennage
N/A,Louer une tondeuse à gazon - Lunel,France,N/A,15€,N/A,N/A,allovoisins,general,employer,N/A,N/A,N/A,on-site,HIGH,No,"LLM: Location d'outils, nécessite présence physique",Durée : 1 jour,detail_page,No,https://www.allovoisins.com/r/0/11/0/0/location-vente/Outillage
N/A,Recherche Pose de parquet - Revêtement de sol à Fontaine,France,N/A,N/A,N/A,N/A,allovoisins,general,unknown,N/A,N/A,N/A,on-site,MEDIUM,No,"NLP Analysis: Ambiguous signals (remote: 0, onsite: 0)",N/A,listing_page,No,https://www.allovoisins.com/v/pose-de-parquet-revetement-de-sol
N/A,Cherche Aide à domicile à Annecy,France,N/A,N/A,N/A,N/A,allovoisins,general,unknown,N/A,N/A,N/A,on-site,HIGH,No,Obvious on-site work: aide à domicile,N/A,listing_page,No,https://www.allovoisins.com/v/aide-a-domicile
N/A,Recherche Lingerie - Repassage à Vaire,France,N/A,12€ / heure,N/A,N/A,allovoisins,general,unknown,N/A,N/A,N/A,on-site,HIGH,No,Obvious on-site work: repassage,N/A,listing_page,No,https://www.allovoisins.com/v/lingerie-repassage
N/A,Cherche Tonte de pelouse - Débroussaillage à Hyères,France,N/A,N/A,N/A,N/A,allovoisins,general,unknown,N/A,N/A,N/A,on-site,MEDIUM,No,"NLP Analysis: Ambiguous signals (remote: 0, onsite: 0)",N/A,listing_page,No,https://www.allovoisins.com/v/tonte-de-pelouse-debroussaillage
N/A,Louer une remorque auto - Doudeville,France,N/A,29€,N/A,N/A,allovoisins,general,unknown,N/A,N/A,N/A,on-site,MEDIUM,No,"NLP Analysis: Ambiguous signals (remote: 0, onsite: 0)",N/A,listing_page,No,https://www.allovoisins.com/r/0/79/0/0/location-vente/Remorque-accessoires-auto
N/A,Louer un tracteur de pelouse - Couladère,France,N/A,50€,N/A,N/A,allovoisins,general,employer,N/A,N/A,N/A,on-site,HIGH,No,"LLM: Location d'outils, nécessite présence physique",Durée : 1 jour,detail_page,No,https://www.allovoisins.com/r/0/11/0/0/location-vente/Outillage
N/A,Acheter des chutes - matériaux de récupération - Égliseneuve-près-Billom,France,N/A,1€,N/A,N/A,allovoisins,general,unknown,N/A,N/A,N/A,on-site,MEDIUM,No,"NLP Analysis: Ambiguous signals (remote: 0, onsite: 0)",Durée : 1 jour,detail_page,No,https://www.allovoisins.com/r/0/3/0/0/location-vente/Btp-chantier
N/A,Louer un tracteur de pelouse - Couladère,France,N/A,50€,N/A,N/A,allovoisins,general,employer,N/A,N/A,N/A,on-site,HIGH,No,"LLM: Location d'outils, nécessite présence physique",Durée : 1 jour,detail_page,No,https://www.allovoisins.com/r/0/11/0/0/location-vente/Outillage
N/A,Acheter des chutes - matériaux de récupération - Égliseneuve-près-Billom,France,N/A,1€,N/A,N/A,allovoisins,general,unknown,N/A,N/A,N/A,on-site,MEDIUM,No,"NLP Analysis: Ambiguous signals (remote: 0, onsite: 0)",Durée : 1 jour,detail_page,No,https://www.allovoisins.com/r/0/3/0/0/location-vente/Btp-chantier
N/A,Cherche Aide à domicile à Annecy,France,N/A,N/A,N/A,N/A,allovoisins,general,unknown,N/A,N/A,N/A,on-site,HIGH,No,Obvious on-site work: aide à domicile,N/A,listing_page,No,https://www.allovoisins.com/v/aide-a-domicile
N/A,Recherche Lingerie - Repassage à Vaire,France,N/A,12€ / heure,N/A,N/A,allovoisins,general,unknown,N/A,N/A,N/A,on-site,HIGH,No,Obvious on-site work: repassage,N/A,listing_page,No,https://www.allovoisins.com/v/lingerie-repassage
N/A,Cherche Tonte de pelouse - Débroussaillage à Hyères,France,N/A,N/A,N/A,N/A,allovoisins,general,unknown,N/A,N/A,N/A,on-site,MEDIUM,No,"NLP Analysis: Ambiguous signals (remote: 0, onsite: 0)",N/A,listing_page,No,https://www.allovoisins.com/v/tonte-de-pelouse-debroussaillage
N/A,Louer une remorque auto - Doudeville,France,N/A,29€,N/A,N/A,allovoisins,general,unknown,N/A,N/A,N/A,on-site,MEDIUM,No,"NLP Analysis: Ambiguous signals (remote: 0, onsite: 0)",N/A,listing_page,No,https://www.allovoisins.com/r/0/79/0/0/location-vente/Remorque-accessoires-auto
N/A,Louer un tracteur de pelouse - Couladère,France,N/A,50€,N/A,N/A,allovoisins,general,employer,N/A,N/A,N/A,on-site,HIGH,No,"LLM: Location d'outils, nécessite présence physique",Durée : 1 jour,detail_page,No,https://www.allovoisins.com/r/0/11/0/0/location-vente/Outillage
N/A,Acheter des chutes - matériaux de récupération - Égliseneuve-près-Billom,France,N/A,1€,N/A,N/A,allovoisins,general,unknown,N/A,N/A,N/A,on-site,MEDIUM,No,"NLP Analysis: Ambiguous signals (remote: 0, onsite: 0)",Durée : 1 jour,detail_page,No,https://www.allovoisins.com/r/0/3/0/0/location-vente/Btp-chantier
N/A,Cherche Aide à domicile à Annecy,France,N/A,N/A,N/A,N/A,allovoisins,general,unknown,N/A,N/A,N/A,on-site,HIGH,No,Obvious on-site work: aide à domicile,N/A,listing_page,No,https://www.allovoisins.com/v/aide-a-domicile
N/A,Recherche Lingerie - Repassage à Vaire,France,N/A,12€ / heure,N/A,N/A,allovoisins,general,unknown,N/A,N/A,N/A,on-site,HIGH,No,Obvious on-site work: repassage,N/A,listing_page,No,https://www.allovoisins.com/v/lingerie-repassage
N/A,Cherche Tonte de pelouse - Débroussaillage à Hyères,France,N/A,N/A,N/A,N/A,allovoisins,general,unknown,N/A,N/A,N/A,on-site,MEDIUM,No,"NLP Analysis: Ambiguous signals (remote: 0, onsite: 0)",N/A,listing_page,No,https://www.allovoisins.com/v/tonte-de-pelouse-debroussaillage
N/A,Louer une remorque auto - Doudeville,France,N/A,29€,N/A,N/A,allovoisins,general,unknown,N/A,N/A,N/A,on-site,MEDIUM,No,"NLP Analysis: Ambiguous signals (remote: 0, onsite: 0)",N/A,listing_page,No,https://www.allovoisins.com/r/0/79/0/0/location-vente/Remorque-accessoires-auto
N/A,Louer un lève portes / lève meubles - Offranville,France,N/A,5€,N/A,N/A,allovoisins,general,unknown,N/A,N/A,N/A,on-site,MEDIUM,No,"NLP Analysis: Ambiguous signals (remote: 0, onsite: 0)",Durée : 1 jour,detail_page,No,https://www.allovoisins.com/r/0/7/0/0/location-vente/Manutention
N/A,Recherche Home sitting - Accueil - Gardiennage à Erquy,France,N/A,N/A,N/A,N/A,allovoisins,general,unknown,N/A,N/A,N/A,on-site,MEDIUM,No,"NLP Analysis: Ambiguous signals (remote: 0, onsite: 0)",N/A,listing_page,No,https://www.allovoisins.com/v/home-sitting-accueil-gardiennage
N/A,Louer une tondeuse à gazon - Lunel,France,N/A,15€,N/A,N/A,allovoisins,general,employer,N/A,N/A,N/A,on-site,HIGH,No,"LLM: Location d'outils, nécessite présence physique",Durée : 1 jour,detail_page,No,https://www.allovoisins.com/r/0/11/0/0/location-vente/Outillage
N/A,Recherche Pose de parquet - Revêtement de sol à Fontaine,France,N/A,N/A,N/A,N/A,allovoisins,general,unknown,N/A,N/A,N/A,on-site,MEDIUM,No,"NLP Analysis: Ambiguous signals (remote: 0, onsite: 0)",N/A,listing_page,No,https://www.allovoisins.com/v/pose-de-parquet-revetement-de-sol
N/A,Louer un tracteur de pelouse - Couladère,France,N/A,50€,N/A,N/A,allovoisins,general,employer,N/A,N/A,N/A,on-site,HIGH,No,"LLM: Location d'outils, nécessite présence physique",Durée : 1 jour,detail_page,No,https://www.allovoisins.com/r/0/11/0/0/location-vente/Outillage
N/A,Acheter des chutes - matériaux de récupération - Égliseneuve-près-Billom,France,N/A,1€,N/A,N/A,allovoisins,general,unknown,N/A,N/A,N/A,on-site,MEDIUM,No,"NLP Analysis: Ambiguous signals (remote: 0, onsite: 0)",Durée : 1 jour,detail_page,No,https://www.allovoisins.com/r/0/3/0/0/location-vente/Btp-chantier
N/A,Louer un lève portes / lève meubles - Offranville,France,N/A,5€,N/A,N/A,allovoisins,general,unknown,N/A,N/A,N/A,on-site,MEDIUM,No,"NLP Analysis: Ambiguous signals (remote: 0, onsite: 0)",Durée : 1 jour,detail_page,No,https://www.allovoisins.com/r/0/7/0/0/location-vente/Manutention
N/A,Recherche Home sitting - Accueil - Gardiennage à Erquy,France,N/A,N/A,N/A,N/A,allovoisins,general,unknown,N/A,N/A,N/A,on-site,MEDIUM,No,"NLP Analysis: Ambiguous signals (remote: 0, onsite: 0)",N/A,listing_page,No,https://www.allovoisins.com/v/home-sitting-accueil-gardiennage
N/A,Louer une tondeuse à gazon - Lunel,France,N/A,15€,N/A,N/A,allovoisins,general,employer,N/A,N/A,N/A,on-site,HIGH,No,"LLM: Location d'outils, nécessite présence physique",Durée : 1 jour,detail_page,No,https://www.allovoisins.com/r/0/11/0/0/location-vente/Outillage
N/A,Recherche Pose de parquet - Revêtement de sol à Fontaine,France,N/A,N/A,N/A,N/A,allovoisins,general,unknown,N/A,N/A,N/A,on-site,MEDIUM,No,"NLP Analysis: Ambiguous signals (remote: 0, onsite: 0)",N/A,listing_page,No,https://www.allovoisins.com/v/pose-de-parquet-revetement-de-sol
N/A,Louer un tracteur de pelouse - Couladère,France,N/A,50€,N/A,N/A,allovoisins,general,employer,N/A,N/A,N/A,on-site,HIGH,No,"LLM: Location d'outils, nécessite présence physique",Durée : 1 jour,detail_page,No,https://www.allovoisins.com/r/0/11/0/0/location-vente/Outillage
N/A,Acheter des chutes - matériaux de récupération - Égliseneuve-près-Billom,France,N/A,1€,N/A,N/A,allovoisins,general,unknown,N/A,N/A,N/A,on-site,MEDIUM,No,"NLP Analysis: Ambiguous signals (remote: 0, onsite: 0)",Durée : 1 jour,detail_page,No,https://www.allovoisins.com/r/0/3/0/0/location-vente/Btp-chantier
N/A,Cherche Aide à domicile à Annecy,France,N/A,N/A,N/A,N/A,allovoisins,general,unknown,N/A,N/A,N/A,on-site,HIGH,No,Obvious on-site work: aide à domicile,N/A,listing_page,No,https://www.allovoisins.com/v/aide-a-domicile
N/A,Recherche Lingerie - Repassage à Vaire,France,N/A,12€ / heure,N/A,N/A,allovoisins,general,unknown,N/A,N/A,N/A,on-site,HIGH,No,Obvious on-site work: repassage,N/A,listing_page,No,https://www.allovoisins.com/v/lingerie-repassage
N/A,Cherche Tonte de pelouse - Débroussaillage à Hyères,France,N/A,N/A,N/A,N/A,allovoisins,general,unknown,N/A,N/A,N/A,on-site,MEDIUM,No,"NLP Analysis: Ambiguous signals (remote: 0, onsite: 0)",N/A,listing_page,No,https://www.allovoisins.com/v/tonte-de-pelouse-debroussaillage
N/A,Louer une remorque auto - Doudeville,France,N/A,29€,N/A,N/A,allovoisins,general,unknown,N/A,N/A,N/A,on-site,MEDIUM,No,"NLP Analysis: Ambiguous signals (remote: 0, onsite: 0)",N/A,listing_page,No,https://www.allovoisins.com/r/0/79/0/0/location-vente/Remorque-accessoires-auto
N/A,Louer un lève portes / lève meubles - Offranville,France,N/A,5€,N/A,N/A,allovoisins,general,unknown,N/A,N/A,N/A,on-site,MEDIUM,No,"NLP Analysis: Ambiguous signals (remote: 0, onsite: 0)",Durée : 1 jour,detail_page,No,https://www.allovoisins.com/r/0/7/0/0/location-vente/Manutention
N/A,Recherche Home sitting - Accueil - Gardiennage à Erquy,France,N/A,N/A,N/A,N/A,allovoisins,general,unknown,N/A,N/A,N/A,on-site,MEDIUM,No,"NLP Analysis: Ambiguous signals (remote: 0, onsite: 0)",N/A,listing_page,No,https://www.allovoisins.com/v/home-sitting-accueil-gardiennage
N/A,Louer une tondeuse à gazon - Lunel,France,N/A,15€,N/A,N/A,allovoisins,general,employer,N/A,N/A,N/A,on-site,HIGH,No,"LLM: Location d'outils, nécessite présence physique",Durée : 1 jour,detail_page,No,https://www.allovoisins.com/r/0/11/0/0/location-vente/Outillage
N/A,Recherche Pose de parquet - Revêtement de sol à Fontaine,France,N/A,N/A,N/A,N/A,allovoisins,general,unknown,N/A,N/A,N/A,on-site,MEDIUM,No,"NLP Analysis: Ambiguous signals (remote: 0, onsite: 0)",N/A,listing_page,No,https://www.allovoisins.com/v/pose-de-parquet-revetement-de-sol
N/A,Louer un tracteur de pelouse - Couladère,France,N/A,50€,N/A,N/A,allovoisins,general,employer,N/A,N/A,N/A,on-site,HIGH,No,"LLM: Location d'outils, nécessite présence physique",Durée : 1 jour,detail_page,No,https://www.allovoisins.com/r/0/11/0/0/location-vente/Outillage
N/A,Acheter des chutes - matériaux de récupération - Égliseneuve-près-Billom,France,N/A,1€,N/A,N/A,allovoisins,general,unknown,N/A,N/A,N/A,on-site,MEDIUM,No,"NLP Analysis: Ambiguous signals (remote: 0, onsite: 0)",Durée : 1 jour,detail_page,No,https://www.allovoisins.com/r/0/3/0/0/location-vente/Btp-chantier
N/A,Louer un lève portes / lève meubles - Offranville,France,N/A,5€,N/A,N/A,allovoisins,general,unknown,N/A,N/A,N/A,on-site,MEDIUM,No,"NLP Analysis: Ambiguous signals (remote: 0, onsite: 0)",Durée : 1 jour,detail_page,No,https://www.allovoisins.com/r/0/7/0/0/location-vente/Manutention
N/A,Recherche Home sitting - Accueil - Gardiennage à Erquy,France,N/A,N/A,N/A,N/A,allovoisins,general,unknown,N/A,N/A,N/A,on-site,MEDIUM,No,"NLP Analysis: Ambiguous signals (remote: 0, onsite: 0)",N/A,listing_page,No,https://www.allovoisins.com/v/home-sitting-accueil-gardiennage
N/A,Louer une tondeuse à gazon - Lunel,France,N/A,15€,N/A,N/A,allovoisins,general,employer,N/A,N/A,N/A,on-site,HIGH,No,"LLM: Location d'outils, nécessite présence physique",Durée : 1 jour,detail_page,No,https://www.allovoisins.com/r/0/11/0/0/location-vente/Outillage
N/A,Recherche Pose de parquet - Revêtement de sol à Fontaine,France,N/A,N/A,N/A,N/A,allovoisins,general,unknown,N/A,N/A,N/A,on-site,MEDIUM,No,"NLP Analysis: Ambiguous signals (remote: 0, onsite: 0)",N/A,listing_page,No,https://www.allovoisins.com/v/pose-de-parquet-revetement-de-sol
N/A,Louer un tracteur de pelouse - Couladère,France,N/A,50€,N/A,N/A,allovoisins,general,employer,N/A,N/A,N/A,on-site,HIGH,No,"LLM: Location d'outils, nécessite présence physique",Durée : 1 jour,detail_page,No,https://www.allovoisins.com/r/0/11/0/0/location-vente/Outillage
N/A,Acheter des chutes - matériaux de récupération - Égliseneuve-près-Billom,France,N/A,1€,N/A,N/A,allovoisins,general,unknown,N/A,N/A,N/A,on-site,MEDIUM,No,"NLP Analysis: Ambiguous signals (remote: 0, onsite: 0)",Durée : 1 jour,detail_page,No,https://www.allovoisins.com/r/0/3/0/0/location-vente/Btp-chantier
N/A,Louer un tracteur de pelouse - Couladère,France,N/A,50€,N/A,N/A,allovoisins,general,employer,N/A,N/A,N/A,on-site,HIGH,No,"LLM: Location d'outils, nécessite présence physique",Durée : 1 jour,detail_page,No,https://www.allovoisins.com/r/0/11/0/0/location-vente/Outillage
N/A,Acheter des chutes - matériaux de récupération - Égliseneuve-près-Billom,France,N/A,1€,N/A,N/A,allovoisins,general,unknown,N/A,N/A,N/A,on-site,MEDIUM,No,"NLP Analysis: Ambiguous signals (remote: 0, onsite: 0)",Durée : 1 jour,detail_page,No,https://www.allovoisins.com/r/0/3/0/0/location-vente/Btp-chantier
N/A,Louer un lève portes / lève meubles - Offranville,France,N/A,5€,N/A,N/A,allovoisins,general,unknown,N/A,N/A,N/A,on-site,MEDIUM,No,"NLP Analysis: Ambiguous signals (remote: 0, onsite: 0)",Durée : 1 jour,detail_page,No,https://www.allovoisins.com/r/0/7/0/0/location-vente/Manutention
N/A,Recherche Home sitting - Accueil - Gardiennage à Erquy,France,N/A,N/A,N/A,N/A,allovoisins,general,unknown,N/A,N/A,N/A,on-site,MEDIUM,No,"NLP Analysis: Ambiguous signals (remote: 0, onsite: 0)",N/A,listing_page,No,https://www.allovoisins.com/v/home-sitting-accueil-gardiennage
N/A,Louer une tondeuse à gazon - Lunel,France,N/A,15€,N/A,N/A,allovoisins,general,employer,N/A,N/A,N/A,on-site,HIGH,No,"LLM: Location d'outils, nécessite présence physique",Durée : 1 jour,detail_page,No,https://www.allovoisins.com/r/0/11/0/0/location-vente/Outillage
N/A,Recherche Pose de parquet - Revêtement de sol à Fontaine,France,N/A,N/A,N/A,N/A,allovoisins,general,unknown,N/A,N/A,N/A,on-site,MEDIUM,No,"NLP Analysis: Ambiguous signals (remote: 0, onsite: 0)",N/A,listing_page,No,https://www.allovoisins.com/v/pose-de-parquet-revetement-de-sol
N/A,Louer un lève portes / lève meubles - Offranville,France,N/A,5€,N/A,N/A,allovoisins,general,unknown,N/A,N/A,N/A,on-site,MEDIUM,No,"NLP Analysis: Ambiguous signals (remote: 0, onsite: 0)",Durée : 1 jour,detail_page,No,https://www.allovoisins.com/r/0/7/0/0/location-vente/Manutention
N/A,Recherche Home sitting - Accueil - Gardiennage à Erquy,France,N/A,N/A,N/A,N/A,allovoisins,general,unknown,N/A,N/A,N/A,on-site,MEDIUM,No,"NLP Analysis: Ambiguous signals (remote: 0, onsite: 0)",N/A,listing_page,No,https://www.allovoisins.com/v/home-sitting-accueil-gardiennage
N/A,Louer une tondeuse à gazon - Lunel,France,N/A,15€,N/A,N/A,allovoisins,general,employer,N/A,N/A,N/A,on-site,HIGH,No,"LLM: Location d'outils, nécessite présence physique",Durée : 1 jour,detail_page,No,https://www.allovoisins.com/r/0/11/0/0/location-vente/Outillage
N/A,Recherche Pose de parquet - Revêtement de sol à Fontaine,France,N/A,N/A,N/A,N/A,allovoisins,general,unknown,N/A,N/A,N/A,on-site,MEDIUM,No,"NLP Analysis: Ambiguous signals (remote: 0, onsite: 0)",N/A,listing_page,No,https://www.allovoisins.com/v/pose-de-parquet-revetement-de-sol
N/A,Cherche Aide à domicile à Annecy,France,N/A,N/A,N/A,N/A,allovoisins,general,unknown,N/A,N/A,N/A,on-site,HIGH,No,Obvious on-site work: aide à domicile,N/A,listing_page,No,https://www.allovoisins.com/v/aide-a-domicile
N/A,Recherche Lingerie - Repassage à Vaire,France,N/A,12€ / heure,N/A,N/A,allovoisins,general,unknown,N/A,N/A,N/A,on-site,HIGH,No,Obvious on-site work: repassage,N/A,listing_page,No,https://www.allovoisins.com/v/lingerie-repassage
N/A,Cherche Tonte de pelouse - Débroussaillage à Hyères,France,N/A,N/A,N/A,N/A,allovoisins,general,unknown,N/A,N/A,N/A,on-site,MEDIUM,No,"NLP Analysis: Ambiguous signals (remote: 0, onsite: 0)",N/A,listing_page,No,https://www.allovoisins.com/v/tonte-de-pelouse-debroussaillage
N/A,Louer une remorque auto - Doudeville,France,N/A,29€,N/A,N/A,allovoisins,general,unknown,N/A,N/A,N/A,on-site,MEDIUM,No,"NLP Analysis: Ambiguous signals (remote: 0, onsite: 0)",N/A,listing_page,No,https://www.allovoisins.com/r/0/79/0/0/location-vente/Remorque-accessoires-auto
N/A,Louer un lève portes / lève meubles - Offranville,France,N/A,5€,N/A,N/A,allovoisins,general,unknown,N/A,N/A,N/A,on-site,MEDIUM,No,"NLP Analysis: Ambiguous signals (remote: 0, onsite: 0)",Durée : 1 jour,detail_page,No,https://www.allovoisins.com/r/0/7/0/0/location-vente/Manutention
N/A,Recherche Home sitting - Accueil - Gardiennage à Erquy,France,N/A,N/A,N/A,N/A,allovoisins,general,unknown,N/A,N/A,N/A,on-site,MEDIUM,No,"NLP Analysis: Ambiguous signals (remote: 0, onsite: 0)",N/A,listing_page,No,https://www.allovoisins.com/v/home-sitting-accueil-gardiennage
N/A,Louer une tondeuse à gazon - Lunel,France,N/A,15€,N/A,N/A,allovoisins,general,employer,N/A,N/A,N/A,on-site,HIGH,No,"LLM: Location d'outils, nécessite présence physique",Durée : 1 jour,detail_page,No,https://www.allovoisins.com/r/0/11/0/0/location-vente/Outillage
N/A,Recherche Pose de parquet - Revêtement de sol à Fontaine,France,N/A,N/A,N/A,N/A,allovoisins,general,unknown,N/A,N/A,N/A,on-site,MEDIUM,No,"NLP Analysis: Ambiguous signals (remote: 0, onsite: 0)",N/A,listing_page,No,https://www.allovoisins.com/v/pose-de-parquet-revetement-de-sol
N/A,Louer un tracteur de pelouse - Couladère,France,N/A,50€,N/A,N/A,allovoisins,general,employer,N/A,N/A,N/A,on-site,HIGH,No,"LLM: Location d'outils, nécessite présence physique",Durée : 1 jour,detail_page,No,https://www.allovoisins.com/r/0/11/0/0/location-vente/Outillage
N/A,Acheter des chutes - matériaux de récupération - Égliseneuve-près-Billom,France,N/A,1€,N/A,N/A,allovoisins,general,unknown,N/A,N/A,N/A,on-site,MEDIUM,No,"NLP Analysis: Ambiguous signals (remote: 0, onsite: 0)",Durée : 1 jour,detail_page,No,https://www.allovoisins.com/r/0/3/0/0/location-vente/Btp-chantier
N/A,Louer un tracteur de pelouse - Couladère,France,N/A,50€,N/A,N/A,allovoisins,general,employer,N/A,N/A,N/A,on-site,HIGH,No,"LLM: Location d'outils, nécessite présence physique",Durée : 1 jour,detail_page,No,https://www.allovoisins.com/r/0/11/0/0/location-vente/Outillage
N/A,Acheter des chutes - matériaux de récupération - Égliseneuve-près-Billom,France,N/A,1€,N/A,N/A,allovoisins,general,unknown,N/A,N/A,N/A,on-site,MEDIUM,No,"NLP Analysis: Ambiguous signals (remote: 0, onsite: 0)",Durée : 1 jour,detail_page,No,https://www.allovoisins.com/r/0/3/0/0/location-vente/Btp-chantier
N/A,Louer un lève portes / lève meubles - Offranville,France,N/A,5€,N/A,N/A,allovoisins,general,unknown,N/A,N/A,N/A,on-site,MEDIUM,No,"NLP Analysis: Ambiguous signals (remote: 0, onsite: 0)",Durée : 1 jour,detail_page,No,https://www.allovoisins.com/r/0/7/0/0/location-vente/Manutention
N/A,Recherche Home sitting - Accueil - Gardiennage à Erquy,France,N/A,N/A,N/A,N/A,allovoisins,general,unknown,N/A,N/A,N/A,on-site,MEDIUM,No,"NLP Analysis: Ambiguous signals (remote: 0, onsite: 0)",N/A,listing_page,No,https://www.allovoisins.com/v/home-sitting-accueil-gardiennage
N/A,Louer une tondeuse à gazon - Lunel,France,N/A,15€,N/A,N/A,allovoisins,general,employer,N/A,N/A,N/A,on-site,HIGH,No,"LLM: Location d'outils, nécessite présence physique",Durée : 1 jour,detail_page,No,https://www.allovoisins.com/r/0/11/0/0/location-vente/Outillage
N/A,Recherche Pose de parquet - Revêtement de sol à Fontaine,France,N/A,N/A,N/A,N/A,allovoisins,general,unknown,N/A,N/A,N/A,on-site,MEDIUM,No,"NLP Analysis: Ambiguous signals (remote: 0, onsite: 0)",N/A,listing_page,No,https://www.allovoisins.com/v/pose-de-parquet-revetement-de-sol
N/A,Louer un tracteur de pelouse - Couladère,France,N/A,50€,N/A,N/A,allovoisins,general,employer,N/A,N/A,N/A,on-site,HIGH,No,"LLM: Location d'outils, nécessite présence physique",Durée : 1 jour,detail_page,No,https://www.allovoisins.com/r/0/11/0/0/location-vente/Outillage
N/A,Acheter des chutes - matériaux de récupération - Égliseneuve-près-Billom,France,N/A,1€,N/A,N/A,allovoisins,general,unknown,N/A,N/A,N/A,on-site,MEDIUM,No,"NLP Analysis: Ambiguous signals (remote: 0, onsite: 0)",Durée : 1 jour,detail_page,No,https://www.allovoisins.com/r/0/3/0/0/location-vente/Btp-chantier
N/A,Louer un tracteur de pelouse - Couladère,France,N/A,50€,N/A,N/A,allovoisins,general,employer,N/A,N/A,N/A,on-site,HIGH,No,"LLM: Location d'outils, nécessite présence physique",Durée : 1 jour,detail_page,No,https://www.allovoisins.com/r/0/11/0/0/location-vente/Outillage
N/A,Acheter des chutes - matériaux de récupération - Égliseneuve-près-Billom,France,N/A,1€,N/A,N/A,allovoisins,general,unknown,N/A,N/A,N/A,on-site,MEDIUM,No,"NLP Analysis: Ambiguous signals (remote: 0, onsite: 0)",Durée : 1 jour,detail_page,No,https://www.allovoisins.com/r/0/3/0/0/location-vente/Btp-chantier
N/A,Louer un lève portes / lève meubles - Offranville,France,N/A,5€,N/A,N/A,allovoisins,general,unknown,N/A,N/A,N/A,on-site,MEDIUM,No,"NLP Analysis: Ambiguous signals (remote: 0, onsite: 0)",Durée : 1 jour,detail_page,No,https://www.allovoisins.com/r/0/7/0/0/location-vente/Manutention
N/A,Recherche Home sitting - Accueil - Gardiennage à Erquy,France,N/A,N/A,N/A,N/A,allovoisins,general,unknown,N/A,N/A,N/A,on-site,MEDIUM,No,"NLP Analysis: Ambiguous signals (remote: 0, onsite: 0)",N/A,listing_page,No,https://www.allovoisins.com/v/home-sitting-accueil-gardiennage
N/A,Louer une tondeuse à gazon - Lunel,France,N/A,15€,N/A,N/A,allovoisins,general,employer,N/A,N/A,N/A,on-site,HIGH,No,"LLM: Location d'outils, nécessite présence physique",Durée : 1 jour,detail_page,No,https://www.allovoisins.com/r/0/11/0/0/location-vente/Outillage
N/A,Recherche Pose de parquet - Revêtement de sol à Fontaine,France,N/A,N/A,N/A,N/A,allovoisins,general,unknown,N/A,N/A,N/A,on-site,MEDIUM,No,"NLP Analysis: Ambiguous signals (remote: 0, onsite: 0)",N/A,listing_page,No,https://www.allovoisins.com/v/pose-de-parquet-revetement-de-sol
N/A,Louer un lève portes / lève meubles - Offranville,France,N/A,5€,N/A,N/A,allovoisins,general,unknown,N/A,N/A,N/A,on-site,MEDIUM,No,"NLP Analysis: Ambiguous signals (remote: 0, onsite: 0)",Durée : 1 jour,detail_page,No,https://www.allovoisins.com/r/0/7/0/0/location-vente/Manutention
N/A,Recherche Home sitting - Accueil - Gardiennage à Erquy,France,N/A,N/A,N/A,N/A,allovoisins,general,unknown,N/A,N/A,N/A,on-site,MEDIUM,No,"NLP Analysis: Ambiguous signals (remote: 0, onsite: 0)",N/A,listing_page,No,https://www.allovoisins.com/v/home-sitting-accueil-gardiennage
N/A,Louer une tondeuse à gazon - Lunel,France,N/A,15€,N/A,N/A,allovoisins,general,employer,N/A,N/A,N/A,on-site,HIGH,No,"LLM: Location d'outils, nécessite présence physique",Durée : 1 jour,detail_page,No,https://www.allovoisins.com/r/0/11/0/0/location-vente/Outillage
N/A,Recherche Pose de parquet - Revêtement de sol à Fontaine,France,N/A,N/A,N/A,N/A,allovoisins,general,unknown,N/A,N/A,N/A,on-site,MEDIUM,No,"NLP Analysis: Ambiguous signals (remote: 0, onsite: 0)",N/A,listing_page,No,https://www.allovoisins.com/v/pose-de-parquet-revetement-de-sol
N/A,Louer un tracteur de pelouse - Couladère,France,N/A,50€,N/A,N/A,allovoisins,general,employer,N/A,N/A,N/A,on-site,HIGH,No,"LLM: Location d'outils, nécessite présence physique",Durée : 1 jour,detail_page,No,https://www.allovoisins.com/r/0/11/0/0/location-vente/Outillage
N/A,Acheter des chutes - matériaux de récupération - Égliseneuve-près-Billom,France,N/A,1€,N/A,N/A,allovoisins,general,unknown,N/A,N/A,N/A,on-site,MEDIUM,No,"NLP Analysis: Ambiguous signals (remote: 0, onsite: 0)",Durée : 1 jour,detail_page,No,https://www.allovoisins.com/r/0/3/0/0/location-vente/Btp-chantier
N/A,Louer un lève portes / lève meubles - Offranville,France,N/A,5€,N/A,N/A,allovoisins,general,unknown,N/A,N/A,N/A,on-site,MEDIUM,No,"NLP Analysis: Ambiguous signals (remote: 0, onsite: 0)",Durée : 1 jour,detail_page,No,https://www.allovoisins.com/r/0/7/0/0/location-vente/Manutention
N/A,Recherche Home sitting - Accueil - Gardiennage à Erquy,France,N/A,N/A,N/A,N/A,allovoisins,general,unknown,N/A,N/A,N/A,on-site,MEDIUM,No,"NLP Analysis: Ambiguous signals (remote: 0, onsite: 0)",N/A,listing_page,No,https://www.allovoisins.com/v/home-sitting-accueil-gardiennage
N/A,Louer une tondeuse à gazon - Lunel,France,N/A,15€,N/A,N/A,allovoisins,general,employer,N/A,N/A,N/A,on-site,HIGH,No,"LLM: Location d'outils, nécessite présence physique",Durée : 1 jour,detail_page,No,https://www.allovoisins.com/r/0/11/0/0/location-vente/Outillage
N/A,Recherche Pose de parquet - Revêtement de sol à Fontaine,France,N/A,N/A,N/A,N/A,allovoisins,general,unknown,N/A,N/A,N/A,on-site,MEDIUM,No,"NLP Analysis: Ambiguous signals (remote: 0, onsite: 0)",N/A,listing_page,No,https://www.allovoisins.com/v/pose-de-parquet-revetement-de-sol
N/A,Louer un lève portes / lève meubles - Offranville,France,N/A,5€,N/A,N/A,allovoisins,general,unknown,N/A,N/A,N/A,on-site,MEDIUM,No,"NLP Analysis: Ambiguous signals (remote: 0, onsite: 0)",Durée : 1 jour,detail_page,No,https://www.allovoisins.com/r/0/7/0/0/location-vente/Manutention
N/A,Recherche Home sitting - Accueil - Gardiennage à Erquy,France,N/A,N/A,N/A,N/A,allovoisins,general,unknown,N/A,N/A,N/A,on-site,MEDIUM,No,"NLP Analysis: Ambiguous signals (remote: 0, onsite: 0)",N/A,listing_page,No,https://www.allovoisins.com/v/home-sitting-accueil-gardiennage
N/A,Louer une tondeuse à gazon - Lunel,France,N/A,15€,N/A,N/A,allovoisins,general,employer,N/A,N/A,N/A,on-site,HIGH,No,"LLM: Location d'outils, nécessite présence physique",Durée : 1 jour,detail_page,No,https://www.allovoisins.com/r/0/11/0/0/location-vente/Outillage
N/A,Recherche Pose de parquet - Revêtement de sol à Fontaine,France,N/A,N/A,N/A,N/A,allovoisins,general,unknown,N/A,N/A,N/A,on-site,MEDIUM,No,"NLP Analysis: Ambiguous signals (remote: 0, onsite: 0)",N/A,listing_page,No,https://www.allovoisins.com/v/pose-de-parquet-revetement-de-sol
N/A,Cherche Aide à domicile à Annecy,France,N/A,N/A,N/A,N/A,allovoisins,general,unknown,N/A,N/A,N/A,on-site,HIGH,No,Obvious on-site work: aide à domicile,N/A,listing_page,No,https://www.allovoisins.com/v/aide-a-domicile
N/A,Recherche Lingerie - Repassage à Vaire,France,N/A,12€ / heure,N/A,N/A,allovoisins,general,unknown,N/A,N/A,N/A,on-site,HIGH,No,Obvious on-site work: repassage,N/A,listing_page,No,https://www.allovoisins.com/v/lingerie-repassage
N/A,Cherche Tonte de pelouse - Débroussaillage à Hyères,France,N/A,N/A,N/A,N/A,allovoisins,general,unknown,N/A,N/A,N/A,on-site,MEDIUM,No,"NLP Analysis: Ambiguous signals (remote: 0, onsite: 0)",N/A,listing_page,No,https://www.allovoisins.com/v/tonte-de-pelouse-debroussaillage
N/A,Louer une remorque auto - Doudeville,France,N/A,29€,N/A,N/A,allovoisins,general,unknown,N/A,N/A,N/A,on-site,MEDIUM,No,"NLP Analysis: Ambiguous signals (remote: 0, onsite: 0)",N/A,listing_page,No,https://www.allovoisins.com/r/0/79/0/0/location-vente/Remorque-accessoires-auto
N/A,Louer un tracteur de pelouse - Couladère,France,N/A,50€,N/A,N/A,allovoisins,general,employer,N/A,N/A,N/A,on-site,HIGH,No,"LLM: Location d'outils, nécessite présence physique",Durée : 1 jour,detail_page,No,https://www.allovoisins.com/r/0/11/0/0/location-vente/Outillage
N/A,Acheter des chutes - matériaux de récupération - Égliseneuve-près-Billom,France,N/A,1€,N/A,N/A,allovoisins,general,unknown,N/A,N/A,N/A,on-site,MEDIUM,No,"NLP Analysis: Ambiguous signals (remote: 0, onsite: 0)",Durée : 1 jour,detail_page,No,https://www.allovoisins.com/r/0/3/0/0/location-vente/Btp-chantier
N/A,Louer un lève portes / lève meubles - Offranville,France,N/A,5€,N/A,N/A,allovoisins,general,unknown,N/A,N/A,N/A,on-site,MEDIUM,No,"NLP Analysis: Ambiguous signals (remote: 0, onsite: 0)",Durée : 1 jour,detail_page,No,https://www.allovoisins.com/r/0/7/0/0/location-vente/Manutention
N/A,Recherche Home sitting - Accueil - Gardiennage à Erquy,France,N/A,N/A,N/A,N/A,allovoisins,general,unknown,N/A,N/A,N/A,on-site,MEDIUM,No,"NLP Analysis: Ambiguous signals (remote: 0, onsite: 0)",N/A,listing_page,No,https://www.allovoisins.com/v/home-sitting-accueil-gardiennage
N/A,Louer une tondeuse à gazon - Lunel,France,N/A,15€,N/A,N/A,allovoisins,general,employer,N/A,N/A,N/A,on-site,HIGH,No,"LLM: Location d'outils, nécessite présence physique",Durée : 1 jour,detail_page,No,https://www.allovoisins.com/r/0/11/0/0/location-vente/Outillage
N/A,Recherche Pose de parquet - Revêtement de sol à Fontaine,France,N/A,N/A,N/A,N/A,allovoisins,general,unknown,N/A,N/A,N/A,on-site,MEDIUM,No,"NLP Analysis: Ambiguous signals (remote: 0, onsite: 0)",N/A,listing_page,No,https://www.allovoisins.com/v/pose-de-parquet-revetement-de-sol
N/A,Cherche Aide à domicile à Annecy,France,N/A,N/A,N/A,N/A,allovoisins,general,unknown,N/A,N/A,N/A,on-site,HIGH,No,Obvious on-site work: aide à domicile,N/A,listing_page,No,https://www.allovoisins.com/v/aide-a-domicile
N/A,Recherche Lingerie - Repassage à Vaire,France,N/A,12€ / heure,N/A,N/A,allovoisins,general,unknown,N/A,N/A,N/A,on-site,HIGH,No,Obvious on-site work: repassage,N/A,listing_page,No,https://www.allovoisins.com/v/lingerie-repassage
N/A,Cherche Tonte de pelouse - Débroussaillage à Hyères,France,N/A,N/A,N/A,N/A,allovoisins,general,unknown,N/A,N/A,N/A,on-site,MEDIUM,No,"NLP Analysis: Ambiguous signals (remote: 0, onsite: 0)",N/A,listing_page,No,https://www.allovoisins.com/v/tonte-de-pelouse-debroussaillage
N/A,Louer une remorque auto - Doudeville,France,N/A,29€,N/A,N/A,allovoisins,general,unknown,N/A,N/A,N/A,on-site,MEDIUM,No,"NLP Analysis: Ambiguous signals (remote: 0, onsite: 0)",N/A,listing_page,No,https://www.allovoisins.com/r/0/79/0/0/location-vente/Remorque-accessoires-auto
N/A,Louer un tracteur de pelouse - Couladère,France,N/A,50€,N/A,N/A,allovoisins,general,employer,N/A,N/A,N/A,on-site,HIGH,No,"LLM: Location d'outils, nécessite présence physique",Durée : 1 jour,detail_page,No,https://www.allovoisins.com/r/0/11/0/0/location-vente/Outillage
N/A,Acheter des chutes - matériaux de récupération - Égliseneuve-près-Billom,France,N/A,1€,N/A,N/A,allovoisins,general,unknown,N/A,N/A,N/A,on-site,MEDIUM,No,"NLP Analysis: Ambiguous signals (remote: 0, onsite: 0)",Durée : 1 jour,detail_page,No,https://www.allovoisins.com/r/0/3/0/0/location-vente/Btp-chantier
N/A,Louer un tracteur de pelouse - Couladère,France,N/A,50€,N/A,N/A,allovoisins,general,employer,N/A,N/A,N/A,on-site,HIGH,No,"LLM: Location d'outils, nécessite présence physique",Durée : 1 jour,detail_page,No,https://www.allovoisins.com/r/0/11/0/0/location-vente/Outillage
N/A,Acheter des chutes - matériaux de récupération - Égliseneuve-près-Billom,France,N/A,1€,N/A,N/A,allovoisins,general,unknown,N/A,N/A,N/A,on-site,MEDIUM,No,"NLP Analysis: Ambiguous signals (remote: 0, onsite: 0)",Durée : 1 jour,detail_page,No,https://www.allovoisins.com/r/0/3/0/0/location-vente/Btp-chantier
N/A,Louer un lève portes / lève meubles - Offranville,France,N/A,5€,N/A,N/A,allovoisins,general,unknown,N/A,N/A,N/A,on-site,MEDIUM,No,"NLP Analysis: Ambiguous signals (remote: 0, onsite: 0)",Durée : 1 jour,detail_page,No,https://www.allovoisins.com/r/0/7/0/0/location-vente/Manutention
N/A,Recherche Home sitting - Accueil - Gardiennage à Erquy,France,N/A,N/A,N/A,N/A,allovoisins,general,unknown,N/A,N/A,N/A,on-site,MEDIUM,No,"NLP Analysis: Ambiguous signals (remote: 0, onsite: 0)",N/A,listing_page,No,https://www.allovoisins.com/v/home-sitting-accueil-gardiennage
N/A,Louer une tondeuse à gazon - Lunel,France,N/A,15€,N/A,N/A,allovoisins,general,employer,N/A,N/A,N/A,on-site,HIGH,No,"LLM: Location d'outils, nécessite présence physique",Durée : 1 jour,detail_page,No,https://www.allovoisins.com/r/0/11/0/0/location-vente/Outillage
N/A,Recherche Pose de parquet - Revêtement de sol à Fontaine,France,N/A,N/A,N/A,N/A,allovoisins,general,unknown,N/A,N/A,N/A,on-site,MEDIUM,No,"NLP Analysis: Ambiguous signals (remote: 0, onsite: 0)",N/A,listing_page,No,https://www.allovoisins.com/v/pose-de-parquet-revetement-de-sol
N/A,Louer un lève portes / lève meubles - Offranville,France,N/A,5€,N/A,N/A,allovoisins,general,unknown,N/A,N/A,N/A,on-site,MEDIUM,No,"NLP Analysis: Ambiguous signals (remote: 0, onsite: 0)",Durée : 1 jour,detail_page,No,https://www.allovoisins.com/r/0/7/0/0/location-vente/Manutention
N/A,Recherche Home sitting - Accueil - Gardiennage à Erquy,France,N/A,N/A,N/A,N/A,allovoisins,general,unknown,N/A,N/A,N/A,on-site,MEDIUM,No,"NLP Analysis: Ambiguous signals (remote: 0, onsite: 0)",N/A,listing_page,No,https://www.allovoisins.com/v/home-sitting-accueil-gardiennage
N/A,Louer une tondeuse à gazon - Lunel,France,N/A,15€,N/A,N/A,allovoisins,general,employer,N/A,N/A,N/A,on-site,HIGH,No,"LLM: Location d'outils, nécessite présence physique",Durée : 1 jour,detail_page,No,https://www.allovoisins.com/r/0/11/0/0/location-vente/Outillage
N/A,Recherche Pose de parquet - Revêtement de sol à Fontaine,France,N/A,N/A,N/A,N/A,allovoisins,general,unknown,N/A,N/A,N/A,on-site,MEDIUM,No,"NLP Analysis: Ambiguous signals (remote: 0, onsite: 0)",N/A,listing_page,No,https://www.allovoisins.com/v/pose-de-parquet-revetement-de-sol
N/A,Louer un tracteur de pelouse - Couladère,France,N/A,50€,N/A,N/A,allovoisins,general,employer,N/A,N/A,N/A,on-site,HIGH,No,"LLM: Location d'outils, nécessite présence physique",Durée : 1 jour,detail_page,No,https://www.allovoisins.com/r/0/11/0/0/location-vente/Outillage
N/A,Acheter des chutes - matériaux de récupération - Égliseneuve-près-Billom,France,N/A,1€,N/A,N/A,allovoisins,general,unknown,N/A,N/A,N/A,on-site,MEDIUM,No,"NLP Analysis: Ambiguous signals (remote: 0, onsite: 0)",Durée : 1 jour,detail_page,No,https://www.allovoisins.com/r/0/3/0/0/location-vente/Btp-chantier
N/A,Cherche Aide à domicile à Annecy,France,N/A,N/A,N/A,N/A,allovoisins,general,unknown,N/A,N/A,N/A,on-site,HIGH,No,Obvious on-site work: aide à domicile,N/A,listing_page,No,https://www.allovoisins.com/v/aide-a-domicile
N/A,Recherche Lingerie - Repassage à Vaire,France,N/A,12€ / heure,N/A,N/A,allovoisins,general,unknown,N/A,N/A,N/A,on-site,HIGH,No,Obvious on-site work: repassage,N/A,listing_page,No,https://www.allovoisins.com/v/lingerie-repassage
N/A,Cherche Tonte de pelouse - Débroussaillage à Hyères,France,N/A,N/A,N/A,N/A,allovoisins,general,unknown,N/A,N/A,N/A,on-site,MEDIUM,No,"NLP Analysis: Ambiguous signals (remote: 0, onsite: 0)",N/A,listing_page,No,https://www.allovoisins.com/v/tonte-de-pelouse-debroussaillage
N/A,Louer une remorque auto - Doudeville,France,N/A,29€,N/A,N/A,allovoisins,general,unknown,N/A,N/A,N/A,on-site,MEDIUM,No,"NLP Analysis: Ambiguous signals (remote: 0, onsite: 0)",N/A,listing_page,No,https://www.allovoisins.com/r/0/79/0/0/location-vente/Remorque-accessoires-auto
N/A,Louer un tracteur de pelouse - Couladère,France,N/A,50€,N/A,N/A,allovoisins,general,employer,N/A,N/A,N/A,on-site,HIGH,No,"LLM: Location d'outils, nécessite présence physique",Durée : 1 jour,detail_page,No,https://www.allovoisins.com/r/0/11/0/0/location-vente/Outillage
N/A,Acheter des chutes - matériaux de récupération - Égliseneuve-près-Billom,France,N/A,1€,N/A,N/A,allovoisins,general,unknown,N/A,N/A,N/A,on-site,MEDIUM,No,"NLP Analysis: Ambiguous signals (remote: 0, onsite: 0)",Durée : 1 jour,detail_page,No,https://www.allovoisins.com/r/0/3/0/0/location-vente/Btp-chantier
N/A,Louer un lève portes / lève meubles - Offranville,France,N/A,5€,N/A,N/A,allovoisins,general,unknown,N/A,N/A,N/A,on-site,MEDIUM,No,"NLP Analysis: Ambiguous signals (remote: 0, onsite: 0)",Durée : 1 jour,detail_page,No,https://www.allovoisins.com/r/0/7/0/0/location-vente/Manutention
N/A,Recherche Home sitting - Accueil - Gardiennage à Erquy,France,N/A,N/A,N/A,N/A,allovoisins,general,unknown,N/A,N/A,N/A,on-site,MEDIUM,No,"NLP Analysis: Ambiguous signals (remote: 0, onsite: 0)",N/A,listing_page,No,https://www.allovoisins.com/v/home-sitting-accueil-gardiennage
N/A,Louer une tondeuse à gazon - Lunel,France,N/A,15€,N/A,N/A,allovoisins,general,employer,N/A,N/A,N/A,on-site,HIGH,No,"LLM: Location d'outils, nécessite présence physique",Durée : 1 jour,detail_page,No,https://www.allovoisins.com/r/0/11/0/0/location-vente/Outillage
N/A,Recherche Pose de parquet - Revêtement de sol à Fontaine,France,N/A,N/A,N/A,N/A,allovoisins,general,unknown,N/A,N/A,N/A,on-site,MEDIUM,No,"NLP Analysis: Ambiguous signals (remote: 0, onsite: 0)",N/A,listing_page,No,https://www.allovoisins.com/v/pose-de-parquet-revetement-de-sol
N/A,Cherche Aide à domicile à Annecy,France,N/A,N/A,N/A,N/A,allovoisins,general,unknown,N/A,N/A,N/A,on-site,HIGH,No,Obvious on-site work: aide à domicile,N/A,listing_page,No,https://www.allovoisins.com/v/aide-a-domicile
N/A,Recherche Lingerie - Repassage à Vaire,France,N/A,12€ / heure,N/A,N/A,allovoisins,general,unknown,N/A,N/A,N/A,on-site,HIGH,No,Obvious on-site work: repassage,N/A,listing_page,No,https://www.allovoisins.com/v/lingerie-repassage
N/A,Cherche Tonte de pelouse - Débroussaillage à Hyères,France,N/A,N/A,N/A,N/A,allovoisins,general,unknown,N/A,N/A,N/A,on-site,MEDIUM,No,"NLP Analysis: Ambiguous signals (remote: 0, onsite: 0)",N/A,listing_page,No,https://www.allovoisins.com/v/tonte-de-pelouse-debroussaillage
N/A,Louer une remorque auto - Doudeville,France,N/A,29€,N/A,N/A,allovoisins,general,unknown,N/A,N/A,N/A,on-site,MEDIUM,No,"NLP Analysis: Ambiguous signals (remote: 0, onsite: 0)",N/A,listing_page,No,https://www.allovoisins.com/r/0/79/0/0/location-vente/Remorque-accessoires-auto
N/A,Cherche Aide à domicile à Annecy,France,N/A,N/A,N/A,N/A,allovoisins,general,unknown,N/A,N/A,N/A,on-site,HIGH,No,Obvious on-site work: aide à domicile,N/A,listing_page,No,https://www.allovoisins.com/v/aide-a-domicile
N/A,Recherche Lingerie - Repassage à Vaire,France,N/A,12€ / heure,N/A,N/A,allovoisins,general,unknown,N/A,N/A,N/A,on-site,HIGH,No,Obvious on-site work: repassage,N/A,listing_page,No,https://www.allovoisins.com/v/lingerie-repassage
N/A,Cherche Tonte de pelouse - Débroussaillage à Hyères,France,N/A,N/A,N/A,N/A,allovoisins,general,unknown,N/A,N/A,N/A,on-site,MEDIUM,No,"NLP Analysis: Ambiguous signals (remote: 0, onsite: 0)",N/A,listing_page,No,https://www.allovoisins.com/v/tonte-de-pelouse-debroussaillage
N/A,Louer une remorque auto - Doudeville,France,N/A,29€,N/A,N/A,allovoisins,general,unknown,N/A,N/A,N/A,on-site,MEDIUM,No,"NLP Analysis: Ambiguous signals (remote: 0, onsite: 0)",N/A,listing_page,No,https://www.allovoisins.com/r/0/79/0/0/location-vente/Remorque-accessoires-auto
N/A,Cherche Aide à domicile à Annecy,France,N/A,N/A,N/A,N/A,allovoisins,general,unknown,N/A,N/A,N/A,on-site,HIGH,No,Obvious on-site work: aide à domicile,N/A,listing_page,No,https://www.allovoisins.com/v/aide-a-domicile
N/A,Recherche Lingerie - Repassage à Vaire,France,N/A,12€ / heure,N/A,N/A,allovoisins,general,unknown,N/A,N/A,N/A,on-site,HIGH,No,Obvious on-site work: repassage,N/A,listing_page,No,https://www.allovoisins.com/v/lingerie-repassage
N/A,Cherche Tonte de pelouse - Débroussaillage à Hyères,France,N/A,N/A,N/A,N/A,allovoisins,general,unknown,N/A,N/A,N/A,on-site,MEDIUM,No,"NLP Analysis: Ambiguous signals (remote: 0, onsite: 0)",N/A,listing_page,No,https://www.allovoisins.com/v/tonte-de-pelouse-debroussaillage
N/A,Louer une remorque auto - Doudeville,France,N/A,29€,N/A,N/A,allovoisins,general,unknown,N/A,N/A,N/A,on-site,MEDIUM,No,"NLP Analysis: Ambiguous signals (remote: 0, onsite: 0)",N/A,listing_page,No,https://www.allovoisins.com/r/0/79/0/0/location-vente/Remorque-accessoires-auto
N/A,Cherche Aide à domicile à Annecy,France,N/A,N/A,N/A,N/A,allovoisins,general,unknown,N/A,N/A,N/A,on-site,HIGH,No,Obvious on-site work: aide à domicile,N/A,listing_page,No,https://www.allovoisins.com/v/aide-a-domicile
N/A,Recherche Lingerie - Repassage à Vaire,France,N/A,12€ / heure,N/A,N/A,allovoisins,general,unknown,N/A,N/A,N/A,on-site,HIGH,No,Obvious on-site work: repassage,N/A,listing_page,No,https://www.allovoisins.com/v/lingerie-repassage
N/A,Cherche Tonte de pelouse - Débroussaillage à Hyères,France,N/A,N/A,N/A,N/A,allovoisins,general,unknown,N/A,N/A,N/A,on-site,MEDIUM,No,"NLP Analysis: Ambiguous signals (remote: 0, onsite: 0)",N/A,listing_page,No,https://www.allovoisins.com/v/tonte-de-pelouse-debroussaillage
N/A,Louer une remorque auto - Doudeville,France,N/A,29€,N/A,N/A,allovoisins,general,unknown,N/A,N/A,N/A,on-site,MEDIUM,No,"NLP Analysis: Ambiguous signals (remote: 0, onsite: 0)",N/A,listing_page,No,https://www.allovoisins.com/r/0/79/0/0/location-vente/Remorque-accessoires-auto
N/A,Cherche Aide à domicile à Annecy,France,N/A,N/A,N/A,N/A,allovoisins,general,unknown,N/A,N/A,N/A,on-site,HIGH,No,Obvious on-site work: aide à domicile,N/A,listing_page,No,https://www.allovoisins.com/v/aide-a-domicile
N/A,Recherche Lingerie - Repassage à Vaire,France,N/A,12€ / heure,N/A,N/A,allovoisins,general,unknown,N/A,N/A,N/A,on-site,HIGH,No,Obvious on-site work: repassage,N/A,listing_page,No,https://www.allovoisins.com/v/lingerie-repassage
N/A,Cherche Tonte de pelouse - Débroussaillage à Hyères,France,N/A,N/A,N/A,N/A,allovoisins,general,unknown,N/A,N/A,N/A,on-site,MEDIUM,No,"NLP Analysis: Ambiguous signals (remote: 0, onsite: 0)",N/A,listing_page,No,https://www.allovoisins.com/v/tonte-de-pelouse-debroussaillage
N/A,Louer une remorque auto - Doudeville,France,N/A,29€,N/A,N/A,allovoisins,general,unknown,N/A,N/A,N/A,on-site,MEDIUM,No,"NLP Analysis: Ambiguous signals (remote: 0, onsite: 0)",N/A,listing_page,No,https://www.allovoisins.com/r/0/79/0/0/location-vente/Remorque-accessoires-auto
N/A,Louer un lève portes / lève meubles - Offranville,France,N/A,5€,N/A,N/A,allovoisins,general,unknown,N/A,N/A,N/A,on-site,MEDIUM,No,"NLP Analysis: Ambiguous signals (remote: 0, onsite: 0)",Durée : 1 jour,detail_page,No,https://www.allovoisins.com/r/0/7/0/0/location-vente/Manutention
N/A,Recherche Home sitting - Accueil - Gardiennage à Erquy,France,N/A,N/A,N/A,N/A,allovoisins,general,unknown,N/A,N/A,N/A,on-site,MEDIUM,No,"NLP Analysis: Ambiguous signals (remote: 0, onsite: 0)",N/A,listing_page,No,https://www.allovoisins.com/v/home-sitting-accueil-gardiennage
N/A,Louer une tondeuse à gazon - Lunel,France,N/A,15€,N/A,N/A,allovoisins,general,employer,N/A,N/A,N/A,on-site,HIGH,No,"LLM: Location d'outils, nécessite présence physique",Durée : 1 jour,detail_page,No,https://www.allovoisins.com/r/0/11/0/0/location-vente/Outillage
N/A,Recherche Pose de parquet - Revêtement de sol à Fontaine,France,N/A,N/A,N/A,N/A,allovoisins,general,unknown,N/A,N/A,N/A,on-site,MEDIUM,No,"NLP Analysis: Ambiguous signals (remote: 0, onsite: 0)",N/A,listing_page,No,https://www.allovoisins.com/v/pose-de-parquet-revetement-de-sol
N/A,Louer un tracteur de pelouse - Couladère,France,N/A,50€,N/A,N/A,allovoisins,general,employer,N/A,N/A,N/A,on-site,HIGH,No,"LLM: Location d'outils, nécessite présence physique",Durée : 1 jour,detail_page,No,https://www.allovoisins.com/r/0/11/0/0/location-vente/Outillage
N/A,Acheter des chutes - matériaux de récupération - Égliseneuve-près-Billom,France,N/A,1€,N/A,N/A,allovoisins,general,unknown,N/A,N/A,N/A,on-site,MEDIUM,No,"NLP Analysis: Ambiguous signals (remote: 0, onsite: 0)",Durée : 1 jour,detail_page,No,https://www.allovoisins.com/r/0/3/0/0/location-vente/Btp-chantier
N/A,Louer un tracteur de pelouse - Couladère,France,N/A,50€,N/A,N/A,allovoisins,general,employer,N/A,N/A,N/A,on-site,HIGH,No,"LLM: Location d'outils, nécessite présence physique",Durée : 1 jour,detail_page,No,https://www.allovoisins.com/r/0/11/0/0/location-vente/Outillage
N/A,Acheter des chutes - matériaux de récupération - Égliseneuve-près-Billom,France,N/A,1€,N/A,N/A,allovoisins,general,unknown,N/A,N/A,N/A,on-site,MEDIUM,No,"NLP Analysis: Ambiguous signals (remote: 0, onsite: 0)",Durée : 1 jour,detail_page,No,https://www.allovoisins.com/r/0/3/0/0/location-vente/Btp-chantier
N/A,Louer un tracteur de pelouse - Couladère,France,N/A,50€,N/A,N/A,allovoisins,general,employer,N/A,N/A,N/A,on-site,HIGH,No,"LLM: Location d'outils, nécessite présence physique",Durée : 1 jour,detail_page,No,https://www.allovoisins.com/r/0/11/0/0/location-vente/Outillage
N/A,Acheter des chutes - matériaux de récupération - Égliseneuve-près-Billom,France,N/A,1€,N/A,N/A,allovoisins,general,unknown,N/A,N/A,N/A,on-site,MEDIUM,No,"NLP Analysis: Ambiguous signals (remote: 0, onsite: 0)",Durée : 1 jour,detail_page,No,https://www.allovoisins.com/r/0/3/0/0/location-vente/Btp-chantier
N/A,Cherche Aide à domicile à Annecy,France,N/A,N/A,N/A,N/A,allovoisins,general,unknown,N/A,N/A,N/A,on-site,HIGH,No,Obvious on-site work: aide à domicile,N/A,listing_page,No,https://www.allovoisins.com/v/aide-a-domicile
N/A,Recherche Lingerie - Repassage à Vaire,France,N/A,12€ / heure,N/A,N/A,allovoisins,general,unknown,N/A,N/A,N/A,on-site,HIGH,No,Obvious on-site work: repassage,N/A,listing_page,No,https://www.allovoisins.com/v/lingerie-repassage
N/A,Cherche Tonte de pelouse - Débroussaillage à Hyères,France,N/A,N/A,N/A,N/A,allovoisins,general,unknown,N/A,N/A,N/A,on-site,MEDIUM,No,"NLP Analysis: Ambiguous signals (remote: 0, onsite: 0)",N/A,listing_page,No,https://www.allovoisins.com/v/tonte-de-pelouse-debroussaillage
N/A,Louer une remorque auto - Doudeville,France,N/A,29€,N/A,N/A,allovoisins,general,unknown,N/A,N/A,N/A,on-site,MEDIUM,No,"NLP Analysis: Ambiguous signals (remote: 0, onsite: 0)",N/A,listing_page,No,https://www.allovoisins.com/r/0/79/0/0/location-vente/Remorque-accessoires-auto
N/A,Louer un lève portes / lève meubles - Offranville,France,N/A,5€,N/A,N/A,allovoisins,general,unknown,N/A,N/A,N/A,on-site,MEDIUM,No,"NLP Analysis: Ambiguous signals (remote: 0, onsite: 0)",Durée : 1 jour,detail_page,No,https://www.allovoisins.com/r/0/7/0/0/location-vente/Manutention
N/A,Recherche Home sitting - Accueil - Gardiennage à Erquy,France,N/A,N/A,N/A,N/A,allovoisins,general,unknown,N/A,N/A,N/A,on-site,MEDIUM,No,"NLP Analysis: Ambiguous signals (remote: 0, onsite: 0)",N/A,listing_page,No,https://www.allovoisins.com/v/home-sitting-accueil-gardiennage
N/A,Louer une tondeuse à gazon - Lunel,France,N/A,15€,N/A,N/A,allovoisins,general,employer,N/A,N/A,N/A,on-site,HIGH,No,"LLM: Location d'outils, nécessite présence physique",Durée : 1 jour,detail_page,No,https://www.allovoisins.com/r/0/11/0/0/location-vente/Outillage
N/A,Recherche Pose de parquet - Revêtement de sol à Fontaine,France,N/A,N/A,N/A,N/A,allovoisins,general,unknown,N/A,N/A,N/A,on-site,MEDIUM,No,"NLP Analysis: Ambiguous signals (remote: 0, onsite: 0)",N/A,listing_page,No,https://www.allovoisins.com/v/pose-de-parquet-revetement-de-sol
N/A,Cherche Aide à domicile à Annecy,France,N/A,N/A,N/A,N/A,allovoisins,general,unknown,N/A,N/A,N/A,on-site,HIGH,No,Obvious on-site work: aide à domicile,N/A,listing_page,No,https://www.allovoisins.com/v/aide-a-domicile
N/A,Recherche Lingerie - Repassage à Vaire,France,N/A,12€ / heure,N/A,N/A,allovoisins,general,unknown,N/A,N/A,N/A,on-site,HIGH,No,Obvious on-site work: repassage,N/A,listing_page,No,https://www.allovoisins.com/v/lingerie-repassage
N/A,Cherche Tonte de pelouse - Débroussaillage à Hyères,France,N/A,N/A,N/A,N/A,allovoisins,general,unknown,N/A,N/A,N/A,on-site,MEDIUM,No,"NLP Analysis: Ambiguous signals (remote: 0, onsite: 0)",N/A,listing_page,No,https://www.allovoisins.com/v/tonte-de-pelouse-debroussaillage
N/A,Louer une remorque auto - Doudeville,France,N/A,29€,N/A,N/A,allovoisins,general,unknown,N/A,N/A,N/A,on-site,MEDIUM,No,"NLP Analysis: Ambiguous signals (remote: 0, onsite: 0)",N/A,listing_page,No,https://www.allovoisins.com/r/0/79/0/0/location-vente/Remorque-accessoires-auto
N/A,Cherche Aide à domicile à Annecy,France,N/A,N/A,N/A,N/A,allovoisins,general,unknown,N/A,N/A,N/A,on-site,HIGH,No,Obvious on-site work: aide à domicile,N/A,listing_page,No,https://www.allovoisins.com/v/aide-a-domicile
N/A,Recherche Lingerie - Repassage à Vaire,France,N/A,12€ / heure,N/A,N/A,allovoisins,general,unknown,N/A,N/A,N/A,on-site,HIGH,No,Obvious on-site work: repassage,N/A,listing_page,No,https://www.allovoisins.com/v/lingerie-repassage
N/A,Cherche Tonte de pelouse - Débroussaillage à Hyères,France,N/A,N/A,N/A,N/A,allovoisins,general,unknown,N/A,N/A,N/A,on-site,MEDIUM,No,"NLP Analysis: Ambiguous signals (remote: 0, onsite: 0)",N/A,listing_page,No,https://www.allovoisins.com/v/tonte-de-pelouse-debroussaillage
N/A,Louer une remorque auto - Doudeville,France,N/A,29€,N/A,N/A,allovoisins,general,unknown,N/A,N/A,N/A,on-site,MEDIUM,No,"NLP Analysis: Ambiguous signals (remote: 0, onsite: 0)",N/A,listing_page,No,https://www.allovoisins.com/r/0/79/0/0/location-vente/Remorque-accessoires-auto
N/A,Louer un lève portes / lève meubles - Offranville,France,N/A,5€,N/A,N/A,allovoisins,general,unknown,N/A,N/A,N/A,on-site,MEDIUM,No,"NLP Analysis: Ambiguous signals (remote: 0, onsite: 0)",Durée : 1 jour,detail_page,No,https://www.allovoisins.com/r/0/7/0/0/location-vente/Manutention
N/A,Recherche Home sitting - Accueil - Gardiennage à Erquy,France,N/A,N/A,N/A,N/A,allovoisins,general,unknown,N/A,N/A,N/A,on-site,MEDIUM,No,"NLP Analysis: Ambiguous signals (remote: 0, onsite: 0)",N/A,listing_page,No,https://www.allovoisins.com/v/home-sitting-accueil-gardiennage
N/A,Louer une tondeuse à gazon - Lunel,France,N/A,15€,N/A,N/A,allovoisins,general,employer,N/A,N/A,N/A,on-site,HIGH,No,"LLM: Location d'outils, nécessite présence physique",Durée : 1 jour,detail_page,No,https://www.allovoisins.com/r/0/11/0/0/location-vente/Outillage
N/A,Recherche Pose de parquet - Revêtement de sol à Fontaine,France,N/A,N/A,N/A,N/A,allovoisins,general,unknown,N/A,N/A,N/A,on-site,MEDIUM,No,"NLP Analysis: Ambiguous signals (remote: 0, onsite: 0)",N/A,listing_page,No,https://www.allovoisins.com/v/pose-de-parquet-revetement-de-sol
N/A,Cherche Aide à domicile à Annecy,France,N/A,N/A,N/A,N/A,allovoisins,general,unknown,N/A,N/A,N/A,on-site,HIGH,No,Obvious on-site work: aide à domicile,N/A,listing_page,No,https://www.allovoisins.com/v/aide-a-domicile
N/A,Recherche Lingerie - Repassage à Vaire,France,N/A,12€ / heure,N/A,N/A,allovoisins,general,unknown,N/A,N/A,N/A,on-site,HIGH,No,Obvious on-site work: repassage,N/A,listing_page,No,https://www.allovoisins.com/v/lingerie-repassage
N/A,Cherche Tonte de pelouse - Débroussaillage à Hyères,France,N/A,N/A,N/A,N/A,allovoisins,general,unknown,N/A,N/A,N/A,on-site,MEDIUM,No,"NLP Analysis: Ambiguous signals (remote: 0, onsite: 0)",N/A,listing_page,No,https://www.allovoisins.com/v/tonte-de-pelouse-debroussaillage
N/A,Louer une remorque auto - Doudeville,France,N/A,29€,N/A,N/A,allovoisins,general,unknown,N/A,N/A,N/A,on-site,MEDIUM,No,"NLP Analysis: Ambiguous signals (remote: 0, onsite: 0)",N/A,listing_page,No,https://www.allovoisins.com/r/0/79/0/0/location-vente/Remorque-accessoires-auto
N/A,Cherche Aide à domicile à Annecy,France,N/A,N/A,N/A,N/A,allovoisins,general,unknown,N/A,N/A,N/A,on-site,HIGH,No,Obvious on-site work: aide à domicile,N/A,listing_page,No,https://www.allovoisins.com/v/aide-a-domicile
N/A,Recherche Lingerie - Repassage à Vaire,France,N/A,12€ / heure,N/A,N/A,allovoisins,general,unknown,N/A,N/A,N/A,on-site,HIGH,No,Obvious on-site work: repassage,N/A,listing_page,No,https://www.allovoisins.com/v/lingerie-repassage
N/A,Cherche Tonte de pelouse - Débroussaillage à Hyères,France,N/A,N/A,N/A,N/A,allovoisins,general,unknown,N/A,N/A,N/A,on-site,MEDIUM,No,"NLP Analysis: Ambiguous signals (remote: 0, onsite: 0)",N/A,listing_page,No,https://www.allovoisins.com/v/tonte-de-pelouse-debroussaillage
N/A,Louer une remorque auto - Doudeville,France,N/A,29€,N/A,N/A,allovoisins,general,unknown,N/A,N/A,N/A,on-site,MEDIUM,No,"NLP Analysis: Ambiguous signals (remote: 0, onsite: 0)",N/A,listing_page,No,https://www.allovoisins.com/r/0/79/0/0/location-vente/Remorque-accessoires-auto
N/A,Louer un lève portes / lève meubles - Offranville,France,N/A,5€,N/A,N/A,allovoisins,general,unknown,N/A,N/A,N/A,on-site,MEDIUM,No,"NLP Analysis: Ambiguous signals (remote: 0, onsite: 0)",Durée : 1 jour,detail_page,No,https://www.allovoisins.com/r/0/7/0/0/location-vente/Manutention
N/A,Recherche Home sitting - Accueil - Gardiennage à Erquy,France,N/A,N/A,N/A,N/A,allovoisins,general,unknown,N/A,N/A,N/A,on-site,MEDIUM,No,"NLP Analysis: Ambiguous signals (remote: 0, onsite: 0)",N/A,listing_page,No,https://www.allovoisins.com/v/home-sitting-accueil-gardiennage
N/A,Louer une tondeuse à gazon - Lunel,France,N/A,15€,N/A,N/A,allovoisins,general,employer,N/A,N/A,N/A,on-site,HIGH,No,"LLM: Location d'outils, nécessite présence physique",Durée : 1 jour,detail_page,No,https://www.allovoisins.com/r/0/11/0/0/location-vente/Outillage
N/A,Recherche Pose de parquet - Revêtement de sol à Fontaine,France,N/A,N/A,N/A,N/A,allovoisins,general,unknown,N/A,N/A,N/A,on-site,MEDIUM,No,"NLP Analysis: Ambiguous signals (remote: 0, onsite: 0)",N/A,listing_page,No,https://www.allovoisins.com/v/pose-de-parquet-revetement-de-sol
N/A,Cherche Aide à domicile à Annecy,France,N/A,N/A,N/A,N/A,allovoisins,general,unknown,N/A,N/A,N/A,on-site,HIGH,No,Obvious on-site work: aide à domicile,N/A,listing_page,No,https://www.allovoisins.com/v/aide-a-domicile
N/A,Recherche Lingerie - Repassage à Vaire,France,N/A,12€ / heure,N/A,N/A,allovoisins,general,unknown,N/A,N/A,N/A,on-site,HIGH,No,Obvious on-site work: repassage,N/A,listing_page,No,https://www.allovoisins.com/v/lingerie-repassage
N/A,Cherche Tonte de pelouse - Débroussaillage à Hyères,France,N/A,N/A,N/A,N/A,allovoisins,general,unknown,N/A,N/A,N/A,on-site,MEDIUM,No,"NLP Analysis: Ambiguous signals (remote: 0, onsite: 0)",N/A,listing_page,No,https://www.allovoisins.com/v/tonte-de-pelouse-debroussaillage
N/A,Louer une remorque auto - Doudeville,France,N/A,29€,N/A,N/A,allovoisins,general,unknown,N/A,N/A,N/A,on-site,MEDIUM,No,"NLP Analysis: Ambiguous signals (remote: 0, onsite: 0)",N/A,listing_page,No,https://www.allovoisins.com/r/0/79/0/0/location-vente/Remorque-accessoires-auto
N/A,Louer un lève portes / lève meubles - Offranville,France,N/A,5€,N/A,N/A,allovoisins,general,unknown,N/A,N/A,N/A,on-site,MEDIUM,No,"NLP Analysis: Ambiguous signals (remote: 0, onsite: 0)",Durée : 1 jour,detail_page,No,https://www.allovoisins.com/r/0/7/0/0/location-vente/Manutention
N/A,Recherche Home sitting - Accueil - Gardiennage à Erquy,France,N/A,N/A,N/A,N/A,allovoisins,general,unknown,N/A,N/A,N/A,on-site,MEDIUM,No,"NLP Analysis: Ambiguous signals (remote: 0, onsite: 0)",N/A,listing_page,No,https://www.allovoisins.com/v/home-sitting-accueil-gardiennage
N/A,Louer une tondeuse à gazon - Lunel,France,N/A,15€,N/A,N/A,allovoisins,general,employer,N/A,N/A,N/A,on-site,HIGH,No,"LLM: Location d'outils, nécessite présence physique",Durée : 1 jour,detail_page,No,https://www.allovoisins.com/r/0/11/0/0/location-vente/Outillage
N/A,Recherche Pose de parquet - Revêtement de sol à Fontaine,France,N/A,N/A,N/A,N/A,allovoisins,general,unknown,N/A,N/A,N/A,on-site,MEDIUM,No,"NLP Analysis: Ambiguous signals (remote: 0, onsite: 0)",N/A,listing_page,No,https://www.allovoisins.com/v/pose-de-parquet-revetement-de-sol
N/A,Louer un tracteur de pelouse - Couladère,France,N/A,50€,N/A,N/A,allovoisins,general,employer,N/A,N/A,N/A,on-site,HIGH,No,"LLM: Location d'outils, nécessite présence physique",Durée : 1 jour,detail_page,No,https://www.allovoisins.com/r/0/11/0/0/location-vente/Outillage
N/A,Acheter des chutes - matériaux de récupération - Égliseneuve-près-Billom,France,N/A,1€,N/A,N/A,allovoisins,general,unknown,N/A,N/A,N/A,on-site,MEDIUM,No,"NLP Analysis: Ambiguous signals (remote: 0, onsite: 0)",Durée : 1 jour,detail_page,No,https://www.allovoisins.com/r/0/3/0/0/location-vente/Btp-chantier
N/A,Louer un lève portes / lève meubles - Offranville,France,N/A,5€,N/A,N/A,allovoisins,general,unknown,N/A,N/A,N/A,on-site,MEDIUM,No,"NLP Analysis: Ambiguous signals (remote: 0, onsite: 0)",Durée : 1 jour,detail_page,No,https://www.allovoisins.com/r/0/7/0/0/location-vente/Manutention
N/A,Recherche Home sitting - Accueil - Gardiennage à Erquy,France,N/A,N/A,N/A,N/A,allovoisins,general,unknown,N/A,N/A,N/A,on-site,MEDIUM,No,"NLP Analysis: Ambiguous signals (remote: 0, onsite: 0)",N/A,listing_page,No,https://www.allovoisins.com/v/home-sitting-accueil-gardiennage
N/A,Louer une tondeuse à gazon - Lunel,France,N/A,15€,N/A,N/A,allovoisins,general,employer,N/A,N/A,N/A,on-site,HIGH,No,"LLM: Location d'outils, nécessite présence physique",Durée : 1 jour,detail_page,No,https://www.allovoisins.com/r/0/11/0/0/location-vente/Outillage
N/A,Recherche Pose de parquet - Revêtement de sol à Fontaine,France,N/A,N/A,N/A,N/A,allovoisins,general,unknown,N/A,N/A,N/A,on-site,MEDIUM,No,"NLP Analysis: Ambiguous signals (remote: 0, onsite: 0)",N/A,listing_page,No,https://www.allovoisins.com/v/pose-de-parquet-revetement-de-sol
N/A,Louer un lève portes / lève meubles - Offranville,France,N/A,5€,N/A,N/A,allovoisins,general,unknown,N/A,N/A,N/A,on-site,MEDIUM,No,"NLP Analysis: Ambiguous signals (remote: 0, onsite: 0)",Durée : 1 jour,detail_page,No,https://www.allovoisins.com/r/0/7/0/0/location-vente/Manutention
N/A,Recherche Home sitting - Accueil - Gardiennage à Erquy,France,N/A,N/A,N/A,N/A,allovoisins,general,unknown,N/A,N/A,N/A,on-site,MEDIUM,No,"NLP Analysis: Ambiguous signals (remote: 0, onsite: 0)",N/A,listing_page,No,https://www.allovoisins.com/v/home-sitting-accueil-gardiennage
N/A,Louer une tondeuse à gazon - Lunel,France,N/A,15€,N/A,N/A,allovoisins,general,employer,N/A,N/A,N/A,on-site,HIGH,No,"LLM: Location d'outils, nécessite présence physique",Durée : 1 jour,detail_page,No,https://www.allovoisins.com/r/0/11/0/0/location-vente/Outillage
N/A,Recherche Pose de parquet - Revêtement de sol à Fontaine,France,N/A,N/A,N/A,N/A,allovoisins,general,unknown,N/A,N/A,N/A,on-site,MEDIUM,No,"NLP Analysis: Ambiguous signals (remote: 0, onsite: 0)",N/A,listing_page,No,https://www.allovoisins.com/v/pose-de-parquet-revetement-de-sol
N/A,Louer un lève portes / lève meubles - Offranville,France,N/A,5€,N/A,N/A,allovoisins,general,unknown,N/A,N/A,N/A,on-site,MEDIUM,No,"NLP Analysis: Ambiguous signals (remote: 0, onsite: 0)",Durée : 1 jour,detail_page,No,https://www.allovoisins.com/r/0/7/0/0/location-vente/Manutention
N/A,Recherche Home sitting - Accueil - Gardiennage à Erquy,France,N/A,N/A,N/A,N/A,allovoisins,general,unknown,N/A,N/A,N/A,on-site,MEDIUM,No,"NLP Analysis: Ambiguous signals (remote: 0, onsite: 0)",N/A,listing_page,No,https://www.allovoisins.com/v/home-sitting-accueil-gardiennage
N/A,Louer une tondeuse à gazon - Lunel,France,N/A,15€,N/A,N/A,allovoisins,general,employer,N/A,N/A,N/A,on-site,HIGH,No,"LLM: Location d'outils, nécessite présence physique",Durée : 1 jour,detail_page,No,https://www.allovoisins.com/r/0/11/0/0/location-vente/Outillage
N/A,Recherche Pose de parquet - Revêtement de sol à Fontaine,France,N/A,N/A,N/A,N/A,allovoisins,general,unknown,N/A,N/A,N/A,on-site,MEDIUM,No,"NLP Analysis: Ambiguous signals (remote: 0, onsite: 0)",N/A,listing_page,No,https://www.allovoisins.com/v/pose-de-parquet-revetement-de-sol
N/A,Louer un tracteur de pelouse - Couladère,France,N/A,50€,N/A,N/A,allovoisins,general,employer,N/A,N/A,N/A,on-site,HIGH,No,"LLM: Location d'outils, nécessite présence physique",Durée : 1 jour,detail_page,No,https://www.allovoisins.com/r/0/11/0/0/location-vente/Outillage
N/A,Acheter des chutes - matériaux de récupération - Égliseneuve-près-Billom,France,N/A,1€,N/A,N/A,allovoisins,general,unknown,N/A,N/A,N/A,on-site,MEDIUM,No,"NLP Analysis: Ambiguous signals (remote: 0, onsite: 0)",Durée : 1 jour,detail_page,No,https://www.allovoisins.com/r/0/3/0/0/location-vente/Btp-chantier
N/A,Cherche Aide à domicile à Annecy,France,N/A,N/A,N/A,N/A,allovoisins,general,unknown,N/A,N/A,N/A,on-site,HIGH,No,Obvious on-site work: aide à domicile,N/A,listing_page,No,https://www.allovoisins.com/v/aide-a-domicile
N/A,Recherche Lingerie - Repassage à Vaire,France,N/A,12€ / heure,N/A,N/A,allovoisins,general,unknown,N/A,N/A,N/A,on-site,HIGH,No,Obvious on-site work: repassage,N/A,listing_page,No,https://www.allovoisins.com/v/lingerie-repassage
N/A,Cherche Tonte de pelouse - Débroussaillage à Hyères,France,N/A,N/A,N/A,N/A,allovoisins,general,unknown,N/A,N/A,N/A,on-site,MEDIUM,No,"NLP Analysis: Ambiguous signals (remote: 0, onsite: 0)",N/A,listing_page,No,https://www.allovoisins.com/v/tonte-de-pelouse-debroussaillage
N/A,Louer une remorque auto - Doudeville,France,N/A,29€,N/A,N/A,allovoisins,general,unknown,N/A,N/A,N/A,on-site,MEDIUM,No,"NLP Analysis: Ambiguous signals (remote: 0, onsite: 0)",N/A,listing_page,No,https://www.allovoisins.com/r/0/79/0/0/location-vente/Remorque-accessoires-auto
N/A,Cherche Aide à domicile à Annecy,France,N/A,N/A,N/A,N/A,allovoisins,general,unknown,N/A,N/A,N/A,on-site,HIGH,No,Obvious on-site work: aide à domicile,N/A,listing_page,No,https://www.allovoisins.com/v/aide-a-domicile
N/A,Recherche Lingerie - Repassage à Vaire,France,N/A,12€ / heure,N/A,N/A,allovoisins,general,unknown,N/A,N/A,N/A,on-site,HIGH,No,Obvious on-site work: repassage,N/A,listing_page,No,https://www.allovoisins.com/v/lingerie-repassage
N/A,Cherche Tonte de pelouse - Débroussaillage à Hyères,France,N/A,N/A,N/A,N/A,allovoisins,general,unknown,N/A,N/A,N/A,on-site,MEDIUM,No,"NLP Analysis: Ambiguous signals (remote: 0, onsite: 0)",N/A,listing_page,No,https://www.allovoisins.com/v/tonte-de-pelouse-debroussaillage
N/A,Louer une remorque auto - Doudeville,France,N/A,29€,N/A,N/A,allovoisins,general,unknown,N/A,N/A,N/A,on-site,MEDIUM,No,"NLP Analysis: Ambiguous signals (remote: 0, onsite: 0)",N/A,listing_page,No,https://www.allovoisins.com/r/0/79/0/0/location-vente/Remorque-accessoires-auto
N/A,Cherche Aide à domicile à Annecy,France,N/A,N/A,N/A,N/A,allovoisins,general,unknown,N/A,N/A,N/A,on-site,HIGH,No,Obvious on-site work: aide à domicile,N/A,listing_page,No,https://www.allovoisins.com/v/aide-a-domicile
N/A,Recherche Lingerie - Repassage à Vaire,France,N/A,12€ / heure,N/A,N/A,allovoisins,general,unknown,N/A,N/A,N/A,on-site,HIGH,No,Obvious on-site work: repassage,N/A,listing_page,No,https://www.allovoisins.com/v/lingerie-repassage
N/A,Cherche Tonte de pelouse - Débroussaillage à Hyères,France,N/A,N/A,N/A,N/A,allovoisins,general,unknown,N/A,N/A,N/A,on-site,MEDIUM,No,"NLP Analysis: Ambiguous signals (remote: 0, onsite: 0)",N/A,listing_page,No,https://www.allovoisins.com/v/tonte-de-pelouse-debroussaillage
N/A,Louer une remorque auto - Doudeville,France,N/A,29€,N/A,N/A,allovoisins,general,unknown,N/A,N/A,N/A,on-site,MEDIUM,No,"NLP Analysis: Ambiguous signals (remote: 0, onsite: 0)",N/A,listing_page,No,https://www.allovoisins.com/r/0/79/0/0/location-vente/Remorque-accessoires-auto
N/A,Louer un lève portes / lève meubles - Offranville,France,N/A,5€,N/A,N/A,allovoisins,general,unknown,N/A,N/A,N/A,on-site,MEDIUM,No,"NLP Analysis: Ambiguous signals (remote: 0, onsite: 0)",Durée : 1 jour,detail_page,No,https://www.allovoisins.com/r/0/7/0/0/location-vente/Manutention
N/A,Recherche Home sitting - Accueil - Gardiennage à Erquy,France,N/A,N/A,N/A,N/A,allovoisins,general,unknown,N/A,N/A,N/A,on-site,MEDIUM,No,"NLP Analysis: Ambiguous signals (remote: 0, onsite: 0)",N/A,listing_page,No,https://www.allovoisins.com/v/home-sitting-accueil-gardiennage
N/A,Louer une tondeuse à gazon - Lunel,France,N/A,15€,N/A,N/A,allovoisins,general,employer,N/A,N/A,N/A,on-site,HIGH,No,"LLM: Location d'outils, nécessite présence physique",Durée : 1 jour,detail_page,No,https://www.allovoisins.com/r/0/11/0/0/location-vente/Outillage
N/A,Recherche Pose de parquet - Revêtement de sol à Fontaine,France,N/A,N/A,N/A,N/A,allovoisins,general,unknown,N/A,N/A,N/A,on-site,MEDIUM,No,"NLP Analysis: Ambiguous signals (remote: 0, onsite: 0)",N/A,listing_page,No,https://www.allovoisins.com/v/pose-de-parquet-revetement-de-sol
N/A,Louer un lève portes / lève meubles - Offranville,France,N/A,5€,N/A,N/A,allovoisins,general,unknown,N/A,N/A,N/A,on-site,MEDIUM,No,"NLP Analysis: Ambiguous signals (remote: 0, onsite: 0)",Durée : 1 jour,detail_page,No,https://www.allovoisins.com/r/0/7/0/0/location-vente/Manutention
N/A,Recherche Home sitting - Accueil - Gardiennage à Erquy,France,N/A,N/A,N/A,N/A,allovoisins,general,unknown,N/A,N/A,N/A,on-site,MEDIUM,No,"NLP Analysis: Ambiguous signals (remote: 0, onsite: 0)",N/A,listing_page,No,https://www.allovoisins.com/v/home-sitting-accueil-gardiennage
N/A,Louer une tondeuse à gazon - Lunel,France,N/A,15€,N/A,N/A,allovoisins,general,employer,N/A,N/A,N/A,on-site,HIGH,No,"LLM: Location d'outils, nécessite présence physique",Durée : 1 jour,detail_page,No,https://www.allovoisins.com/r/0/11/0/0/location-vente/Outillage
N/A,Recherche Pose de parquet - Revêtement de sol à Fontaine,France,N/A,N/A,N/A,N/A,allovoisins,general,unknown,N/A,N/A,N/A,on-site,MEDIUM,No,"NLP Analysis: Ambiguous signals (remote: 0, onsite: 0)",N/A,listing_page,No,https://www.allovoisins.com/v/pose-de-parquet-revetement-de-sol
N/A,Louer un tracteur de pelouse - Couladère,France,N/A,50€,N/A,N/A,allovoisins,general,employer,N/A,N/A,N/A,on-site,HIGH,No,"LLM: Location d'outils, nécessite présence physique",Durée : 1 jour,detail_page,No,https://www.allovoisins.com/r/0/11/0/0/location-vente/Outillage
N/A,Acheter des chutes - matériaux de récupération - Égliseneuve-près-Billom,France,N/A,1€,N/A,N/A,allovoisins,general,unknown,N/A,N/A,N/A,on-site,MEDIUM,No,"NLP Analysis: Ambiguous signals (remote: 0, onsite: 0)",Durée : 1 jour,detail_page,No,https://www.allovoisins.com/r/0/3/0/0/location-vente/Btp-chantier
N/A,Louer un tracteur de pelouse - Couladère,France,N/A,50€,N/A,N/A,allovoisins,general,employer,N/A,N/A,N/A,on-site,HIGH,No,"LLM: Location d'outils, nécessite présence physique",Durée : 1 jour,detail_page,No,https://www.allovoisins.com/r/0/11/0/0/location-vente/Outillage
N/A,Acheter des chutes - matériaux de récupération - Égliseneuve-près-Billom,France,N/A,1€,N/A,N/A,allovoisins,general,unknown,N/A,N/A,N/A,on-site,MEDIUM,No,"NLP Analysis: Ambiguous signals (remote: 0, onsite: 0)",Durée : 1 jour,detail_page,No,https://www.allovoisins.com/r/0/3/0/0/location-vente/Btp-chantier
N/A,Cherche Aide à domicile à Annecy,France,N/A,N/A,N/A,N/A,allovoisins,general,unknown,N/A,N/A,N/A,on-site,HIGH,No,Obvious on-site work: aide à domicile,N/A,listing_page,No,https://www.allovoisins.com/v/aide-a-domicile
N/A,Recherche Lingerie - Repassage à Vaire,France,N/A,12€ / heure,N/A,N/A,allovoisins,general,unknown,N/A,N/A,N/A,on-site,HIGH,No,Obvious on-site work: repassage,N/A,listing_page,No,https://www.allovoisins.com/v/lingerie-repassage
N/A,Cherche Tonte de pelouse - Débroussaillage à Hyères,France,N/A,N/A,N/A,N/A,allovoisins,general,unknown,N/A,N/A,N/A,on-site,MEDIUM,No,"NLP Analysis: Ambiguous signals (remote: 0, onsite: 0)",N/A,listing_page,No,https://www.allovoisins.com/v/tonte-de-pelouse-debroussaillage
N/A,Louer une remorque auto - Doudeville,France,N/A,29€,N/A,N/A,allovoisins,general,unknown,N/A,N/A,N/A,on-site,MEDIUM,No,"NLP Analysis: Ambiguous signals (remote: 0, onsite: 0)",N/A,listing_page,No,https://www.allovoisins.com/r/0/79/0/0/location-vente/Remorque-accessoires-auto
N/A,Louer un lève portes / lève meubles - Offranville,France,N/A,5€,N/A,N/A,allovoisins,general,unknown,N/A,N/A,N/A,on-site,MEDIUM,No,"NLP Analysis: Ambiguous signals (remote: 0, onsite: 0)",Durée : 1 jour,detail_page,No,https://www.allovoisins.com/r/0/7/0/0/location-vente/Manutention
N/A,Recherche Home sitting - Accueil - Gardiennage à Erquy,France,N/A,N/A,N/A,N/A,allovoisins,general,unknown,N/A,N/A,N/A,on-site,MEDIUM,No,"NLP Analysis: Ambiguous signals (remote: 0, onsite: 0)",N/A,listing_page,No,https://www.allovoisins.com/v/home-sitting-accueil-gardiennage
N/A,Louer une tondeuse à gazon - Lunel,France,N/A,15€,N/A,N/A,allovoisins,general,employer,N/A,N/A,N/A,on-site,HIGH,No,"LLM: Location d'outils, nécessite présence physique",Durée : 1 jour,detail_page,No,https://www.allovoisins.com/r/0/11/0/0/location-vente/Outillage
N/A,Recherche Pose de parquet - Revêtement de sol à Fontaine,France,N/A,N/A,N/A,N/A,allovoisins,general,unknown,N/A,N/A,N/A,on-site,MEDIUM,No,"NLP Analysis: Ambiguous signals (remote: 0, onsite: 0)",N/A,listing_page,No,https://www.allovoisins.com/v/pose-de-parquet-revetement-de-sol
N/A,Louer un tracteur de pelouse - Couladère,France,N/A,50€,N/A,N/A,allovoisins,general,employer,N/A,N/A,N/A,on-site,HIGH,No,"LLM: Location d'outils, nécessite présence physique",Durée : 1 jour,detail_page,No,https://www.allovoisins.com/r/0/11/0/0/location-vente/Outillage
N/A,Acheter des chutes - matériaux de récupération - Égliseneuve-près-Billom,France,N/A,1€,N/A,N/A,allovoisins,general,unknown,N/A,N/A,N/A,on-site,MEDIUM,No,"NLP Analysis: Ambiguous signals (remote: 0, onsite: 0)",Durée : 1 jour,detail_page,No,https://www.allovoisins.com/r/0/3/0/0/location-vente/Btp-chantier
N/A,Louer un lève portes / lève meubles - Offranville,France,N/A,5€,N/A,N/A,allovoisins,general,unknown,N/A,N/A,N/A,on-site,MEDIUM,No,"NLP Analysis: Ambiguous signals (remote: 0, onsite: 0)",Durée : 1 jour,detail_page,No,https://www.allovoisins.com/r/0/7/0/0/location-vente/Manutention
N/A,Recherche Home sitting - Accueil - Gardiennage à Erquy,France,N/A,N/A,N/A,N/A,allovoisins,general,unknown,N/A,N/A,N/A,on-site,MEDIUM,No,"NLP Analysis: Ambiguous signals (remote: 0, onsite: 0)",N/A,listing_page,No,https://www.allovoisins.com/v/home-sitting-accueil-gardiennage
N/A,Louer une tondeuse à gazon - Lunel,France,N/A,15€,N/A,N/A,allovoisins,general,employer,N/A,N/A,N/A,on-site,HIGH,No,"LLM: Location d'outils, nécessite présence physique",Durée : 1 jour,detail_page,No,https://www.allovoisins.com/r/0/11/0/0/location-vente/Outillage
N/A,Recherche Pose de parquet - Revêtement de sol à Fontaine,France,N/A,N/A,N/A,N/A,allovoisins,general,unknown,N/A,N/A,N/A,on-site,MEDIUM,No,"NLP Analysis: Ambiguous signals (remote: 0, onsite: 0)",N/A,listing_page,No,https://www.allovoisins.com/v/pose-de-parquet-revetement-de-sol
N/A,Louer un lève portes / lève meubles - Offranville,France,N/A,5€,N/A,N/A,allovoisins,general,unknown,N/A,N/A,N/A,on-site,MEDIUM,No,"NLP Analysis: Ambiguous signals (remote: 0, onsite: 0)",Durée : 1 jour,detail_page,No,https://www.allovoisins.com/r/0/7/0/0/location-vente/Manutention
N/A,Recherche Home sitting - Accueil - Gardiennage à Erquy,France,N/A,N/A,N/A,N/A,allovoisins,general,unknown,N/A,N/A,N/A,on-site,MEDIUM,No,"NLP Analysis: Ambiguous signals (remote: 0, onsite: 0)",N/A,listing_page,No,https://www.allovoisins.com/v/home-sitting-accueil-gardiennage
N/A,Louer une tondeuse à gazon - Lunel,France,N/A,15€,N/A,N/A,allovoisins,general,employer,N/A,N/A,N/A,on-site,HIGH,No,"LLM: Location d'outils, nécessite présence physique",Durée : 1 jour,detail_page,No,https://www.allovoisins.com/r/0/11/0/0/location-vente/Outillage
N/A,Recherche Pose de parquet - Revêtement de sol à Fontaine,France,N/A,N/A,N/A,N/A,allovoisins,general,unknown,N/A,N/A,N/A,on-site,MEDIUM,No,"NLP Analysis: Ambiguous signals (remote: 0, onsite: 0)",N/A,listing_page,No,https://www.allovoisins.com/v/pose-de-parquet-revetement-de-sol
N/A,Louer un lève portes / lève meubles - Offranville,France,N/A,5€,N/A,N/A,allovoisins,general,unknown,N/A,N/A,N/A,on-site,MEDIUM,No,"NLP Analysis: Ambiguous signals (remote: 0, onsite: 0)",Durée : 1 jour,detail_page,No,https://www.allovoisins.com/r/0/7/0/0/location-vente/Manutention
N/A,Recherche Home sitting - Accueil - Gardiennage à Erquy,France,N/A,N/A,N/A,N/A,allovoisins,general,unknown,N/A,N/A,N/A,on-site,MEDIUM,No,"NLP Analysis: Ambiguous signals (remote: 0, onsite: 0)",N/A,listing_page,No,https://www.allovoisins.com/v/home-sitting-accueil-gardiennage
N/A,Louer une tondeuse à gazon - Lunel,France,N/A,15€,N/A,N/A,allovoisins,general,employer,N/A,N/A,N/A,on-site,HIGH,No,"LLM: Location d'outils, nécessite présence physique",Durée : 1 jour,detail_page,No,https://www.allovoisins.com/r/0/11/0/0/location-vente/Outillage
N/A,Recherche Pose de parquet - Revêtement de sol à Fontaine,France,N/A,N/A,N/A,N/A,allovoisins,general,unknown,N/A,N/A,N/A,on-site,MEDIUM,No,"NLP Analysis: Ambiguous signals (remote: 0, onsite: 0)",N/A,listing_page,No,https://www.allovoisins.com/v/pose-de-parquet-revetement-de-sol
N/A,Louer un lève portes / lève meubles - Offranville,France,N/A,5€,N/A,N/A,allovoisins,general,unknown,N/A,N/A,N/A,on-site,MEDIUM,No,"NLP Analysis: Ambiguous signals (remote: 0, onsite: 0)",Durée : 1 jour,detail_page,No,https://www.allovoisins.com/r/0/7/0/0/location-vente/Manutention
N/A,Recherche Home sitting - Accueil - Gardiennage à Erquy,France,N/A,N/A,N/A,N/A,allovoisins,general,unknown,N/A,N/A,N/A,on-site,MEDIUM,No,"NLP Analysis: Ambiguous signals (remote: 0, onsite: 0)",N/A,listing_page,No,https://www.allovoisins.com/v/home-sitting-accueil-gardiennage
N/A,Louer une tondeuse à gazon - Lunel,France,N/A,15€,N/A,N/A,allovoisins,general,employer,N/A,N/A,N/A,on-site,HIGH,No,"LLM: Location d'outils, nécessite présence physique",Durée : 1 jour,detail_page,No,https://www.allovoisins.com/r/0/11/0/0/location-vente/Outillage
N/A,Recherche Pose de parquet - Revêtement de sol à Fontaine,France,N/A,N/A,N/A,N/A,allovoisins,general,unknown,N/A,N/A,N/A,on-site,MEDIUM,No,"NLP Analysis: Ambiguous signals (remote: 0, onsite: 0)",N/A,listing_page,No,https://www.allovoisins.com/v/pose-de-parquet-revetement-de-sol
N/A,Louer un lève portes / lève meubles - Offranville,France,N/A,5€,N/A,N/A,allovoisins,general,unknown,N/A,N/A,N/A,on-site,MEDIUM,No,"NLP Analysis: Ambiguous signals (remote: 0, onsite: 0)",Durée : 1 jour,detail_page,No,https://www.allovoisins.com/r/0/7/0/0/location-vente/Manutention
N/A,Recherche Home sitting - Accueil - Gardiennage à Erquy,France,N/A,N/A,N/A,N/A,allovoisins,general,unknown,N/A,N/A,N/A,on-site,MEDIUM,No,"NLP Analysis: Ambiguous signals (remote: 0, onsite: 0)",N/A,listing_page,No,https://www.allovoisins.com/v/home-sitting-accueil-gardiennage
N/A,Louer une tondeuse à gazon - Lunel,France,N/A,15€,N/A,N/A,allovoisins,general,employer,N/A,N/A,N/A,on-site,HIGH,No,"LLM: Location d'outils, nécessite présence physique",Durée : 1 jour,detail_page,No,https://www.allovoisins.com/r/0/11/0/0/location-vente/Outillage
N/A,Recherche Pose de parquet - Revêtement de sol à Fontaine,France,N/A,N/A,N/A,N/A,allovoisins,general,unknown,N/A,N/A,N/A,on-site,MEDIUM,No,"NLP Analysis: Ambiguous signals (remote: 0, onsite: 0)",N/A,listing_page,No,https://www.allovoisins.com/v/pose-de-parquet-revetement-de-sol
N/A,Cherche Aide à domicile à Annecy,France,N/A,N/A,N/A,N/A,allovoisins,general,unknown,N/A,N/A,N/A,on-site,HIGH,No,Obvious on-site work: aide à domicile,N/A,listing_page,No,https://www.allovoisins.com/v/aide-a-domicile
N/A,Recherche Lingerie - Repassage à Vaire,France,N/A,12€ / heure,N/A,N/A,allovoisins,general,unknown,N/A,N/A,N/A,on-site,HIGH,No,Obvious on-site work: repassage,N/A,listing_page,No,https://www.allovoisins.com/v/lingerie-repassage
N/A,Cherche Tonte de pelouse - Débroussaillage à Hyères,France,N/A,N/A,N/A,N/A,allovoisins,general,unknown,N/A,N/A,N/A,on-site,MEDIUM,No,"NLP Analysis: Ambiguous signals (remote: 0, onsite: 0)",N/A,listing_page,No,https://www.allovoisins.com/v/tonte-de-pelouse-debroussaillage
N/A,Louer une remorque auto - Doudeville,France,N/A,29€,N/A,N/A,allovoisins,general,unknown,N/A,N/A,N/A,on-site,MEDIUM,No,"NLP Analysis: Ambiguous signals (remote: 0, onsite: 0)",N/A,listing_page,No,https://www.allovoisins.com/r/0/79/0/0/location-vente/Remorque-accessoires-auto
N/A,Cherche Aide à domicile à Annecy,France,N/A,N/A,N/A,N/A,allovoisins,general,unknown,N/A,N/A,N/A,on-site,HIGH,No,Obvious on-site work: aide à domicile,N/A,listing_page,No,https://www.allovoisins.com/v/aide-a-domicile
N/A,Recherche Lingerie - Repassage à Vaire,France,N/A,12€ / heure,N/A,N/A,allovoisins,general,unknown,N/A,N/A,N/A,on-site,HIGH,No,Obvious on-site work: repassage,N/A,listing_page,No,https://www.allovoisins.com/v/lingerie-repassage
N/A,Cherche Tonte de pelouse - Débroussaillage à Hyères,France,N/A,N/A,N/A,N/A,allovoisins,general,unknown,N/A,N/A,N/A,on-site,MEDIUM,No,"NLP Analysis: Ambiguous signals (remote: 0, onsite: 0)",N/A,listing_page,No,https://www.allovoisins.com/v/tonte-de-pelouse-debroussaillage
N/A,Louer une remorque auto - Doudeville,France,N/A,29€,N/A,N/A,allovoisins,general,unknown,N/A,N/A,N/A,on-site,MEDIUM,No,"NLP Analysis: Ambiguous signals (remote: 0, onsite: 0)",N/A,listing_page,No,https://www.allovoisins.com/r/0/79/0/0/location-vente/Remorque-accessoires-auto
N/A,Cherche Aide à domicile à Annecy,France,N/A,N/A,N/A,N/A,allovoisins,general,unknown,N/A,N/A,N/A,on-site,HIGH,No,Obvious on-site work: aide à domicile,N/A,listing_page,No,https://www.allovoisins.com/v/aide-a-domicile
N/A,Recherche Lingerie - Repassage à Vaire,France,N/A,12€ / heure,N/A,N/A,allovoisins,general,unknown,N/A,N/A,N/A,on-site,HIGH,No,Obvious on-site work: repassage,N/A,listing_page,No,https://www.allovoisins.com/v/lingerie-repassage
N/A,Cherche Tonte de pelouse - Débroussaillage à Hyères,France,N/A,N/A,N/A,N/A,allovoisins,general,unknown,N/A,N/A,N/A,on-site,MEDIUM,No,"NLP Analysis: Ambiguous signals (remote: 0, onsite: 0)",N/A,listing_page,No,https://www.allovoisins.com/v/tonte-de-pelouse-debroussaillage
N/A,Louer une remorque auto - Doudeville,France,N/A,29€,N/A,N/A,allovoisins,general,unknown,N/A,N/A,N/A,on-site,MEDIUM,No,"NLP Analysis: Ambiguous signals (remote: 0, onsite: 0)",N/A,listing_page,No,https://www.allovoisins.com/r/0/79/0/0/location-vente/Remorque-accessoires-auto
N/A,Louer un lève portes / lève meubles - Offranville,France,N/A,5€,N/A,N/A,allovoisins,general,unknown,N/A,N/A,N/A,on-site,MEDIUM,No,"NLP Analysis: Ambiguous signals (remote: 0, onsite: 0)",Durée : 1 jour,detail_page,No,https://www.allovoisins.com/r/0/7/0/0/location-vente/Manutention
N/A,Recherche Home sitting - Accueil - Gardiennage à Erquy,France,N/A,N/A,N/A,N/A,allovoisins,general,unknown,N/A,N/A,N/A,on-site,MEDIUM,No,"NLP Analysis: Ambiguous signals (remote: 0, onsite: 0)",N/A,listing_page,No,https://www.allovoisins.com/v/home-sitting-accueil-gardiennage
N/A,Louer une tondeuse à gazon - Lunel,France,N/A,15€,N/A,N/A,allovoisins,general,employer,N/A,N/A,N/A,on-site,HIGH,No,"LLM: Location d'outils, nécessite présence physique",Durée : 1 jour,detail_page,No,https://www.allovoisins.com/r/0/11/0/0/location-vente/Outillage
N/A,Recherche Pose de parquet - Revêtement de sol à Fontaine,France,N/A,N/A,N/A,N/A,allovoisins,general,unknown,N/A,N/A,N/A,on-site,MEDIUM,No,"NLP Analysis: Ambiguous signals (remote: 0, onsite: 0)",N/A,listing_page,No,https://www.allovoisins.com/v/pose-de-parquet-revetement-de-sol
N/A,Louer un lève portes / lève meubles - Offranville,France,N/A,5€,N/A,N/A,allovoisins,general,unknown,N/A,N/A,N/A,on-site,MEDIUM,No,"NLP Analysis: Ambiguous signals (remote: 0, onsite: 0)",Durée : 1 jour,detail_page,No,https://www.allovoisins.com/r/0/7/0/0/location-vente/Manutention
N/A,Recherche Home sitting - Accueil - Gardiennage à Erquy,France,N/A,N/A,N/A,N/A,allovoisins,general,unknown,N/A,N/A,N/A,on-site,MEDIUM,No,"NLP Analysis: Ambiguous signals (remote: 0, onsite: 0)",N/A,listing_page,No,https://www.allovoisins.com/v/home-sitting-accueil-gardiennage
N/A,Louer une tondeuse à gazon - Lunel,France,N/A,15€,N/A,N/A,allovoisins,general,employer,N/A,N/A,N/A,on-site,HIGH,No,"LLM: Location d'outils, nécessite présence physique",Durée : 1 jour,detail_page,No,https://www.allovoisins.com/r/0/11/0/0/location-vente/Outillage
N/A,Recherche Pose de parquet - Revêtement de sol à Fontaine,France,N/A,N/A,N/A,N/A,allovoisins,general,unknown,N/A,N/A,N/A,on-site,MEDIUM,No,"NLP Analysis: Ambiguous signals (remote: 0, onsite: 0)",N/A,listing_page,No,https://www.allovoisins.com/v/pose-de-parquet-revetement-de-sol
N/A,Cherche Aide à domicile à Annecy,France,N/A,N/A,N/A,N/A,allovoisins,general,unknown,N/A,N/A,N/A,on-site,HIGH,No,Obvious on-site work: aide à domicile,N/A,listing_page,No,https://www.allovoisins.com/v/aide-a-domicile
N/A,Recherche Lingerie - Repassage à Vaire,France,N/A,12€ / heure,N/A,N/A,allovoisins,general,unknown,N/A,N/A,N/A,on-site,HIGH,No,Obvious on-site work: repassage,N/A,listing_page,No,https://www.allovoisins.com/v/lingerie-repassage
N/A,Cherche Tonte de pelouse - Débroussaillage à Hyères,France,N/A,N/A,N/A,N/A,allovoisins,general,unknown,N/A,N/A,N/A,on-site,MEDIUM,No,"NLP Analysis: Ambiguous signals (remote: 0, onsite: 0)",N/A,listing_page,No,https://www.allovoisins.com/v/tonte-de-pelouse-debroussaillage
N/A,Louer une remorque auto - Doudeville,France,N/A,29€,N/A,N/A,allovoisins,general,unknown,N/A,N/A,N/A,on-site,MEDIUM,No,"NLP Analysis: Ambiguous signals (remote: 0, onsite: 0)",N/A,listing_page,No,https://www.allovoisins.com/r/0/79/0/0/location-vente/Remorque-accessoires-auto
N/A,Louer un tracteur de pelouse - Couladère,France,N/A,50€,N/A,N/A,allovoisins,general,employer,N/A,N/A,N/A,on-site,HIGH,No,"LLM: Location d'outils, nécessite présence physique",Durée : 1 jour,detail_page,No,https://www.allovoisins.com/r/0/11/0/0/location-vente/Outillage
N/A,Acheter des chutes - matériaux de récupération - Égliseneuve-près-Billom,France,N/A,1€,N/A,N/A,allovoisins,general,unknown,N/A,N/A,N/A,on-site,MEDIUM,No,"NLP Analysis: Ambiguous signals (remote: 0, onsite: 0)",Durée : 1 jour,detail_page,No,https://www.allovoisins.com/r/0/3/0/0/location-vente/Btp-chantier
N/A,Cherche Aide à domicile à Annecy,France,N/A,N/A,N/A,N/A,allovoisins,general,unknown,N/A,N/A,N/A,on-site,HIGH,No,Obvious on-site work: aide à domicile,N/A,listing_page,No,https://www.allovoisins.com/v/aide-a-domicile
N/A,Recherche Lingerie - Repassage à Vaire,France,N/A,12€ / heure,N/A,N/A,allovoisins,general,unknown,N/A,N/A,N/A,on-site,HIGH,No,Obvious on-site work: repassage,N/A,listing_page,No,https://www.allovoisins.com/v/lingerie-repassage
N/A,Cherche Tonte de pelouse - Débroussaillage à Hyères,France,N/A,N/A,N/A,N/A,allovoisins,general,unknown,N/A,N/A,N/A,on-site,MEDIUM,No,"NLP Analysis: Ambiguous signals (remote: 0, onsite: 0)",N/A,listing_page,No,https://www.allovoisins.com/v/tonte-de-pelouse-debroussaillage
N/A,Louer une remorque auto - Doudeville,France,N/A,29€,N/A,N/A,allovoisins,general,unknown,N/A,N/A,N/A,on-site,MEDIUM,No,"NLP Analysis: Ambiguous signals (remote: 0, onsite: 0)",N/A,listing_page,No,https://www.allovoisins.com/r/0/79/0/0/location-vente/Remorque-accessoires-auto
N/A,Louer un tracteur de pelouse - Couladère,France,N/A,50€,N/A,N/A,allovoisins,general,employer,N/A,N/A,N/A,on-site,HIGH,No,"LLM: Location d'outils, nécessite présence physique",Durée : 1 jour,detail_page,No,https://www.allovoisins.com/r/0/11/0/0/location-vente/Outillage
N/A,Acheter des chutes - matériaux de récupération - Égliseneuve-près-Billom,France,N/A,1€,N/A,N/A,allovoisins,general,unknown,N/A,N/A,N/A,on-site,MEDIUM,No,"NLP Analysis: Ambiguous signals (remote: 0, onsite: 0)",Durée : 1 jour,detail_page,No,https://www.allovoisins.com/r/0/3/0/0/location-vente/Btp-chantier
N/A,Cherche Aide à domicile à Annecy,France,N/A,N/A,N/A,N/A,allovoisins,general,unknown,N/A,N/A,N/A,on-site,HIGH,No,Obvious on-site work: aide à domicile,N/A,listing_page,No,https://www.allovoisins.com/v/aide-a-domicile
N/A,Recherche Lingerie - Repassage à Vaire,France,N/A,12€ / heure,N/A,N/A,allovoisins,general,unknown,N/A,N/A,N/A,on-site,HIGH,No,Obvious on-site work: repassage,N/A,listing_page,No,https://www.allovoisins.com/v/lingerie-repassage
N/A,Cherche Tonte de pelouse - Débroussaillage à Hyères,France,N/A,N/A,N/A,N/A,allovoisins,general,unknown,N/A,N/A,N/A,on-site,MEDIUM,No,"NLP Analysis: Ambiguous signals (remote: 0, onsite: 0)",N/A,listing_page,No,https://www.allovoisins.com/v/tonte-de-pelouse-debroussaillage
N/A,Louer une remorque auto - Doudeville,France,N/A,29€,N/A,N/A,allovoisins,general,unknown,N/A,N/A,N/A,on-site,MEDIUM,No,"NLP Analysis: Ambiguous signals (remote: 0, onsite: 0)",N/A,listing_page,No,https://www.allovoisins.com/r/0/79/0/0/location-vente/Remorque-accessoires-auto
N/A,Louer un lève portes / lève meubles - Offranville,France,N/A,5€,N/A,N/A,allovoisins,general,unknown,N/A,N/A,N/A,on-site,MEDIUM,No,"NLP Analysis: Ambiguous signals (remote: 0, onsite: 0)",Durée : 1 jour,detail_page,No,https://www.allovoisins.com/r/0/7/0/0/location-vente/Manutention
N/A,Recherche Home sitting - Accueil - Gardiennage à Erquy,France,N/A,N/A,N/A,N/A,allovoisins,general,unknown,N/A,N/A,N/A,on-site,MEDIUM,No,"NLP Analysis: Ambiguous signals (remote: 0, onsite: 0)",N/A,listing_page,No,https://www.allovoisins.com/v/home-sitting-accueil-gardiennage
N/A,Louer une tondeuse à gazon - Lunel,France,N/A,15€,N/A,N/A,allovoisins,general,employer,N/A,N/A,N/A,on-site,HIGH,No,"LLM: Location d'outils, nécessite présence physique",Durée : 1 jour,detail_page,No,https://www.allovoisins.com/r/0/11/0/0/location-vente/Outillage
N/A,Recherche Pose de parquet - Revêtement de sol à Fontaine,France,N/A,N/A,N/A,N/A,allovoisins,general,unknown,N/A,N/A,N/A,on-site,MEDIUM,No,"NLP Analysis: Ambiguous signals (remote: 0, onsite: 0)",N/A,listing_page,No,https://www.allovoisins.com/v/pose-de-parquet-revetement-de-sol
N/A,Cherche Aide à domicile à Annecy,France,N/A,N/A,N/A,N/A,allovoisins,general,unknown,N/A,N/A,N/A,on-site,HIGH,No,Obvious on-site work: aide à domicile,N/A,listing_page,No,https://www.allovoisins.com/v/aide-a-domicile
N/A,Recherche Lingerie - Repassage à Vaire,France,N/A,12€ / heure,N/A,N/A,allovoisins,general,unknown,N/A,N/A,N/A,on-site,HIGH,No,Obvious on-site work: repassage,N/A,listing_page,No,https://www.allovoisins.com/v/lingerie-repassage
N/A,Cherche Tonte de pelouse - Débroussaillage à Hyères,France,N/A,N/A,N/A,N/A,allovoisins,general,unknown,N/A,N/A,N/A,on-site,MEDIUM,No,"NLP Analysis: Ambiguous signals (remote: 0, onsite: 0)",N/A,listing_page,No,https://www.allovoisins.com/v/tonte-de-pelouse-debroussaillage
N/A,Louer une remorque auto - Doudeville,France,N/A,29€,N/A,N/A,allovoisins,general,unknown,N/A,N/A,N/A,on-site,MEDIUM,No,"NLP Analysis: Ambiguous signals (remote: 0, onsite: 0)",N/A,listing_page,No,https://www.allovoisins.com/r/0/79/0/0/location-vente/Remorque-accessoires-auto
N/A,Cherche Aide à domicile à Annecy,France,N/A,N/A,N/A,N/A,allovoisins,general,unknown,N/A,N/A,N/A,on-site,HIGH,No,Obvious on-site work: aide à domicile,N/A,listing_page,No,https://www.allovoisins.com/v/aide-a-domicile
N/A,Recherche Lingerie - Repassage à Vaire,France,N/A,12€ / heure,N/A,N/A,allovoisins,general,unknown,N/A,N/A,N/A,on-site,HIGH,No,Obvious on-site work: repassage,N/A,listing_page,No,https://www.allovoisins.com/v/lingerie-repassage
N/A,Cherche Tonte de pelouse - Débroussaillage à Hyères,France,N/A,N/A,N/A,N/A,allovoisins,general,unknown,N/A,N/A,N/A,on-site,MEDIUM,No,"NLP Analysis: Ambiguous signals (remote: 0, onsite: 0)",N/A,listing_page,No,https://www.allovoisins.com/v/tonte-de-pelouse-debroussaillage
N/A,Louer une remorque auto - Doudeville,France,N/A,29€,N/A,N/A,allovoisins,general,unknown,N/A,N/A,N/A,on-site,MEDIUM,No,"NLP Analysis: Ambiguous signals (remote: 0, onsite: 0)",N/A,listing_page,No,https://www.allovoisins.com/r/0/79/0/0/location-vente/Remorque-accessoires-auto
N/A,Louer un tracteur de pelouse - Couladère,France,N/A,50€,N/A,N/A,allovoisins,general,employer,N/A,N/A,N/A,on-site,HIGH,No,"LLM: Location d'outils, nécessite présence physique",Durée : 1 jour,detail_page,No,https://www.allovoisins.com/r/0/11/0/0/location-vente/Outillage
N/A,Acheter des chutes - matériaux de récupération - Égliseneuve-près-Billom,France,N/A,1€,N/A,N/A,allovoisins,general,unknown,N/A,N/A,N/A,on-site,MEDIUM,No,"NLP Analysis: Ambiguous signals (remote: 0, onsite: 0)",Durée : 1 jour,detail_page,No,https://www.allovoisins.com/r/0/3/0/0/location-vente/Btp-chantier
N/A,Cherche Aide à domicile à Annecy,France,N/A,N/A,N/A,N/A,allovoisins,general,unknown,N/A,N/A,N/A,on-site,HIGH,No,Obvious on-site work: aide à domicile,N/A,listing_page,No,https://www.allovoisins.com/v/aide-a-domicile
N/A,Recherche Lingerie - Repassage à Vaire,France,N/A,12€ / heure,N/A,N/A,allovoisins,general,unknown,N/A,N/A,N/A,on-site,HIGH,No,Obvious on-site work: repassage,N/A,listing_page,No,https://www.allovoisins.com/v/lingerie-repassage
N/A,Cherche Tonte de pelouse - Débroussaillage à Hyères,France,N/A,N/A,N/A,N/A,allovoisins,general,unknown,N/A,N/A,N/A,on-site,MEDIUM,No,"NLP Analysis: Ambiguous signals (remote: 0, onsite: 0)",N/A,listing_page,No,https://www.allovoisins.com/v/tonte-de-pelouse-debroussaillage
N/A,Louer une remorque auto - Doudeville,France,N/A,29€,N/A,N/A,allovoisins,general,unknown,N/A,N/A,N/A,on-site,MEDIUM,No,"NLP Analysis: Ambiguous signals (remote: 0, onsite: 0)",N/A,listing_page,No,https://www.allovoisins.com/r/0/79/0/0/location-vente/Remorque-accessoires-auto
N/A,Cherche Aide à domicile à Annecy,France,N/A,N/A,N/A,N/A,allovoisins,general,unknown,N/A,N/A,N/A,on-site,HIGH,No,Obvious on-site work: aide à domicile,N/A,listing_page,No,https://www.allovoisins.com/v/aide-a-domicile
N/A,Recherche Lingerie - Repassage à Vaire,France,N/A,12€ / heure,N/A,N/A,allovoisins,general,unknown,N/A,N/A,N/A,on-site,HIGH,No,Obvious on-site work: repassage,N/A,listing_page,No,https://www.allovoisins.com/v/lingerie-repassage
N/A,Cherche Tonte de pelouse - Débroussaillage à Hyères,France,N/A,N/A,N/A,N/A,allovoisins,general,unknown,N/A,N/A,N/A,on-site,MEDIUM,No,"NLP Analysis: Ambiguous signals (remote: 0, onsite: 0)",N/A,listing_page,No,https://www.allovoisins.com/v/tonte-de-pelouse-debroussaillage
N/A,Louer une remorque auto - Doudeville,France,N/A,29€,N/A,N/A,allovoisins,general,unknown,N/A,N/A,N/A,on-site,MEDIUM,No,"NLP Analysis: Ambiguous signals (remote: 0, onsite: 0)",N/A,listing_page,No,https://www.allovoisins.com/r/0/79/0/0/location-vente/Remorque-accessoires-auto
N/A,Louer un lève portes / lève meubles - Offranville,France,N/A,5€,N/A,N/A,allovoisins,general,unknown,N/A,N/A,N/A,on-site,MEDIUM,No,"NLP Analysis: Ambiguous signals (remote: 0, onsite: 0)",Durée : 1 jour,detail_page,No,https://www.allovoisins.com/r/0/7/0/0/location-vente/Manutention
N/A,Recherche Home sitting - Accueil - Gardiennage à Erquy,France,N/A,N/A,N/A,N/A,allovoisins,general,unknown,N/A,N/A,N/A,on-site,MEDIUM,No,"NLP Analysis: Ambiguous signals (remote: 0, onsite: 0)",N/A,listing_page,No,https://www.allovoisins.com/v/home-sitting-accueil-gardiennage
N/A,Louer une tondeuse à gazon - Lunel,France,N/A,15€,N/A,N/A,allovoisins,general,employer,N/A,N/A,N/A,on-site,HIGH,No,"LLM: Location d'outils, nécessite présence physique",Durée : 1 jour,detail_page,No,https://www.allovoisins.com/r/0/11/0/0/location-vente/Outillage
N/A,Recherche Pose de parquet - Revêtement de sol à Fontaine,France,N/A,N/A,N/A,N/A,allovoisins,general,unknown,N/A,N/A,N/A,on-site,MEDIUM,No,"NLP Analysis: Ambiguous signals (remote: 0, onsite: 0)",N/A,listing_page,No,https://www.allovoisins.com/v/pose-de-parquet-revetement-de-sol
N/A,Louer un tracteur de pelouse - Couladère,France,N/A,50€,N/A,N/A,allovoisins,general,employer,N/A,N/A,N/A,on-site,HIGH,No,"LLM: Location d'outils, nécessite présence physique",Durée : 1 jour,detail_page,No,https://www.allovoisins.com/r/0/11/0/0/location-vente/Outillage
N/A,Acheter des chutes - matériaux de récupération - Égliseneuve-près-Billom,France,N/A,1€,N/A,N/A,allovoisins,general,unknown,N/A,N/A,N/A,on-site,MEDIUM,No,"NLP Analysis: Ambiguous signals (remote: 0, onsite: 0)",Durée : 1 jour,detail_page,No,https://www.allovoisins.com/r/0/3/0/0/location-vente/Btp-chantier
N/A,Louer un lève portes / lève meubles - Offranville,France,N/A,5€,N/A,N/A,allovoisins,general,unknown,N/A,N/A,N/A,on-site,MEDIUM,No,"NLP Analysis: Ambiguous signals (remote: 0, onsite: 0)",Durée : 1 jour,detail_page,No,https://www.allovoisins.com/r/0/7/0/0/location-vente/Manutention
N/A,Recherche Home sitting - Accueil - Gardiennage à Erquy,France,N/A,N/A,N/A,N/A,allovoisins,general,unknown,N/A,N/A,N/A,on-site,MEDIUM,No,"NLP Analysis: Ambiguous signals (remote: 0, onsite: 0)",N/A,listing_page,No,https://www.allovoisins.com/v/home-sitting-accueil-gardiennage
N/A,Louer une tondeuse à gazon - Lunel,France,N/A,15€,N/A,N/A,allovoisins,general,employer,N/A,N/A,N/A,on-site,HIGH,No,"LLM: Location d'outils, nécessite présence physique",Durée : 1 jour,detail_page,No,https://www.allovoisins.com/r/0/11/0/0/location-vente/Outillage
N/A,Recherche Pose de parquet - Revêtement de sol à Fontaine,France,N/A,N/A,N/A,N/A,allovoisins,general,unknown,N/A,N/A,N/A,on-site,MEDIUM,No,"NLP Analysis: Ambiguous signals (remote: 0, onsite: 0)",N/A,listing_page,No,https://www.allovoisins.com/v/pose-de-parquet-revetement-de-sol
N/A,Louer un tracteur de pelouse - Couladère,France,N/A,50€,N/A,N/A,allovoisins,general,employer,N/A,N/A,N/A,on-site,HIGH,No,"LLM: Location d'outils, nécessite présence physique",Durée : 1 jour,detail_page,No,https://www.allovoisins.com/r/0/11/0/0/location-vente/Outillage
N/A,Acheter des chutes - matériaux de récupération - Égliseneuve-près-Billom,France,N/A,1€,N/A,N/A,allovoisins,general,unknown,N/A,N/A,N/A,on-site,MEDIUM,No,"NLP Analysis: Ambiguous signals (remote: 0, onsite: 0)",Durée : 1 jour,detail_page,No,https://www.allovoisins.com/r/0/3/0/0/location-vente/Btp-chantier
N/A,Cherche Aide à domicile à Annecy,France,N/A,N/A,N/A,N/A,allovoisins,general,unknown,N/A,N/A,N/A,on-site,HIGH,No,Obvious on-site work: aide à domicile,N/A,listing_page,No,https://www.allovoisins.com/v/aide-a-domicile
N/A,Recherche Lingerie - Repassage à Vaire,France,N/A,12€ / heure,N/A,N/A,allovoisins,general,unknown,N/A,N/A,N/A,on-site,HIGH,No,Obvious on-site work: repassage,N/A,listing_page,No,https://www.allovoisins.com/v/lingerie-repassage
N/A,Cherche Tonte de pelouse - Débroussaillage à Hyères,France,N/A,N/A,N/A,N/A,allovoisins,general,unknown,N/A,N/A,N/A,on-site,MEDIUM,No,"NLP Analysis: Ambiguous signals (remote: 0, onsite: 0)",N/A,listing_page,No,https://www.allovoisins.com/v/tonte-de-pelouse-debroussaillage
N/A,Louer une remorque auto - Doudeville,France,N/A,29€,N/A,N/A,allovoisins,general,unknown,N/A,N/A,N/A,on-site,MEDIUM,No,"NLP Analysis: Ambiguous signals (remote: 0, onsite: 0)",N/A,listing_page,No,https://www.allovoisins.com/r/0/79/0/0/location-vente/Remorque-accessoires-auto
N/A,Cherche Aide à domicile à Annecy,France,N/A,N/A,N/A,N/A,allovoisins,general,unknown,N/A,N/A,N/A,on-site,HIGH,No,Obvious on-site work: aide à domicile,N/A,listing_page,No,https://www.allovoisins.com/v/aide-a-domicile
N/A,Recherche Lingerie - Repassage à Vaire,France,N/A,12€ / heure,N/A,N/A,allovoisins,general,unknown,N/A,N/A,N/A,on-site,HIGH,No,Obvious on-site work: repassage,N/A,listing_page,No,https://www.allovoisins.com/v/lingerie-repassage
N/A,Cherche Tonte de pelouse - Débroussaillage à Hyères,France,N/A,N/A,N/A,N/A,allovoisins,general,unknown,N/A,N/A,N/A,on-site,MEDIUM,No,"NLP Analysis: Ambiguous signals (remote: 0, onsite: 0)",N/A,listing_page,No,https://www.allovoisins.com/v/tonte-de-pelouse-debroussaillage
N/A,Louer une remorque auto - Doudeville,France,N/A,29€,N/A,N/A,allovoisins,general,unknown,N/A,N/A,N/A,on-site,MEDIUM,No,"NLP Analysis: Ambiguous signals (remote: 0, onsite: 0)",N/A,listing_page,No,https://www.allovoisins.com/r/0/79/0/0/location-vente/Remorque-accessoires-auto
N/A,Louer un lève portes / lève meubles - Offranville,France,N/A,5€,N/A,N/A,allovoisins,general,unknown,N/A,N/A,N/A,on-site,MEDIUM,No,"NLP Analysis: Ambiguous signals (remote: 0, onsite: 0)",Durée : 1 jour,detail_page,No,https://www.allovoisins.com/r/0/7/0/0/location-vente/Manutention
N/A,Recherche Home sitting - Accueil - Gardiennage à Erquy,France,N/A,N/A,N/A,N/A,allovoisins,general,unknown,N/A,N/A,N/A,on-site,MEDIUM,No,"NLP Analysis: Ambiguous signals (remote: 0, onsite: 0)",N/A,listing_page,No,https://www.allovoisins.com/v/home-sitting-accueil-gardiennage
N/A,Louer une tondeuse à gazon - Lunel,France,N/A,15€,N/A,N/A,allovoisins,general,employer,N/A,N/A,N/A,on-site,HIGH,No,"LLM: Location d'outils, nécessite présence physique",Durée : 1 jour,detail_page,No,https://www.allovoisins.com/r/0/11/0/0/location-vente/Outillage
N/A,Recherche Pose de parquet - Revêtement de sol à Fontaine,France,N/A,N/A,N/A,N/A,allovoisins,general,unknown,N/A,N/A,N/A,on-site,MEDIUM,No,"NLP Analysis: Ambiguous signals (remote: 0, onsite: 0)",N/A,listing_page,No,https://www.allovoisins.com/v/pose-de-parquet-revetement-de-sol
N/A,Louer un tracteur de pelouse - Couladère,France,N/A,50€,N/A,N/A,allovoisins,general,employer,N/A,N/A,N/A,on-site,HIGH,No,"LLM: Location d'outils, nécessite présence physique",Durée : 1 jour,detail_page,No,https://www.allovoisins.com/r/0/11/0/0/location-vente/Outillage
N/A,Acheter des chutes - matériaux de récupération - Égliseneuve-près-Billom,France,N/A,1€,N/A,N/A,allovoisins,general,unknown,N/A,N/A,N/A,on-site,MEDIUM,No,"NLP Analysis: Ambiguous signals (remote: 0, onsite: 0)",Durée : 1 jour,detail_page,No,https://www.allovoisins.com/r/0/3/0/0/location-vente/Btp-chantier
N/A,Louer un tracteur de pelouse - Couladère,France,N/A,50€,N/A,N/A,allovoisins,general,employer,N/A,N/A,N/A,on-site,HIGH,No,"LLM: Location d'outils, nécessite présence physique",Durée : 1 jour,detail_page,No,https://www.allovoisins.com/r/0/11/0/0/location-vente/Outillage
N/A,Acheter des chutes - matériaux de récupération - Égliseneuve-près-Billom,France,N/A,1€,N/A,N/A,allovoisins,general,unknown,N/A,N/A,N/A,on-site,MEDIUM,No,"NLP Analysis: Ambiguous signals (remote: 0, onsite: 0)",Durée : 1 jour,detail_page,No,https://www.allovoisins.com/r/0/3/0/0/location-vente/Btp-chantier
N/A,Louer un lève portes / lève meubles - Offranville,France,N/A,5€,N/A,N/A,allovoisins,general,unknown,N/A,N/A,N/A,on-site,MEDIUM,No,"NLP Analysis: Ambiguous signals (remote: 0, onsite: 0)",Durée : 1 jour,detail_page,No,https://www.allovoisins.com/r/0/7/0/0/location-vente/Manutention
N/A,Recherche Home sitting - Accueil - Gardiennage à Erquy,France,N/A,N/A,N/A,N/A,allovoisins,general,unknown,N/A,N/A,N/A,on-site,MEDIUM,No,"NLP Analysis: Ambiguous signals (remote: 0, onsite: 0)",N/A,listing_page,No,https://www.allovoisins.com/v/home-sitting-accueil-gardiennage
N/A,Louer une tondeuse à gazon - Lunel,France,N/A,15€,N/A,N/A,allovoisins,general,employer,N/A,N/A,N/A,on-site,HIGH,No,"LLM: Location d'outils, nécessite présence physique",Durée : 1 jour,detail_page,No,https://www.allovoisins.com/r/0/11/0/0/location-vente/Outillage
N/A,Recherche Pose de parquet - Revêtement de sol à Fontaine,France,N/A,N/A,N/A,N/A,allovoisins,general,unknown,N/A,N/A,N/A,on-site,MEDIUM,No,"NLP Analysis: Ambiguous signals (remote: 0, onsite: 0)",N/A,listing_page,No,https://www.allovoisins.com/v/pose-de-parquet-revetement-de-sol
N/A,Cherche Aide à domicile à Annecy,France,N/A,N/A,N/A,N/A,allovoisins,general,unknown,N/A,N/A,N/A,on-site,HIGH,No,Obvious on-site work: aide à domicile,N/A,listing_page,No,https://www.allovoisins.com/v/aide-a-domicile
N/A,Recherche Lingerie - Repassage à Vaire,France,N/A,12€ / heure,N/A,N/A,allovoisins,general,unknown,N/A,N/A,N/A,on-site,HIGH,No,Obvious on-site work: repassage,N/A,listing_page,No,https://www.allovoisins.com/v/lingerie-repassage
N/A,Cherche Tonte de pelouse - Débroussaillage à Hyères,France,N/A,N/A,N/A,N/A,allovoisins,general,unknown,N/A,N/A,N/A,on-site,MEDIUM,No,"NLP Analysis: Ambiguous signals (remote: 0, onsite: 0)",N/A,listing_page,No,https://www.allovoisins.com/v/tonte-de-pelouse-debroussaillage
N/A,Louer une remorque auto - Doudeville,France,N/A,29€,N/A,N/A,allovoisins,general,unknown,N/A,N/A,N/A,on-site,MEDIUM,No,"NLP Analysis: Ambiguous signals (remote: 0, onsite: 0)",N/A,listing_page,No,https://www.allovoisins.com/r/0/79/0/0/location-vente/Remorque-accessoires-auto
N/A,Cherche Aide à domicile à Annecy,France,N/A,N/A,N/A,N/A,allovoisins,general,unknown,N/A,N/A,N/A,on-site,HIGH,No,Obvious on-site work: aide à domicile,N/A,listing_page,No,https://www.allovoisins.com/v/aide-a-domicile
N/A,Recherche Lingerie - Repassage à Vaire,France,N/A,12€ / heure,N/A,N/A,allovoisins,general,unknown,N/A,N/A,N/A,on-site,HIGH,No,Obvious on-site work: repassage,N/A,listing_page,No,https://www.allovoisins.com/v/lingerie-repassage
N/A,Cherche Tonte de pelouse - Débroussaillage à Hyères,France,N/A,N/A,N/A,N/A,allovoisins,general,unknown,N/A,N/A,N/A,on-site,MEDIUM,No,"NLP Analysis: Ambiguous signals (remote: 0, onsite: 0)",N/A,listing_page,No,https://www.allovoisins.com/v/tonte-de-pelouse-debroussaillage
N/A,Louer une remorque auto - Doudeville,France,N/A,29€,N/A,N/A,allovoisins,general,unknown,N/A,N/A,N/A,on-site,MEDIUM,No,"NLP Analysis: Ambiguous signals (remote: 0, onsite: 0)",N/A,listing_page,No,https://www.allovoisins.com/r/0/79/0/0/location-vente/Remorque-accessoires-auto
N/A,Louer un tracteur de pelouse - Couladère,France,N/A,50€,N/A,N/A,allovoisins,general,employer,N/A,N/A,N/A,on-site,HIGH,No,"LLM: Location d'outils, nécessite présence physique",Durée : 1 jour,detail_page,No,https://www.allovoisins.com/r/0/11/0/0/location-vente/Outillage
N/A,Acheter des chutes - matériaux de récupération - Égliseneuve-près-Billom,France,N/A,1€,N/A,N/A,allovoisins,general,unknown,N/A,N/A,N/A,on-site,MEDIUM,No,"NLP Analysis: Ambiguous signals (remote: 0, onsite: 0)",Durée : 1 jour,detail_page,No,https://www.allovoisins.com/r/0/3/0/0/location-vente/Btp-chantier
N/A,Louer un tracteur de pelouse - Couladère,France,N/A,50€,N/A,N/A,allovoisins,general,employer,N/A,N/A,N/A,on-site,HIGH,No,"LLM: Location d'outils, nécessite présence physique",Durée : 1 jour,detail_page,No,https://www.allovoisins.com/r/0/11/0/0/location-vente/Outillage
N/A,Acheter des chutes - matériaux de récupération - Égliseneuve-près-Billom,France,N/A,1€,N/A,N/A,allovoisins,general,unknown,N/A,N/A,N/A,on-site,MEDIUM,No,"NLP Analysis: Ambiguous signals (remote: 0, onsite: 0)",Durée : 1 jour,detail_page,No,https://www.allovoisins.com/r/0/3/0/0/location-vente/Btp-chantier
N/A,Cherche Aide à domicile à Annecy,France,N/A,N/A,N/A,N/A,allovoisins,general,unknown,N/A,N/A,N/A,on-site,HIGH,No,Obvious on-site work: aide à domicile,N/A,listing_page,No,https://www.allovoisins.com/v/aide-a-domicile
N/A,Recherche Lingerie - Repassage à Vaire,France,N/A,12€ / heure,N/A,N/A,allovoisins,general,unknown,N/A,N/A,N/A,on-site,HIGH,No,Obvious on-site work: repassage,N/A,listing_page,No,https://www.allovoisins.com/v/lingerie-repassage
N/A,Cherche Tonte de pelouse - Débroussaillage à Hyères,France,N/A,N/A,N/A,N/A,allovoisins,general,unknown,N/A,N/A,N/A,on-site,MEDIUM,No,"NLP Analysis: Ambiguous signals (remote: 0, onsite: 0)",N/A,listing_page,No,https://www.allovoisins.com/v/tonte-de-pelouse-debroussaillage
N/A,Louer une remorque auto - Doudeville,France,N/A,29€,N/A,N/A,allovoisins,general,unknown,N/A,N/A,N/A,on-site,MEDIUM,No,"NLP Analysis: Ambiguous signals (remote: 0, onsite: 0)",N/A,listing_page,No,https://www.allovoisins.com/r/0/79/0/0/location-vente/Remorque-accessoires-auto
N/A,Louer un tracteur de pelouse - Couladère,France,N/A,50€,N/A,N/A,allovoisins,general,employer,N/A,N/A,N/A,on-site,HIGH,No,"LLM: Location d'outils, nécessite présence physique",Durée : 1 jour,detail_page,No,https://www.allovoisins.com/r/0/11/0/0/location-vente/Outillage
N/A,Acheter des chutes - matériaux de récupération - Égliseneuve-près-Billom,France,N/A,1€,N/A,N/A,allovoisins,general,unknown,N/A,N/A,N/A,on-site,MEDIUM,No,"NLP Analysis: Ambiguous signals (remote: 0, onsite: 0)",Durée : 1 jour,detail_page,No,https://www.allovoisins.com/r/0/3/0/0/location-vente/Btp-chantier
N/A,Cherche Aide à domicile à Annecy,France,N/A,N/A,N/A,N/A,allovoisins,general,unknown,N/A,N/A,N/A,on-site,HIGH,No,Obvious on-site work: aide à domicile,N/A,listing_page,No,https://www.allovoisins.com/v/aide-a-domicile
N/A,Recherche Lingerie - Repassage à Vaire,France,N/A,12€ / heure,N/A,N/A,allovoisins,general,unknown,N/A,N/A,N/A,on-site,HIGH,No,Obvious on-site work: repassage,N/A,listing_page,No,https://www.allovoisins.com/v/lingerie-repassage
N/A,Cherche Tonte de pelouse - Débroussaillage à Hyères,France,N/A,N/A,N/A,N/A,allovoisins,general,unknown,N/A,N/A,N/A,on-site,MEDIUM,No,"NLP Analysis: Ambiguous signals (remote: 0, onsite: 0)",N/A,listing_page,No,https://www.allovoisins.com/v/tonte-de-pelouse-debroussaillage
N/A,Louer une remorque auto - Doudeville,France,N/A,29€,N/A,N/A,allovoisins,general,unknown,N/A,N/A,N/A,on-site,MEDIUM,No,"NLP Analysis: Ambiguous signals (remote: 0, onsite: 0)",N/A,listing_page,No,https://www.allovoisins.com/r/0/79/0/0/location-vente/Remorque-accessoires-auto
N/A,Louer un lève portes / lève meubles - Offranville,France,N/A,5€,N/A,N/A,allovoisins,general,unknown,N/A,N/A,N/A,on-site,MEDIUM,No,"NLP Analysis: Ambiguous signals (remote: 0, onsite: 0)",Durée : 1 jour,detail_page,No,https://www.allovoisins.com/r/0/7/0/0/location-vente/Manutention
N/A,Recherche Home sitting - Accueil - Gardiennage à Erquy,France,N/A,N/A,N/A,N/A,allovoisins,general,unknown,N/A,N/A,N/A,on-site,MEDIUM,No,"NLP Analysis: Ambiguous signals (remote: 0, onsite: 0)",N/A,listing_page,No,https://www.allovoisins.com/v/home-sitting-accueil-gardiennage
N/A,Louer une tondeuse à gazon - Lunel,France,N/A,15€,N/A,N/A,allovoisins,general,employer,N/A,N/A,N/A,on-site,HIGH,No,"LLM: Location d'outils, nécessite présence physique",Durée : 1 jour,detail_page,No,https://www.allovoisins.com/r/0/11/0/0/location-vente/Outillage
N/A,Recherche Pose de parquet - Revêtement de sol à Fontaine,France,N/A,N/A,N/A,N/A,allovoisins,general,unknown,N/A,N/A,N/A,on-site,MEDIUM,No,"NLP Analysis: Ambiguous signals (remote: 0, onsite: 0)",N/A,listing_page,No,https://www.allovoisins.com/v/pose-de-parquet-revetement-de-sol
N/A,Louer un lève portes / lève meubles - Offranville,France,N/A,5€,N/A,N/A,allovoisins,general,unknown,N/A,N/A,N/A,on-site,MEDIUM,No,"NLP Analysis: Ambiguous signals (remote: 0, onsite: 0)",Durée : 1 jour,detail_page,No,https://www.allovoisins.com/r/0/7/0/0/location-vente/Manutention
N/A,Recherche Home sitting - Accueil - Gardiennage à Erquy,France,N/A,N/A,N/A,N/A,allovoisins,general,unknown,N/A,N/A,N/A,on-site,MEDIUM,No,"NLP Analysis: Ambiguous signals (remote: 0, onsite: 0)",N/A,listing_page,No,https://www.allovoisins.com/v/home-sitting-accueil-gardiennage
N/A,Louer une tondeuse à gazon - Lunel,France,N/A,15€,N/A,N/A,allovoisins,general,employer,N/A,N/A,N/A,on-site,HIGH,No,"LLM: Location d'outils, nécessite présence physique",Durée : 1 jour,detail_page,No,https://www.allovoisins.com/r/0/11/0/0/location-vente/Outillage
N/A,Recherche Pose de parquet - Revêtement de sol à Fontaine,France,N/A,N/A,N/A,N/A,allovoisins,general,unknown,N/A,N/A,N/A,on-site,MEDIUM,No,"NLP Analysis: Ambiguous signals (remote: 0, onsite: 0)",N/A,listing_page,No,https://www.allovoisins.com/v/pose-de-parquet-revetement-de-sol
N/A,Louer un lève portes / lève meubles - Offranville,France,N/A,5€,N/A,N/A,allovoisins,general,unknown,N/A,N/A,N/A,on-site,MEDIUM,No,"NLP Analysis: Ambiguous signals (remote: 0, onsite: 0)",Durée : 1 jour,detail_page,No,https://www.allovoisins.com/r/0/7/0/0/location-vente/Manutention
N/A,Recherche Home sitting - Accueil - Gardiennage à Erquy,France,N/A,N/A,N/A,N/A,allovoisins,general,unknown,N/A,N/A,N/A,on-site,MEDIUM,No,"NLP Analysis: Ambiguous signals (remote: 0, onsite: 0)",N/A,listing_page,No,https://www.allovoisins.com/v/home-sitting-accueil-gardiennage
N/A,Louer une tondeuse à gazon - Lunel,France,N/A,15€,N/A,N/A,allovoisins,general,employer,N/A,N/A,N/A,on-site,HIGH,No,"LLM: Location d'outils, nécessite présence physique",Durée : 1 jour,detail_page,No,https://www.allovoisins.com/r/0/11/0/0/location-vente/Outillage
N/A,Recherche Pose de parquet - Revêtement de sol à Fontaine,France,N/A,N/A,N/A,N/A,allovoisins,general,unknown,N/A,N/A,N/A,on-site,MEDIUM,No,"NLP Analysis: Ambiguous signals (remote: 0, onsite: 0)",N/A,listing_page,No,https://www.allovoisins.com/v/pose-de-parquet-revetement-de-sol
N/A,Cherche Aide à domicile à Annecy,France,N/A,N/A,N/A,N/A,allovoisins,general,unknown,N/A,N/A,N/A,on-site,HIGH,No,Obvious on-site work: aide à domicile,N/A,listing_page,No,https://www.allovoisins.com/v/aide-a-domicile
N/A,Recherche Lingerie - Repassage à Vaire,France,N/A,12€ / heure,N/A,N/A,allovoisins,general,unknown,N/A,N/A,N/A,on-site,HIGH,No,Obvious on-site work: repassage,N/A,listing_page,No,https://www.allovoisins.com/v/lingerie-repassage
N/A,Cherche Tonte de pelouse - Débroussaillage à Hyères,France,N/A,N/A,N/A,N/A,allovoisins,general,unknown,N/A,N/A,N/A,on-site,MEDIUM,No,"NLP Analysis: Ambiguous signals (remote: 0, onsite: 0)",N/A,listing_page,No,https://www.allovoisins.com/v/tonte-de-pelouse-debroussaillage
N/A,Louer une remorque auto - Doudeville,France,N/A,29€,N/A,N/A,allovoisins,general,unknown,N/A,N/A,N/A,on-site,MEDIUM,No,"NLP Analysis: Ambiguous signals (remote: 0, onsite: 0)",N/A,listing_page,No,https://www.allovoisins.com/r/0/79/0/0/location-vente/Remorque-accessoires-auto
N/A,Cherche Aide à domicile à Annecy,France,N/A,N/A,N/A,N/A,allovoisins,general,unknown,N/A,N/A,N/A,on-site,HIGH,No,Obvious on-site work: aide à domicile,N/A,listing_page,No,https://www.allovoisins.com/v/aide-a-domicile
N/A,Recherche Lingerie - Repassage à Vaire,France,N/A,12€ / heure,N/A,N/A,allovoisins,general,unknown,N/A,N/A,N/A,on-site,HIGH,No,Obvious on-site work: repassage,N/A,listing_page,No,https://www.allovoisins.com/v/lingerie-repassage
N/A,Cherche Tonte de pelouse - Débroussaillage à Hyères,France,N/A,N/A,N/A,N/A,allovoisins,general,unknown,N/A,N/A,N/A,on-site,MEDIUM,No,"NLP Analysis: Ambiguous signals (remote: 0, onsite: 0)",N/A,listing_page,No,https://www.allovoisins.com/v/tonte-de-pelouse-debroussaillage
N/A,Louer une remorque auto - Doudeville,France,N/A,29€,N/A,N/A,allovoisins,general,unknown,N/A,N/A,N/A,on-site,MEDIUM,No,"NLP Analysis: Ambiguous signals (remote: 0, onsite: 0)",N/A,listing_page,No,https://www.allovoisins.com/r/0/79/0/0/location-vente/Remorque-accessoires-auto
N/A,Louer un lève portes / lève meubles - Offranville,France,N/A,5€,N/A,N/A,allovoisins,general,unknown,N/A,N/A,N/A,on-site,MEDIUM,No,"NLP Analysis: Ambiguous signals (remote: 0, onsite: 0)",Durée : 1 jour,detail_page,No,https://www.allovoisins.com/r/0/7/0/0/location-vente/Manutention
N/A,Recherche Home sitting - Accueil - Gardiennage à Erquy,France,N/A,N/A,N/A,N/A,allovoisins,general,unknown,N/A,N/A,N/A,on-site,MEDIUM,No,"NLP Analysis: Ambiguous signals (remote: 0, onsite: 0)",N/A,listing_page,No,https://www.allovoisins.com/v/home-sitting-accueil-gardiennage
N/A,Louer une tondeuse à gazon - Lunel,France,N/A,15€,N/A,N/A,allovoisins,general,employer,N/A,N/A,N/A,on-site,HIGH,No,"LLM: Location d'outils, nécessite présence physique",Durée : 1 jour,detail_page,No,https://www.allovoisins.com/r/0/11/0/0/location-vente/Outillage
N/A,Recherche Pose de parquet - Revêtement de sol à Fontaine,France,N/A,N/A,N/A,N/A,allovoisins,general,unknown,N/A,N/A,N/A,on-site,MEDIUM,No,"NLP Analysis: Ambiguous signals (remote: 0, onsite: 0)",N/A,listing_page,No,https://www.allovoisins.com/v/pose-de-parquet-revetement-de-sol
N/A,Louer un tracteur de pelouse - Couladère,France,N/A,50€,N/A,N/A,allovoisins,general,employer,N/A,N/A,N/A,on-site,HIGH,No,"LLM: Location d'outils, nécessite présence physique",Durée : 1 jour,detail_page,No,https://www.allovoisins.com/r/0/11/0/0/location-vente/Outillage
N/A,Acheter des chutes - matériaux de récupération - Égliseneuve-près-Billom,France,N/A,1€,N/A,N/A,allovoisins,general,unknown,N/A,N/A,N/A,on-site,MEDIUM,No,"NLP Analysis: Ambiguous signals (remote: 0, onsite: 0)",Durée : 1 jour,detail_page,No,https://www.allovoisins.com/r/0/3/0/0/location-vente/Btp-chantier
N/A,Louer un tracteur de pelouse - Couladère,France,N/A,50€,N/A,N/A,allovoisins,general,employer,N/A,N/A,N/A,on-site,HIGH,No,"LLM: Location d'outils, nécessite présence physique",Durée : 1 jour,detail_page,No,https://www.allovoisins.com/r/0/11/0/0/location-vente/Outillage
N/A,Acheter des chutes - matériaux de récupération - Égliseneuve-près-Billom,France,N/A,1€,N/A,N/A,allovoisins,general,unknown,N/A,N/A,N/A,on-site,MEDIUM,No,"NLP Analysis: Ambiguous signals (remote: 0, onsite: 0)",Durée : 1 jour,detail_page,No,https://www.allovoisins.com/r/0/3/0/0/location-vente/Btp-chantier
N/A,Louer un lève portes / lève meubles - Offranville,France,N/A,5€,N/A,N/A,allovoisins,general,unknown,N/A,N/A,N/A,on-site,MEDIUM,No,"NLP Analysis: Ambiguous signals (remote: 0, onsite: 0)",Durée : 1 jour,detail_page,No,https://www.allovoisins.com/r/0/7/0/0/location-vente/Manutention
N/A,Recherche Home sitting - Accueil - Gardiennage à Erquy,France,N/A,N/A,N/A,N/A,allovoisins,general,unknown,N/A,N/A,N/A,on-site,MEDIUM,No,"NLP Analysis: Ambiguous signals (remote: 0, onsite: 0)",N/A,listing_page,No,https://www.allovoisins.com/v/home-sitting-accueil-gardiennage
N/A,Louer une tondeuse à gazon - Lunel,France,N/A,15€,N/A,N/A,allovoisins,general,employer,N/A,N/A,N/A,on-site,HIGH,No,"LLM: Location d'outils, nécessite présence physique",Durée : 1 jour,detail_page,No,https://www.allovoisins.com/r/0/11/0/0/location-vente/Outillage
N/A,Recherche Pose de parquet - Revêtement de sol à Fontaine,France,N/A,N/A,N/A,N/A,allovoisins,general,unknown,N/A,N/A,N/A,on-site,MEDIUM,No,"NLP Analysis: Ambiguous signals (remote: 0, onsite: 0)",N/A,listing_page,No,https://www.allovoisins.com/v/pose-de-parquet-revetement-de-sol
N/A,Louer un lève portes / lève meubles - Offranville,France,N/A,5€,N/A,N/A,allovoisins,general,unknown,N/A,N/A,N/A,on-site,MEDIUM,No,"NLP Analysis: Ambiguous signals (remote: 0, onsite: 0)",Durée : 1 jour,detail_page,No,https://www.allovoisins.com/r/0/7/0/0/location-vente/Manutention
N/A,Recherche Home sitting - Accueil - Gardiennage à Erquy,France,N/A,N/A,N/A,N/A,allovoisins,general,unknown,N/A,N/A,N/A,on-site,MEDIUM,No,"NLP Analysis: Ambiguous signals (remote: 0, onsite: 0)",N/A,listing_page,No,https://www.allovoisins.com/v/home-sitting-accueil-gardiennage
N/A,Louer une tondeuse à gazon - Lunel,France,N/A,15€,N/A,N/A,allovoisins,general,employer,N/A,N/A,N/A,on-site,HIGH,No,"LLM: Location d'outils, nécessite présence physique",Durée : 1 jour,detail_page,No,https://www.allovoisins.com/r/0/11/0/0/location-vente/Outillage
N/A,Recherche Pose de parquet - Revêtement de sol à Fontaine,France,N/A,N/A,N/A,N/A,allovoisins,general,unknown,N/A,N/A,N/A,on-site,MEDIUM,No,"NLP Analysis: Ambiguous signals (remote: 0, onsite: 0)",N/A,listing_page,No,https://www.allovoisins.com/v/pose-de-parquet-revetement-de-sol
N/A,Cherche Aide à domicile à Annecy,France,N/A,N/A,N/A,N/A,allovoisins,general,unknown,N/A,N/A,N/A,on-site,HIGH,No,Obvious on-site work: aide à domicile,N/A,listing_page,No,https://www.allovoisins.com/v/aide-a-domicile
N/A,Recherche Lingerie - Repassage à Vaire,France,N/A,12€ / heure,N/A,N/A,allovoisins,general,unknown,N/A,N/A,N/A,on-site,HIGH,No,Obvious on-site work: repassage,N/A,listing_page,No,https://www.allovoisins.com/v/lingerie-repassage
N/A,Cherche Tonte de pelouse - Débroussaillage à Hyères,France,N/A,N/A,N/A,N/A,allovoisins,general,unknown,N/A,N/A,N/A,on-site,MEDIUM,No,"NLP Analysis: Ambiguous signals (remote: 0, onsite: 0)",N/A,listing_page,No,https://www.allovoisins.com/v/tonte-de-pelouse-debroussaillage
N/A,Louer une remorque auto - Doudeville,France,N/A,29€,N/A,N/A,allovoisins,general,unknown,N/A,N/A,N/A,on-site,MEDIUM,No,"NLP Analysis: Ambiguous signals (remote: 0, onsite: 0)",N/A,listing_page,No,https://www.allovoisins.com/r/0/79/0/0/location-vente/Remorque-accessoires-auto
N/A,Cherche Aide à domicile à Annecy,France,N/A,N/A,N/A,N/A,allovoisins,general,unknown,N/A,N/A,N/A,on-site,HIGH,No,Obvious on-site work: aide à domicile,N/A,listing_page,No,https://www.allovoisins.com/v/aide-a-domicile
N/A,Recherche Lingerie - Repassage à Vaire,France,N/A,12€ / heure,N/A,N/A,allovoisins,general,unknown,N/A,N/A,N/A,on-site,HIGH,No,Obvious on-site work: repassage,N/A,listing_page,No,https://www.allovoisins.com/v/lingerie-repassage
N/A,Cherche Tonte de pelouse - Débroussaillage à Hyères,France,N/A,N/A,N/A,N/A,allovoisins,general,unknown,N/A,N/A,N/A,on-site,MEDIUM,No,"NLP Analysis: Ambiguous signals (remote: 0, onsite: 0)",N/A,listing_page,No,https://www.allovoisins.com/v/tonte-de-pelouse-debroussaillage
N/A,Louer une remorque auto - Doudeville,France,N/A,29€,N/A,N/A,allovoisins,general,unknown,N/A,N/A,N/A,on-site,MEDIUM,No,"NLP Analysis: Ambiguous signals (remote: 0, onsite: 0)",N/A,listing_page,No,https://www.allovoisins.com/r/0/79/0/0/location-vente/Remorque-accessoires-auto
N/A,Louer un lève portes / lève meubles - Offranville,France,N/A,5€,N/A,N/A,allovoisins,general,unknown,N/A,N/A,N/A,on-site,MEDIUM,No,"NLP Analysis: Ambiguous signals (remote: 0, onsite: 0)",Durée : 1 jour,detail_page,No,https://www.allovoisins.com/r/0/7/0/0/location-vente/Manutention
N/A,Recherche Home sitting - Accueil - Gardiennage à Erquy,France,N/A,N/A,N/A,N/A,allovoisins,general,unknown,N/A,N/A,N/A,on-site,MEDIUM,No,"NLP Analysis: Ambiguous signals (remote: 0, onsite: 0)",N/A,listing_page,No,https://www.allovoisins.com/v/home-sitting-accueil-gardiennage
N/A,Louer une tondeuse à gazon - Lunel,France,N/A,15€,N/A,N/A,allovoisins,general,employer,N/A,N/A,N/A,on-site,HIGH,No,"LLM: Location d'outils, nécessite présence physique",Durée : 1 jour,detail_page,No,https://www.allovoisins.com/r/0/11/0/0/location-vente/Outillage
N/A,Recherche Pose de parquet - Revêtement de sol à Fontaine,France,N/A,N/A,N/A,N/A,allovoisins,general,unknown,N/A,N/A,N/A,on-site,MEDIUM,No,"NLP Analysis: Ambiguous signals (remote: 0, onsite: 0)",N/A,listing_page,No,https://www.allovoisins.com/v/pose-de-parquet-revetement-de-sol
N/A,Louer un tracteur de pelouse - Couladère,France,N/A,50€,N/A,N/A,allovoisins,general,employer,N/A,N/A,N/A,on-site,HIGH,No,"LLM: Location d'outils, nécessite présence physique",Durée : 1 jour,detail_page,No,https://www.allovoisins.com/r/0/11/0/0/location-vente/Outillage
N/A,Acheter des chutes - matériaux de récupération - Égliseneuve-près-Billom,France,N/A,1€,N/A,N/A,allovoisins,general,unknown,N/A,N/A,N/A,on-site,MEDIUM,No,"NLP Analysis: Ambiguous signals (remote: 0, onsite: 0)",Durée : 1 jour,detail_page,No,https://www.allovoisins.com/r/0/3/0/0/location-vente/Btp-chantier
N/A,Cherche Aide à domicile à Annecy,France,N/A,N/A,N/A,N/A,allovoisins,general,unknown,N/A,N/A,N/A,on-site,HIGH,No,Obvious on-site work: aide à domicile,N/A,listing_page,No,https://www.allovoisins.com/v/aide-a-domicile
N/A,Recherche Lingerie - Repassage à Vaire,France,N/A,12€ / heure,N/A,N/A,allovoisins,general,unknown,N/A,N/A,N/A,on-site,HIGH,No,Obvious on-site work: repassage,N/A,listing_page,No,https://www.allovoisins.com/v/lingerie-repassage
N/A,Cherche Tonte de pelouse - Débroussaillage à Hyères,France,N/A,N/A,N/A,N/A,allovoisins,general,unknown,N/A,N/A,N/A,on-site,MEDIUM,No,"NLP Analysis: Ambiguous signals (remote: 0, onsite: 0)",N/A,listing_page,No,https://www.allovoisins.com/v/tonte-de-pelouse-debroussaillage
N/A,Louer une remorque auto - Doudeville,France,N/A,29€,N/A,N/A,allovoisins,general,unknown,N/A,N/A,N/A,on-site,MEDIUM,No,"NLP Analysis: Ambiguous signals (remote: 0, onsite: 0)",N/A,listing_page,No,https://www.allovoisins.com/r/0/79/0/0/location-vente/Remorque-accessoires-auto
N/A,Louer un lève portes / lève meubles - Offranville,France,N/A,5€,N/A,N/A,allovoisins,general,unknown,N/A,N/A,N/A,on-site,MEDIUM,No,"NLP Analysis: Ambiguous signals (remote: 0, onsite: 0)",Durée : 1 jour,detail_page,No,https://www.allovoisins.com/r/0/7/0/0/location-vente/Manutention
N/A,Recherche Home sitting - Accueil - Gardiennage à Erquy,France,N/A,N/A,N/A,N/A,allovoisins,general,unknown,N/A,N/A,N/A,on-site,MEDIUM,No,"NLP Analysis: Ambiguous signals (remote: 0, onsite: 0)",N/A,listing_page,No,https://www.allovoisins.com/v/home-sitting-accueil-gardiennage
N/A,Louer une tondeuse à gazon - Lunel,France,N/A,15€,N/A,N/A,allovoisins,general,employer,N/A,N/A,N/A,on-site,HIGH,No,"LLM: Location d'outils, nécessite présence physique",Durée : 1 jour,detail_page,No,https://www.allovoisins.com/r/0/11/0/0/location-vente/Outillage
N/A,Recherche Pose de parquet - Revêtement de sol à Fontaine,France,N/A,N/A,N/A,N/A,allovoisins,general,unknown,N/A,N/A,N/A,on-site,MEDIUM,No,"NLP Analysis: Ambiguous signals (remote: 0, onsite: 0)",N/A,listing_page,No,https://www.allovoisins.com/v/pose-de-parquet-revetement-de-sol
N/A,Cherche Aide à domicile à Annecy,France,N/A,N/A,N/A,N/A,allovoisins,general,unknown,N/A,N/A,N/A,on-site,HIGH,No,Obvious on-site work: aide à domicile,N/A,listing_page,No,https://www.allovoisins.com/v/aide-a-domicile
N/A,Recherche Lingerie - Repassage à Vaire,France,N/A,12€ / heure,N/A,N/A,allovoisins,general,unknown,N/A,N/A,N/A,on-site,HIGH,No,Obvious on-site work: repassage,N/A,listing_page,No,https://www.allovoisins.com/v/lingerie-repassage
N/A,Cherche Tonte de pelouse - Débroussaillage à Hyères,France,N/A,N/A,N/A,N/A,allovoisins,general,unknown,N/A,N/A,N/A,on-site,MEDIUM,No,"NLP Analysis: Ambiguous signals (remote: 0, onsite: 0)",N/A,listing_page,No,https://www.allovoisins.com/v/tonte-de-pelouse-debroussaillage
N/A,Louer une remorque auto - Doudeville,France,N/A,29€,N/A,N/A,allovoisins,general,unknown,N/A,N/A,N/A,on-site,MEDIUM,No,"NLP Analysis: Ambiguous signals (remote: 0, onsite: 0)",N/A,listing_page,No,https://www.allovoisins.com/r/0/79/0/0/location-vente/Remorque-accessoires-auto
N/A,Louer un tracteur de pelouse - Couladère,France,N/A,50€,N/A,N/A,allovoisins,general,employer,N/A,N/A,N/A,on-site,HIGH,No,"LLM: Location d'outils, nécessite présence physique",Durée : 1 jour,detail_page,No,https://www.allovoisins.com/r/0/11/0/0/location-vente/Outillage
N/A,Acheter des chutes - matériaux de récupération - Égliseneuve-près-Billom,France,N/A,1€,N/A,N/A,allovoisins,general,unknown,N/A,N/A,N/A,on-site,MEDIUM,No,"NLP Analysis: Ambiguous signals (remote: 0, onsite: 0)",Durée : 1 jour,detail_page,No,https://www.allovoisins.com/r/0/3/0/0/location-vente/Btp-chantier
N/A,Louer un lève portes / lève meubles - Offranville,France,N/A,5€,N/A,N/A,allovoisins,general,unknown,N/A,N/A,N/A,on-site,MEDIUM,No,"NLP Analysis: Ambiguous signals (remote: 0, onsite: 0)",Durée : 1 jour,detail_page,No,https://www.allovoisins.com/r/0/7/0/0/location-vente/Manutention
N/A,Recherche Home sitting - Accueil - Gardiennage à Erquy,France,N/A,N/A,N/A,N/A,allovoisins,general,unknown,N/A,N/A,N/A,on-site,MEDIUM,No,"NLP Analysis: Ambiguous signals (remote: 0, onsite: 0)",N/A,listing_page,No,https://www.allovoisins.com/v/home-sitting-accueil-gardiennage
N/A,Louer une tondeuse à gazon - Lunel,France,N/A,15€,N/A,N/A,allovoisins,general,employer,N/A,N/A,N/A,on-site,HIGH,No,"LLM: Location d'outils, nécessite présence physique",Durée : 1 jour,detail_page,No,https://www.allovoisins.com/r/0/11/0/0/location-vente/Outillage
N/A,Recherche Pose de parquet - Revêtement de sol à Fontaine,France,N/A,N/A,N/A,N/A,allovoisins,general,unknown,N/A,N/A,N/A,on-site,MEDIUM,No,"NLP Analysis: Ambiguous signals (remote: 0, onsite: 0)",N/A,listing_page,No,https://www.allovoisins.com/v/pose-de-parquet-revetement-de-sol
N/A,Louer un tracteur de pelouse - Couladère,France,N/A,50€,N/A,N/A,allovoisins,general,employer,N/A,N/A,N/A,on-site,HIGH,No,"LLM: Location d'outils, nécessite présence physique",Durée : 1 jour,detail_page,No,https://www.allovoisins.com/r/0/11/0/0/location-vente/Outillage
N/A,Acheter des chutes - matériaux de récupération - Égliseneuve-près-Billom,France,N/A,1€,N/A,N/A,allovoisins,general,unknown,N/A,N/A,N/A,on-site,MEDIUM,No,"NLP Analysis: Ambiguous signals (remote: 0, onsite: 0)",Durée : 1 jour,detail_page,No,https://www.allovoisins.com/r/0/3/0/0/location-vente/Btp-chantier
N/A,Cherche Aide à domicile à Annecy,France,N/A,N/A,N/A,N/A,allovoisins,general,unknown,N/A,N/A,N/A,on-site,HIGH,No,Obvious on-site work: aide à domicile,N/A,listing_page,No,https://www.allovoisins.com/v/aide-a-domicile
N/A,Recherche Lingerie - Repassage à Vaire,France,N/A,12€ / heure,N/A,N/A,allovoisins,general,unknown,N/A,N/A,N/A,on-site,HIGH,No,Obvious on-site work: repassage,N/A,listing_page,No,https://www.allovoisins.com/v/lingerie-repassage
N/A,Cherche Tonte de pelouse - Débroussaillage à Hyères,France,N/A,N/A,N/A,N/A,allovoisins,general,unknown,N/A,N/A,N/A,on-site,MEDIUM,No,"NLP Analysis: Ambiguous signals (remote: 0, onsite: 0)",N/A,listing_page,No,https://www.allovoisins.com/v/tonte-de-pelouse-debroussaillage
N/A,Louer une remorque auto - Doudeville,France,N/A,29€,N/A,N/A,allovoisins,general,unknown,N/A,N/A,N/A,on-site,MEDIUM,No,"NLP Analysis: Ambiguous signals (remote: 0, onsite: 0)",N/A,listing_page,No,https://www.allovoisins.com/r/0/79/0/0/location-vente/Remorque-accessoires-auto
N/A,Cherche Aide à domicile à Annecy,France,N/A,N/A,N/A,N/A,allovoisins,general,unknown,N/A,N/A,N/A,on-site,HIGH,No,Obvious on-site work: aide à domicile,N/A,listing_page,No,https://www.allovoisins.com/v/aide-a-domicile
N/A,Recherche Lingerie - Repassage à Vaire,France,N/A,12€ / heure,N/A,N/A,allovoisins,general,unknown,N/A,N/A,N/A,on-site,HIGH,No,Obvious on-site work: repassage,N/A,listing_page,No,https://www.allovoisins.com/v/lingerie-repassage
N/A,Cherche Tonte de pelouse - Débroussaillage à Hyères,France,N/A,N/A,N/A,N/A,allovoisins,general,unknown,N/A,N/A,N/A,on-site,MEDIUM,No,"NLP Analysis: Ambiguous signals (remote: 0, onsite: 0)",N/A,listing_page,No,https://www.allovoisins.com/v/tonte-de-pelouse-debroussaillage
N/A,Louer une remorque auto - Doudeville,France,N/A,29€,N/A,N/A,allovoisins,general,unknown,N/A,N/A,N/A,on-site,MEDIUM,No,"NLP Analysis: Ambiguous signals (remote: 0, onsite: 0)",N/A,listing_page,No,https://www.allovoisins.com/r/0/79/0/0/location-vente/Remorque-accessoires-auto
N/A,Louer un lève portes / lève meubles - Offranville,France,N/A,5€,N/A,N/A,allovoisins,general,unknown,N/A,N/A,N/A,on-site,MEDIUM,No,"NLP Analysis: Ambiguous signals (remote: 0, onsite: 0)",Durée : 1 jour,detail_page,No,https://www.allovoisins.com/r/0/7/0/0/location-vente/Manutention
N/A,Recherche Home sitting - Accueil - Gardiennage à Erquy,France,N/A,N/A,N/A,N/A,allovoisins,general,unknown,N/A,N/A,N/A,on-site,MEDIUM,No,"NLP Analysis: Ambiguous signals (remote: 0, onsite: 0)",N/A,listing_page,No,https://www.allovoisins.com/v/home-sitting-accueil-gardiennage
N/A,Louer une tondeuse à gazon - Lunel,France,N/A,15€,N/A,N/A,allovoisins,general,employer,N/A,N/A,N/A,on-site,HIGH,No,"LLM: Location d'outils, nécessite présence physique",Durée : 1 jour,detail_page,No,https://www.allovoisins.com/r/0/11/0/0/location-vente/Outillage
N/A,Recherche Pose de parquet - Revêtement de sol à Fontaine,France,N/A,N/A,N/A,N/A,allovoisins,general,unknown,N/A,N/A,N/A,on-site,MEDIUM,No,"NLP Analysis: Ambiguous signals (remote: 0, onsite: 0)",N/A,listing_page,No,https://www.allovoisins.com/v/pose-de-parquet-revetement-de-sol
N/A,Cherche Aide à domicile à Annecy,France,N/A,N/A,N/A,N/A,allovoisins,general,unknown,N/A,N/A,N/A,on-site,HIGH,No,Obvious on-site work: aide à domicile,N/A,listing_page,No,https://www.allovoisins.com/v/aide-a-domicile
N/A,Recherche Lingerie - Repassage à Vaire,France,N/A,12€ / heure,N/A,N/A,allovoisins,general,unknown,N/A,N/A,N/A,on-site,HIGH,No,Obvious on-site work: repassage,N/A,listing_page,No,https://www.allovoisins.com/v/lingerie-repassage
N/A,Cherche Tonte de pelouse - Débroussaillage à Hyères,France,N/A,N/A,N/A,N/A,allovoisins,general,unknown,N/A,N/A,N/A,on-site,MEDIUM,No,"NLP Analysis: Ambiguous signals (remote: 0, onsite: 0)",N/A,listing_page,No,https://www.allovoisins.com/v/tonte-de-pelouse-debroussaillage
N/A,Louer une remorque auto - Doudeville,France,N/A,29€,N/A,N/A,allovoisins,general,unknown,N/A,N/A,N/A,on-site,MEDIUM,No,"NLP Analysis: Ambiguous signals (remote: 0, onsite: 0)",N/A,listing_page,No,https://www.allovoisins.com/r/0/79/0/0/location-vente/Remorque-accessoires-auto
N/A,Louer un lève portes / lève meubles - Offranville,France,N/A,5€,N/A,N/A,allovoisins,general,unknown,N/A,N/A,N/A,on-site,MEDIUM,No,"NLP Analysis: Ambiguous signals (remote: 0, onsite: 0)",Durée : 1 jour,detail_page,No,https://www.allovoisins.com/r/0/7/0/0/location-vente/Manutention
N/A,Recherche Home sitting - Accueil - Gardiennage à Erquy,France,N/A,N/A,N/A,N/A,allovoisins,general,unknown,N/A,N/A,N/A,on-site,MEDIUM,No,"NLP Analysis: Ambiguous signals (remote: 0, onsite: 0)",N/A,listing_page,No,https://www.allovoisins.com/v/home-sitting-accueil-gardiennage
N/A,Louer une tondeuse à gazon - Lunel,France,N/A,15€,N/A,N/A,allovoisins,general,employer,N/A,N/A,N/A,on-site,HIGH,No,"LLM: Location d'outils, nécessite présence physique",Durée : 1 jour,detail_page,No,https://www.allovoisins.com/r/0/11/0/0/location-vente/Outillage
N/A,Recherche Pose de parquet - Revêtement de sol à Fontaine,France,N/A,N/A,N/A,N/A,allovoisins,general,unknown,N/A,N/A,N/A,on-site,MEDIUM,No,"NLP Analysis: Ambiguous signals (remote: 0, onsite: 0)",N/A,listing_page,No,https://www.allovoisins.com/v/pose-de-parquet-revetement-de-sol
N/A,Cherche Aide à domicile à Annecy,France,N/A,N/A,N/A,N/A,allovoisins,general,unknown,N/A,N/A,N/A,on-site,HIGH,No,Obvious on-site work: aide à domicile,N/A,listing_page,No,https://www.allovoisins.com/v/aide-a-domicile
N/A,Recherche Lingerie - Repassage à Vaire,France,N/A,12€ / heure,N/A,N/A,allovoisins,general,unknown,N/A,N/A,N/A,on-site,HIGH,No,Obvious on-site work: repassage,N/A,listing_page,No,https://www.allovoisins.com/v/lingerie-repassage
N/A,Cherche Tonte de pelouse - Débroussaillage à Hyères,France,N/A,N/A,N/A,N/A,allovoisins,general,unknown,N/A,N/A,N/A,on-site,MEDIUM,No,"NLP Analysis: Ambiguous signals (remote: 0, onsite: 0)",N/A,listing_page,No,https://www.allovoisins.com/v/tonte-de-pelouse-debroussaillage
N/A,Louer une remorque auto - Doudeville,France,N/A,29€,N/A,N/A,allovoisins,general,unknown,N/A,N/A,N/A,on-site,MEDIUM,No,"NLP Analysis: Ambiguous signals (remote: 0, onsite: 0)",N/A,listing_page,No,https://www.allovoisins.com/r/0/79/0/0/location-vente/Remorque-accessoires-auto
N/A,Louer un tracteur de pelouse - Couladère,France,N/A,50€,N/A,N/A,allovoisins,general,employer,N/A,N/A,N/A,on-site,HIGH,No,"LLM: Location d'outils, nécessite présence physique",Durée : 1 jour,detail_page,No,https://www.allovoisins.com/r/0/11/0/0/location-vente/Outillage
N/A,Acheter des chutes - matériaux de récupération - Égliseneuve-près-Billom,France,N/A,1€,N/A,N/A,allovoisins,general,unknown,N/A,N/A,N/A,on-site,MEDIUM,No,"NLP Analysis: Ambiguous signals (remote: 0, onsite: 0)",Durée : 1 jour,detail_page,No,https://www.allovoisins.com/r/0/3/0/0/location-vente/Btp-chantier
N/A,Cherche Aide à domicile à Annecy,France,N/A,N/A,N/A,N/A,allovoisins,general,unknown,N/A,N/A,N/A,on-site,HIGH,No,Obvious on-site work: aide à domicile,N/A,listing_page,No,https://www.allovoisins.com/v/aide-a-domicile
N/A,Recherche Lingerie - Repassage à Vaire,France,N/A,12€ / heure,N/A,N/A,allovoisins,general,unknown,N/A,N/A,N/A,on-site,HIGH,No,Obvious on-site work: repassage,N/A,listing_page,No,https://www.allovoisins.com/v/lingerie-repassage
N/A,Cherche Tonte de pelouse - Débroussaillage à Hyères,France,N/A,N/A,N/A,N/A,allovoisins,general,unknown,N/A,N/A,N/A,on-site,MEDIUM,No,"NLP Analysis: Ambiguous signals (remote: 0, onsite: 0)",N/A,listing_page,No,https://www.allovoisins.com/v/tonte-de-pelouse-debroussaillage
N/A,Louer une remorque auto - Doudeville,France,N/A,29€,N/A,N/A,allovoisins,general,unknown,N/A,N/A,N/A,on-site,MEDIUM,No,"NLP Analysis: Ambiguous signals (remote: 0, onsite: 0)",N/A,listing_page,No,https://www.allovoisins.com/r/0/79/0/0/location-vente/Remorque-accessoires-auto
N/A,Cherche Aide à domicile à Annecy,France,N/A,N/A,N/A,N/A,allovoisins,general,unknown,N/A,N/A,N/A,on-site,HIGH,No,Obvious on-site work: aide à domicile,N/A,listing_page,No,https://www.allovoisins.com/v/aide-a-domicile
N/A,Recherche Lingerie - Repassage à Vaire,France,N/A,12€ / heure,N/A,N/A,allovoisins,general,unknown,N/A,N/A,N/A,on-site,HIGH,No,Obvious on-site work: repassage,N/A,listing_page,No,https://www.allovoisins.com/v/lingerie-repassage
N/A,Cherche Tonte de pelouse - Débroussaillage à Hyères,France,N/A,N/A,N/A,N/A,allovoisins,general,unknown,N/A,N/A,N/A,on-site,MEDIUM,No,"NLP Analysis: Ambiguous signals (remote: 0, onsite: 0)",N/A,listing_page,No,https://www.allovoisins.com/v/tonte-de-pelouse-debroussaillage
N/A,Louer une remorque auto - Doudeville,France,N/A,29€,N/A,N/A,allovoisins,general,unknown,N/A,N/A,N/A,on-site,MEDIUM,No,"NLP Analysis: Ambiguous signals (remote: 0, onsite: 0)",N/A,listing_page,No,https://www.allovoisins.com/r/0/79/0/0/location-vente/Remorque-accessoires-auto
N/A,Cherche Aide à domicile à Annecy,France,N/A,N/A,N/A,N/A,allovoisins,general,unknown,N/A,N/A,N/A,on-site,HIGH,No,Obvious on-site work: aide à domicile,N/A,listing_page,No,https://www.allovoisins.com/v/aide-a-domicile
N/A,Recherche Lingerie - Repassage à Vaire,France,N/A,12€ / heure,N/A,N/A,allovoisins,general,unknown,N/A,N/A,N/A,on-site,HIGH,No,Obvious on-site work: repassage,N/A,listing_page,No,https://www.allovoisins.com/v/lingerie-repassage
N/A,Cherche Tonte de pelouse - Débroussaillage à Hyères,France,N/A,N/A,N/A,N/A,allovoisins,general,unknown,N/A,N/A,N/A,on-site,MEDIUM,No,"NLP Analysis: Ambiguous signals (remote: 0, onsite: 0)",N/A,listing_page,No,https://www.allovoisins.com/v/tonte-de-pelouse-debroussaillage
N/A,Louer une remorque auto - Doudeville,France,N/A,29€,N/A,N/A,allovoisins,general,unknown,N/A,N/A,N/A,on-site,MEDIUM,No,"NLP Analysis: Ambiguous signals (remote: 0, onsite: 0)",N/A,listing_page,No,https://www.allovoisins.com/r/0/79/0/0/location-vente/Remorque-accessoires-auto
N/A,Louer un tracteur de pelouse - Couladère,France,N/A,50€,N/A,N/A,allovoisins,general,employer,N/A,N/A,N/A,on-site,HIGH,No,"LLM: Location d'outils, nécessite présence physique",Durée : 1 jour,detail_page,No,https://www.allovoisins.com/r/0/11/0/0/location-vente/Outillage
N/A,Acheter des chutes - matériaux de récupération - Égliseneuve-près-Billom,France,N/A,1€,N/A,N/A,allovoisins,general,unknown,N/A,N/A,N/A,on-site,MEDIUM,No,"NLP Analysis: Ambiguous signals (remote: 0, onsite: 0)",Durée : 1 jour,detail_page,No,https://www.allovoisins.com/r/0/3/0/0/location-vente/Btp-chantier
N/A,Cherche Aide à domicile à Annecy,France,N/A,N/A,N/A,N/A,allovoisins,general,unknown,N/A,N/A,N/A,on-site,HIGH,No,Obvious on-site work: aide à domicile,N/A,listing_page,No,https://www.allovoisins.com/v/aide-a-domicile
N/A,Recherche Lingerie - Repassage à Vaire,France,N/A,12€ / heure,N/A,N/A,allovoisins,general,unknown,N/A,N/A,N/A,on-site,HIGH,No,Obvious on-site work: repassage,N/A,listing_page,No,https://www.allovoisins.com/v/lingerie-repassage
N/A,Cherche Tonte de pelouse - Débroussaillage à Hyères,France,N/A,N/A,N/A,N/A,allovoisins,general,unknown,N/A,N/A,N/A,on-site,MEDIUM,No,"NLP Analysis: Ambiguous signals (remote: 0, onsite: 0)",N/A,listing_page,No,https://www.allovoisins.com/v/tonte-de-pelouse-debroussaillage
N/A,Louer une remorque auto - Doudeville,France,N/A,29€,N/A,N/A,allovoisins,general,unknown,N/A,N/A,N/A,on-site,MEDIUM,No,"NLP Analysis: Ambiguous signals (remote: 0, onsite: 0)",N/A,listing_page,No,https://www.allovoisins.com/r/0/79/0/0/location-vente/Remorque-accessoires-auto
N/A,Louer un tracteur de pelouse - Couladère,France,N/A,50€,N/A,N/A,allovoisins,general,employer,N/A,N/A,N/A,on-site,HIGH,No,"LLM: Location d'outils, nécessite présence physique",Durée : 1 jour,detail_page,No,https://www.allovoisins.com/r/0/11/0/0/location-vente/Outillage
N/A,Acheter des chutes - matériaux de récupération - Égliseneuve-près-Billom,France,N/A,1€,N/A,N/A,allovoisins,general,unknown,N/A,N/A,N/A,on-site,MEDIUM,No,"NLP Analysis: Ambiguous signals (remote: 0, onsite: 0)",Durée : 1 jour,detail_page,No,https://www.allovoisins.com/r/0/3/0/0/location-vente/Btp-chantier
N/A,Cherche Aide à domicile à Annecy,France,N/A,N/A,N/A,N/A,allovoisins,general,unknown,N/A,N/A,N/A,on-site,HIGH,No,Obvious on-site work: aide à domicile,N/A,listing_page,No,https://www.allovoisins.com/v/aide-a-domicile
N/A,Recherche Lingerie - Repassage à Vaire,France,N/A,12€ / heure,N/A,N/A,allovoisins,general,unknown,N/A,N/A,N/A,on-site,HIGH,No,Obvious on-site work: repassage,N/A,listing_page,No,https://www.allovoisins.com/v/lingerie-repassage
N/A,Cherche Tonte de pelouse - Débroussaillage à Hyères,France,N/A,N/A,N/A,N/A,allovoisins,general,unknown,N/A,N/A,N/A,on-site,MEDIUM,No,"NLP Analysis: Ambiguous signals (remote: 0, onsite: 0)",N/A,listing_page,No,https://www.allovoisins.com/v/tonte-de-pelouse-debroussaillage
N/A,Louer une remorque auto - Doudeville,France,N/A,29€,N/A,N/A,allovoisins,general,unknown,N/A,N/A,N/A,on-site,MEDIUM,No,"NLP Analysis: Ambiguous signals (remote: 0, onsite: 0)",N/A,listing_page,No,https://www.allovoisins.com/r/0/79/0/0/location-vente/Remorque-accessoires-auto
N/A,Cherche Aide à domicile à Annecy,France,N/A,N/A,N/A,N/A,allovoisins,general,unknown,N/A,N/A,N/A,on-site,HIGH,No,Obvious on-site work: aide à domicile,N/A,listing_page,No,https://www.allovoisins.com/v/aide-a-domicile
N/A,Recherche Lingerie - Repassage à Vaire,France,N/A,12€ / heure,N/A,N/A,allovoisins,general,unknown,N/A,N/A,N/A,on-site,HIGH,No,Obvious on-site work: repassage,N/A,listing_page,No,https://www.allovoisins.com/v/lingerie-repassage
N/A,Cherche Tonte de pelouse - Débroussaillage à Hyères,France,N/A,N/A,N/A,N/A,allovoisins,general,unknown,N/A,N/A,N/A,on-site,MEDIUM,No,"NLP Analysis: Ambiguous signals (remote: 0, onsite: 0)",N/A,listing_page,No,https://www.allovoisins.com/v/tonte-de-pelouse-debroussaillage
N/A,Louer une remorque auto - Doudeville,France,N/A,29€,N/A,N/A,allovoisins,general,unknown,N/A,N/A,N/A,on-site,MEDIUM,No,"NLP Analysis: Ambiguous signals (remote: 0, onsite: 0)",N/A,listing_page,No,https://www.allovoisins.com/r/0/79/0/0/location-vente/Remorque-accessoires-auto
N/A,Louer un lève portes / lève meubles - Offranville,France,N/A,5€,N/A,N/A,allovoisins,general,unknown,N/A,N/A,N/A,on-site,MEDIUM,No,"NLP Analysis: Ambiguous signals (remote: 0, onsite: 0)",Durée : 1 jour,detail_page,No,https://www.allovoisins.com/r/0/7/0/0/location-vente/Manutention
N/A,Recherche Home sitting - Accueil - Gardiennage à Erquy,France,N/A,N/A,N/A,N/A,allovoisins,general,unknown,N/A,N/A,N/A,on-site,MEDIUM,No,"NLP Analysis: Ambiguous signals (remote: 0, onsite: 0)",N/A,listing_page,No,https://www.allovoisins.com/v/home-sitting-accueil-gardiennage
N/A,Louer une tondeuse à gazon - Lunel,France,N/A,15€,N/A,N/A,allovoisins,general,employer,N/A,N/A,N/A,on-site,HIGH,No,"LLM: Location d'outils, nécessite présence physique",Durée : 1 jour,detail_page,No,https://www.allovoisins.com/r/0/11/0/0/location-vente/Outillage
N/A,Recherche Pose de parquet - Revêtement de sol à Fontaine,France,N/A,N/A,N/A,N/A,allovoisins,general,unknown,N/A,N/A,N/A,on-site,MEDIUM,No,"NLP Analysis: Ambiguous signals (remote: 0, onsite: 0)",N/A,listing_page,No,https://www.allovoisins.com/v/pose-de-parquet-revetement-de-sol
N/A,Cherche Aide à domicile à Annecy,France,N/A,N/A,N/A,N/A,allovoisins,general,unknown,N/A,N/A,N/A,on-site,HIGH,No,Obvious on-site work: aide à domicile,N/A,listing_page,No,https://www.allovoisins.com/v/aide-a-domicile
N/A,Recherche Lingerie - Repassage à Vaire,France,N/A,12€ / heure,N/A,N/A,allovoisins,general,unknown,N/A,N/A,N/A,on-site,HIGH,No,Obvious on-site work: repassage,N/A,listing_page,No,https://www.allovoisins.com/v/lingerie-repassage
N/A,Cherche Tonte de pelouse - Débroussaillage à Hyères,France,N/A,N/A,N/A,N/A,allovoisins,general,unknown,N/A,N/A,N/A,on-site,MEDIUM,No,"NLP Analysis: Ambiguous signals (remote: 0, onsite: 0)",N/A,listing_page,No,https://www.allovoisins.com/v/tonte-de-pelouse-debroussaillage
N/A,Louer une remorque auto - Doudeville,France,N/A,29€,N/A,N/A,allovoisins,general,unknown,N/A,N/A,N/A,on-site,MEDIUM,No,"NLP Analysis: Ambiguous signals (remote: 0, onsite: 0)",N/A,listing_page,No,https://www.allovoisins.com/r/0/79/0/0/location-vente/Remorque-accessoires-auto
N/A,Louer un lève portes / lève meubles - Offranville,France,N/A,5€,N/A,N/A,allovoisins,general,unknown,N/A,N/A,N/A,on-site,MEDIUM,No,"NLP Analysis: Ambiguous signals (remote: 0, onsite: 0)",Durée : 1 jour,detail_page,No,https://www.allovoisins.com/r/0/7/0/0/location-vente/Manutention
N/A,Recherche Home sitting - Accueil - Gardiennage à Erquy,France,N/A,N/A,N/A,N/A,allovoisins,general,unknown,N/A,N/A,N/A,on-site,MEDIUM,No,"NLP Analysis: Ambiguous signals (remote: 0, onsite: 0)",N/A,listing_page,No,https://www.allovoisins.com/v/home-sitting-accueil-gardiennage
N/A,Louer une tondeuse à gazon - Lunel,France,N/A,15€,N/A,N/A,allovoisins,general,employer,N/A,N/A,N/A,on-site,HIGH,No,"LLM: Location d'outils, nécessite présence physique",Durée : 1 jour,detail_page,No,https://www.allovoisins.com/r/0/11/0/0/location-vente/Outillage
N/A,Recherche Pose de parquet - Revêtement de sol à Fontaine,France,N/A,N/A,N/A,N/A,allovoisins,general,unknown,N/A,N/A,N/A,on-site,MEDIUM,No,"NLP Analysis: Ambiguous signals (remote: 0, onsite: 0)",N/A,listing_page,No,https://www.allovoisins.com/v/pose-de-parquet-revetement-de-sol
N/A,Louer un lève portes / lève meubles - Offranville,France,N/A,5€,N/A,N/A,allovoisins,general,unknown,N/A,N/A,N/A,on-site,MEDIUM,No,"NLP Analysis: Ambiguous signals (remote: 0, onsite: 0)",Durée : 1 jour,detail_page,No,https://www.allovoisins.com/r/0/7/0/0/location-vente/Manutention
N/A,Recherche Home sitting - Accueil - Gardiennage à Erquy,France,N/A,N/A,N/A,N/A,allovoisins,general,unknown,N/A,N/A,N/A,on-site,MEDIUM,No,"NLP Analysis: Ambiguous signals (remote: 0, onsite: 0)",N/A,listing_page,No,https://www.allovoisins.com/v/home-sitting-accueil-gardiennage
N/A,Louer une tondeuse à gazon - Lunel,France,N/A,15€,N/A,N/A,allovoisins,general,employer,N/A,N/A,N/A,on-site,HIGH,No,"LLM: Location d'outils, nécessite présence physique",Durée : 1 jour,detail_page,No,https://www.allovoisins.com/r/0/11/0/0/location-vente/Outillage
N/A,Recherche Pose de parquet - Revêtement de sol à Fontaine,France,N/A,N/A,N/A,N/A,allovoisins,general,unknown,N/A,N/A,N/A,on-site,MEDIUM,No,"NLP Analysis: Ambiguous signals (remote: 0, onsite: 0)",N/A,listing_page,No,https://www.allovoisins.com/v/pose-de-parquet-revetement-de-sol
N/A,Louer un tracteur de pelouse - Couladère,France,N/A,50€,N/A,N/A,allovoisins,general,employer,N/A,N/A,N/A,on-site,HIGH,No,"LLM: Location d'outils, nécessite présence physique",Durée : 1 jour,detail_page,No,https://www.allovoisins.com/r/0/11/0/0/location-vente/Outillage
N/A,Acheter des chutes - matériaux de récupération - Égliseneuve-près-Billom,France,N/A,1€,N/A,N/A,allovoisins,general,unknown,N/A,N/A,N/A,on-site,MEDIUM,No,"NLP Analysis: Ambiguous signals (remote: 0, onsite: 0)",Durée : 1 jour,detail_page,No,https://www.allovoisins.com/r/0/3/0/0/location-vente/Btp-chantier
N/A,Louer un lève portes / lève meubles - Offranville,France,N/A,5€,N/A,N/A,allovoisins,general,unknown,N/A,N/A,N/A,on-site,MEDIUM,No,"NLP Analysis: Ambiguous signals (remote: 0, onsite: 0)",Durée : 1 jour,detail_page,No,https://www.allovoisins.com/r/0/7/0/0/location-vente/Manutention
N/A,Recherche Home sitting - Accueil - Gardiennage à Erquy,France,N/A,N/A,N/A,N/A,allovoisins,general,unknown,N/A,N/A,N/A,on-site,MEDIUM,No,"NLP Analysis: Ambiguous signals (remote: 0, onsite: 0)",N/A,listing_page,No,https://www.allovoisins.com/v/home-sitting-accueil-gardiennage
N/A,Louer une tondeuse à gazon - Lunel,France,N/A,15€,N/A,N/A,allovoisins,general,employer,N/A,N/A,N/A,on-site,HIGH,No,"LLM: Location d'outils, nécessite présence physique",Durée : 1 jour,detail_page,No,https://www.allovoisins.com/r/0/11/0/0/location-vente/Outillage
N/A,Recherche Pose de parquet - Revêtement de sol à Fontaine,France,N/A,N/A,N/A,N/A,allovoisins,general,unknown,N/A,N/A,N/A,on-site,MEDIUM,No,"NLP Analysis: Ambiguous signals (remote: 0, onsite: 0)",N/A,listing_page,No,https://www.allovoisins.com/v/pose-de-parquet-revetement-de-sol
N/A,Louer un tracteur de pelouse - Couladère,France,N/A,50€,N/A,N/A,allovoisins,general,employer,N/A,N/A,N/A,on-site,HIGH,No,"LLM: Location d'outils, nécessite présence physique",Durée : 1 jour,detail_page,No,https://www.allovoisins.com/r/0/11/0/0/location-vente/Outillage
N/A,Acheter des chutes - matériaux de récupération - Égliseneuve-près-Billom,France,N/A,1€,N/A,N/A,allovoisins,general,unknown,N/A,N/A,N/A,on-site,MEDIUM,No,"NLP Analysis: Ambiguous signals (remote: 0, onsite: 0)",Durée : 1 jour,detail_page,No,https://www.allovoisins.com/r/0/3/0/0/location-vente/Btp-chantier
N/A,Cherche Aide à domicile à Annecy,France,N/A,N/A,N/A,N/A,allovoisins,general,unknown,N/A,N/A,N/A,on-site,HIGH,No,Obvious on-site work: aide à domicile,N/A,listing_page,No,https://www.allovoisins.com/v/aide-a-domicile
N/A,Recherche Lingerie - Repassage à Vaire,France,N/A,12€ / heure,N/A,N/A,allovoisins,general,unknown,N/A,N/A,N/A,on-site,HIGH,No,Obvious on-site work: repassage,N/A,listing_page,No,https://www.allovoisins.com/v/lingerie-repassage
N/A,Cherche Tonte de pelouse - Débroussaillage à Hyères,France,N/A,N/A,N/A,N/A,allovoisins,general,unknown,N/A,N/A,N/A,on-site,MEDIUM,No,"NLP Analysis: Ambiguous signals (remote: 0, onsite: 0)",N/A,listing_page,No,https://www.allovoisins.com/v/tonte-de-pelouse-debroussaillage
N/A,Louer une remorque auto - Doudeville,France,N/A,29€,N/A,N/A,allovoisins,general,unknown,N/A,N/A,N/A,on-site,MEDIUM,No,"NLP Analysis: Ambiguous signals (remote: 0, onsite: 0)",N/A,listing_page,No,https://www.allovoisins.com/r/0/79/0/0/location-vente/Remorque-accessoires-auto
N/A,Louer un tracteur de pelouse - Couladère,France,N/A,50€,N/A,N/A,allovoisins,general,employer,N/A,N/A,N/A,on-site,HIGH,No,"LLM: Location d'outils, nécessite présence physique",Durée : 1 jour,detail_page,No,https://www.allovoisins.com/r/0/11/0/0/location-vente/Outillage
N/A,Acheter des chutes - matériaux de récupération - Égliseneuve-près-Billom,France,N/A,1€,N/A,N/A,allovoisins,general,unknown,N/A,N/A,N/A,on-site,MEDIUM,No,"NLP Analysis: Ambiguous signals (remote: 0, onsite: 0)",Durée : 1 jour,detail_page,No,https://www.allovoisins.com/r/0/3/0/0/location-vente/Btp-chantier
N/A,Louer un tracteur de pelouse - Couladère,France,N/A,50€,N/A,N/A,allovoisins,general,employer,N/A,N/A,N/A,on-site,HIGH,No,"LLM: Location d'outils, nécessite présence physique",Durée : 1 jour,detail_page,No,https://www.allovoisins.com/r/0/11/0/0/location-vente/Outillage
N/A,Acheter des chutes - matériaux de récupération - Égliseneuve-près-Billom,France,N/A,1€,N/A,N/A,allovoisins,general,unknown,N/A,N/A,N/A,on-site,MEDIUM,No,"NLP Analysis: Ambiguous signals (remote: 0, onsite: 0)",Durée : 1 jour,detail_page,No,https://www.allovoisins.com/r/0/3/0/0/location-vente/Btp-chantier
N/A,Louer un lève portes / lève meubles - Offranville,France,N/A,5€,N/A,N/A,allovoisins,general,unknown,N/A,N/A,N/A,on-site,MEDIUM,No,"NLP Analysis: Ambiguous signals (remote: 0, onsite: 0)",Durée : 1 jour,detail_page,No,https://www.allovoisins.com/r/0/7/0/0/location-vente/Manutention
N/A,Recherche Home sitting - Accueil - Gardiennage à Erquy,France,N/A,N/A,N/A,N/A,allovoisins,general,unknown,N/A,N/A,N/A,on-site,MEDIUM,No,"NLP Analysis: Ambiguous signals (remote: 0, onsite: 0)",N/A,listing_page,No,https://www.allovoisins.com/v/home-sitting-accueil-gardiennage
N/A,Louer une tondeuse à gazon - Lunel,France,N/A,15€,N/A,N/A,allovoisins,general,employer,N/A,N/A,N/A,on-site,HIGH,No,"LLM: Location d'outils, nécessite présence physique",Durée : 1 jour,detail_page,No,https://www.allovoisins.com/r/0/11/0/0/location-vente/Outillage
N/A,Recherche Pose de parquet - Revêtement de sol à Fontaine,France,N/A,N/A,N/A,N/A,allovoisins,general,unknown,N/A,N/A,N/A,on-site,MEDIUM,No,"NLP Analysis: Ambiguous signals (remote: 0, onsite: 0)",N/A,listing_page,No,https://www.allovoisins.com/v/pose-de-parquet-revetement-de-sol
N/A,Louer un lève portes / lève meubles - Offranville,France,N/A,5€,N/A,N/A,allovoisins,general,unknown,N/A,N/A,N/A,on-site,MEDIUM,No,"NLP Analysis: Ambiguous signals (remote: 0, onsite: 0)",Durée : 1 jour,detail_page,No,https://www.allovoisins.com/r/0/7/0/0/location-vente/Manutention
N/A,Recherche Home sitting - Accueil - Gardiennage à Erquy,France,N/A,N/A,N/A,N/A,allovoisins,general,unknown,N/A,N/A,N/A,on-site,MEDIUM,No,"NLP Analysis: Ambiguous signals (remote: 0, onsite: 0)",N/A,listing_page,No,https://www.allovoisins.com/v/home-sitting-accueil-gardiennage
N/A,Louer une tondeuse à gazon - Lunel,France,N/A,15€,N/A,N/A,allovoisins,general,employer,N/A,N/A,N/A,on-site,HIGH,No,"LLM: Location d'outils, nécessite présence physique",Durée : 1 jour,detail_page,No,https://www.allovoisins.com/r/0/11/0/0/location-vente/Outillage
N/A,Recherche Pose de parquet - Revêtement de sol à Fontaine,France,N/A,N/A,N/A,N/A,allovoisins,general,unknown,N/A,N/A,N/A,on-site,MEDIUM,No,"NLP Analysis: Ambiguous signals (remote: 0, onsite: 0)",N/A,listing_page,No,https://www.allovoisins.com/v/pose-de-parquet-revetement-de-sol
N/A,Cherche Aide à domicile à Annecy,France,N/A,N/A,N/A,N/A,allovoisins,general,unknown,N/A,N/A,N/A,on-site,HIGH,No,Obvious on-site work: aide à domicile,N/A,listing_page,No,https://www.allovoisins.com/v/aide-a-domicile
N/A,Recherche Lingerie - Repassage à Vaire,France,N/A,12€ / heure,N/A,N/A,allovoisins,general,unknown,N/A,N/A,N/A,on-site,HIGH,No,Obvious on-site work: repassage,N/A,listing_page,No,https://www.allovoisins.com/v/lingerie-repassage
N/A,Cherche Tonte de pelouse - Débroussaillage à Hyères,France,N/A,N/A,N/A,N/A,allovoisins,general,unknown,N/A,N/A,N/A,on-site,MEDIUM,No,"NLP Analysis: Ambiguous signals (remote: 0, onsite: 0)",N/A,listing_page,No,https://www.allovoisins.com/v/tonte-de-pelouse-debroussaillage
N/A,Louer une remorque auto - Doudeville,France,N/A,29€,N/A,N/A,allovoisins,general,unknown,N/A,N/A,N/A,on-site,MEDIUM,No,"NLP Analysis: Ambiguous signals (remote: 0, onsite: 0)",N/A,listing_page,No,https://www.allovoisins.com/r/0/79/0/0/location-vente/Remorque-accessoires-auto
N/A,Louer un tracteur de pelouse - Couladère,France,N/A,50€,N/A,N/A,allovoisins,general,employer,N/A,N/A,N/A,on-site,HIGH,No,"LLM: Location d'outils, nécessite présence physique",Durée : 1 jour,detail_page,No,https://www.allovoisins.com/r/0/11/0/0/location-vente/Outillage
N/A,Acheter des chutes - matériaux de récupération - Égliseneuve-près-Billom,France,N/A,1€,N/A,N/A,allovoisins,general,unknown,N/A,N/A,N/A,on-site,MEDIUM,No,"NLP Analysis: Ambiguous signals (remote: 0, onsite: 0)",Durée : 1 jour,detail_page,No,https://www.allovoisins.com/r/0/3/0/0/location-vente/Btp-chantier
N/A,Louer un lève portes / lève meubles - Offranville,France,N/A,5€,N/A,N/A,allovoisins,general,unknown,N/A,N/A,N/A,on-site,MEDIUM,No,"NLP Analysis: Ambiguous signals (remote: 0, onsite: 0)",Durée : 1 jour,detail_page,No,https://www.allovoisins.com/r/0/7/0/0/location-vente/Manutention
N/A,Recherche Home sitting - Accueil - Gardiennage à Erquy,France,N/A,N/A,N/A,N/A,allovoisins,general,unknown,N/A,N/A,N/A,on-site,MEDIUM,No,"NLP Analysis: Ambiguous signals (remote: 0, onsite: 0)",N/A,listing_page,No,https://www.allovoisins.com/v/home-sitting-accueil-gardiennage
N/A,Louer une tondeuse à gazon - Lunel,France,N/A,15€,N/A,N/A,allovoisins,general,employer,N/A,N/A,N/A,on-site,HIGH,No,"LLM: Location d'outils, nécessite présence physique",Durée : 1 jour,detail_page,No,https://www.allovoisins.com/r/0/11/0/0/location-vente/Outillage
N/A,Recherche Pose de parquet - Revêtement de sol à Fontaine,France,N/A,N/A,N/A,N/A,allovoisins,general,unknown,N/A,N/A,N/A,on-site,MEDIUM,No,"NLP Analysis: Ambiguous signals (remote: 0, onsite: 0)",N/A,listing_page,No,https://www.allovoisins.com/v/pose-de-parquet-revetement-de-sol
N/A,Louer un lève portes / lève meubles - Offranville,France,N/A,5€,N/A,N/A,allovoisins,general,unknown,N/A,N/A,N/A,on-site,MEDIUM,No,"NLP Analysis: Ambiguous signals (remote: 0, onsite: 0)",Durée : 1 jour,detail_page,No,https://www.allovoisins.com/r/0/7/0/0/location-vente/Manutention
N/A,Recherche Home sitting - Accueil - Gardiennage à Erquy,France,N/A,N/A,N/A,N/A,allovoisins,general,unknown,N/A,N/A,N/A,on-site,MEDIUM,No,"NLP Analysis: Ambiguous signals (remote: 0, onsite: 0)",N/A,listing_page,No,https://www.allovoisins.com/v/home-sitting-accueil-gardiennage
N/A,Louer une tondeuse à gazon - Lunel,France,N/A,15€,N/A,N/A,allovoisins,general,employer,N/A,N/A,N/A,on-site,HIGH,No,"LLM: Location d'outils, nécessite présence physique",Durée : 1 jour,detail_page,No,https://www.allovoisins.com/r/0/11/0/0/location-vente/Outillage
N/A,Recherche Pose de parquet - Revêtement de sol à Fontaine,France,N/A,N/A,N/A,N/A,allovoisins,general,unknown,N/A,N/A,N/A,on-site,MEDIUM,No,"NLP Analysis: Ambiguous signals (remote: 0, onsite: 0)",N/A,listing_page,No,https://www.allovoisins.com/v/pose-de-parquet-revetement-de-sol
N/A,Cherche Aide à domicile à Annecy,France,N/A,N/A,N/A,N/A,allovoisins,general,unknown,N/A,N/A,N/A,on-site,HIGH,No,Obvious on-site work: aide à domicile,N/A,listing_page,No,https://www.allovoisins.com/v/aide-a-domicile
N/A,Recherche Lingerie - Repassage à Vaire,France,N/A,12€ / heure,N/A,N/A,allovoisins,general,unknown,N/A,N/A,N/A,on-site,HIGH,No,Obvious on-site work: repassage,N/A,listing_page,No,https://www.allovoisins.com/v/lingerie-repassage
N/A,Cherche Tonte de pelouse - Débroussaillage à Hyères,France,N/A,N/A,N/A,N/A,allovoisins,general,unknown,N/A,N/A,N/A,on-site,MEDIUM,No,"NLP Analysis: Ambiguous signals (remote: 0, onsite: 0)",N/A,listing_page,No,https://www.allovoisins.com/v/tonte-de-pelouse-debroussaillage
N/A,Louer une remorque auto - Doudeville,France,N/A,29€,N/A,N/A,allovoisins,general,unknown,N/A,N/A,N/A,on-site,MEDIUM,No,"NLP Analysis: Ambiguous signals (remote: 0, onsite: 0)",N/A,listing_page,No,https://www.allovoisins.com/r/0/79/0/0/location-vente/Remorque-accessoires-auto
N/A,Louer un tracteur de pelouse - Couladère,France,N/A,50€,N/A,N/A,allovoisins,general,employer,N/A,N/A,N/A,on-site,HIGH,No,"LLM: Location d'outils, nécessite présence physique",Durée : 1 jour,detail_page,No,https://www.allovoisins.com/r/0/11/0/0/location-vente/Outillage
N/A,Acheter des chutes - matériaux de récupération - Égliseneuve-près-Billom,France,N/A,1€,N/A,N/A,allovoisins,general,unknown,N/A,N/A,N/A,on-site,MEDIUM,No,"NLP Analysis: Ambiguous signals (remote: 0, onsite: 0)",Durée : 1 jour,detail_page,No,https://www.allovoisins.com/r/0/3/0/0/location-vente/Btp-chantier
N/A,Cherche Aide à domicile à Annecy,France,N/A,N/A,N/A,N/A,allovoisins,general,unknown,N/A,N/A,N/A,on-site,HIGH,No,Obvious on-site work: aide à domicile,N/A,listing_page,No,https://www.allovoisins.com/v/aide-a-domicile
N/A,Recherche Lingerie - Repassage à Vaire,France,N/A,12€ / heure,N/A,N/A,allovoisins,general,unknown,N/A,N/A,N/A,on-site,HIGH,No,Obvious on-site work: repassage,N/A,listing_page,No,https://www.allovoisins.com/v/lingerie-repassage
N/A,Cherche Tonte de pelouse - Débroussaillage à Hyères,France,N/A,N/A,N/A,N/A,allovoisins,general,unknown,N/A,N/A,N/A,on-site,MEDIUM,No,"NLP Analysis: Ambiguous signals (remote: 0, onsite: 0)",N/A,listing_page,No,https://www.allovoisins.com/v/tonte-de-pelouse-debroussaillage
N/A,Louer une remorque auto - Doudeville,France,N/A,29€,N/A,N/A,allovoisins,general,unknown,N/A,N/A,N/A,on-site,MEDIUM,No,"NLP Analysis: Ambiguous signals (remote: 0, onsite: 0)",N/A,listing_page,No,https://www.allovoisins.com/r/0/79/0/0/location-vente/Remorque-accessoires-auto
N/A,Cherche Aide à domicile à Annecy,France,N/A,N/A,N/A,N/A,allovoisins,general,unknown,N/A,N/A,N/A,on-site,HIGH,No,Obvious on-site work: aide à domicile,N/A,listing_page,No,https://www.allovoisins.com/v/aide-a-domicile
N/A,Recherche Lingerie - Repassage à Vaire,France,N/A,12€ / heure,N/A,N/A,allovoisins,general,unknown,N/A,N/A,N/A,on-site,HIGH,No,Obvious on-site work: repassage,N/A,listing_page,No,https://www.allovoisins.com/v/lingerie-repassage
N/A,Cherche Tonte de pelouse - Débroussaillage à Hyères,France,N/A,N/A,N/A,N/A,allovoisins,general,unknown,N/A,N/A,N/A,on-site,MEDIUM,No,"NLP Analysis: Ambiguous signals (remote: 0, onsite: 0)",N/A,listing_page,No,https://www.allovoisins.com/v/tonte-de-pelouse-debroussaillage
N/A,Louer une remorque auto - Doudeville,France,N/A,29€,N/A,N/A,allovoisins,general,unknown,N/A,N/A,N/A,on-site,MEDIUM,No,"NLP Analysis: Ambiguous signals (remote: 0, onsite: 0)",N/A,listing_page,No,https://www.allovoisins.com/r/0/79/0/0/location-vente/Remorque-accessoires-auto
N/A,Louer un tracteur de pelouse - Couladère,France,N/A,50€,N/A,N/A,allovoisins,general,employer,N/A,N/A,N/A,on-site,HIGH,No,"LLM: Location d'outils, nécessite présence physique",Durée : 1 jour,detail_page,No,https://www.allovoisins.com/r/0/11/0/0/location-vente/Outillage
N/A,Acheter des chutes - matériaux de récupération - Égliseneuve-près-Billom,France,N/A,1€,N/A,N/A,allovoisins,general,unknown,N/A,N/A,N/A,on-site,MEDIUM,No,"NLP Analysis: Ambiguous signals (remote: 0, onsite: 0)",Durée : 1 jour,detail_page,No,https://www.allovoisins.com/r/0/3/0/0/location-vente/Btp-chantier
N/A,Louer un tracteur de pelouse - Couladère,France,N/A,50€,N/A,N/A,allovoisins,general,employer,N/A,N/A,N/A,on-site,HIGH,No,"LLM: Location d'outils, nécessite présence physique",Durée : 1 jour,detail_page,No,https://www.allovoisins.com/r/0/11/0/0/location-vente/Outillage
N/A,Acheter des chutes - matériaux de récupération - Égliseneuve-près-Billom,France,N/A,1€,N/A,N/A,allovoisins,general,unknown,N/A,N/A,N/A,on-site,MEDIUM,No,"NLP Analysis: Ambiguous signals (remote: 0, onsite: 0)",Durée : 1 jour,detail_page,No,https://www.allovoisins.com/r/0/3/0/0/location-vente/Btp-chantier
N/A,Cherche Aide à domicile à Annecy,France,N/A,N/A,N/A,N/A,allovoisins,general,unknown,N/A,N/A,N/A,on-site,HIGH,No,Obvious on-site work: aide à domicile,N/A,listing_page,No,https://www.allovoisins.com/v/aide-a-domicile
N/A,Recherche Lingerie - Repassage à Vaire,France,N/A,12€ / heure,N/A,N/A,allovoisins,general,unknown,N/A,N/A,N/A,on-site,HIGH,No,Obvious on-site work: repassage,N/A,listing_page,No,https://www.allovoisins.com/v/lingerie-repassage
N/A,Cherche Tonte de pelouse - Débroussaillage à Hyères,France,N/A,N/A,N/A,N/A,allovoisins,general,unknown,N/A,N/A,N/A,on-site,MEDIUM,No,"NLP Analysis: Ambiguous signals (remote: 0, onsite: 0)",N/A,listing_page,No,https://www.allovoisins.com/v/tonte-de-pelouse-debroussaillage
N/A,Louer une remorque auto - Doudeville,France,N/A,29€,N/A,N/A,allovoisins,general,unknown,N/A,N/A,N/A,on-site,MEDIUM,No,"NLP Analysis: Ambiguous signals (remote: 0, onsite: 0)",N/A,listing_page,No,https://www.allovoisins.com/r/0/79/0/0/location-vente/Remorque-accessoires-auto
N/A,Louer un lève portes / lève meubles - Offranville,France,N/A,5€,N/A,N/A,allovoisins,general,unknown,N/A,N/A,N/A,on-site,MEDIUM,No,"NLP Analysis: Ambiguous signals (remote: 0, onsite: 0)",Durée : 1 jour,detail_page,No,https://www.allovoisins.com/r/0/7/0/0/location-vente/Manutention
N/A,Recherche Home sitting - Accueil - Gardiennage à Erquy,France,N/A,N/A,N/A,N/A,allovoisins,general,unknown,N/A,N/A,N/A,on-site,MEDIUM,No,"NLP Analysis: Ambiguous signals (remote: 0, onsite: 0)",N/A,listing_page,No,https://www.allovoisins.com/v/home-sitting-accueil-gardiennage
N/A,Louer une tondeuse à gazon - Lunel,France,N/A,15€,N/A,N/A,allovoisins,general,employer,N/A,N/A,N/A,on-site,HIGH,No,"LLM: Location d'outils, nécessite présence physique",Durée : 1 jour,detail_page,No,https://www.allovoisins.com/r/0/11/0/0/location-vente/Outillage
N/A,Recherche Pose de parquet - Revêtement de sol à Fontaine,France,N/A,N/A,N/A,N/A,allovoisins,general,unknown,N/A,N/A,N/A,on-site,MEDIUM,No,"NLP Analysis: Ambiguous signals (remote: 0, onsite: 0)",N/A,listing_page,No,https://www.allovoisins.com/v/pose-de-parquet-revetement-de-sol
N/A,Cherche Aide à domicile à Annecy,France,N/A,N/A,N/A,N/A,allovoisins,general,unknown,N/A,N/A,N/A,on-site,HIGH,No,Obvious on-site work: aide à domicile,N/A,listing_page,No,https://www.allovoisins.com/v/aide-a-domicile
N/A,Recherche Lingerie - Repassage à Vaire,France,N/A,12€ / heure,N/A,N/A,allovoisins,general,unknown,N/A,N/A,N/A,on-site,HIGH,No,Obvious on-site work: repassage,N/A,listing_page,No,https://www.allovoisins.com/v/lingerie-repassage
N/A,Cherche Tonte de pelouse - Débroussaillage à Hyères,France,N/A,N/A,N/A,N/A,allovoisins,general,unknown,N/A,N/A,N/A,on-site,MEDIUM,No,"NLP Analysis: Ambiguous signals (remote: 0, onsite: 0)",N/A,listing_page,No,https://www.allovoisins.com/v/tonte-de-pelouse-debroussaillage
N/A,Louer une remorque auto - Doudeville,France,N/A,29€,N/A,N/A,allovoisins,general,unknown,N/A,N/A,N/A,on-site,MEDIUM,No,"NLP Analysis: Ambiguous signals (remote: 0, onsite: 0)",N/A,listing_page,No,https://www.allovoisins.com/r/0/79/0/0/location-vente/Remorque-accessoires-auto
N/A,Louer un tracteur de pelouse - Couladère,France,N/A,50€,N/A,N/A,allovoisins,general,employer,N/A,N/A,N/A,on-site,HIGH,No,"LLM: Location d'outils, nécessite présence physique",Durée : 1 jour,detail_page,No,https://www.allovoisins.com/r/0/11/0/0/location-vente/Outillage
N/A,Acheter des chutes - matériaux de récupération - Égliseneuve-près-Billom,France,N/A,1€,N/A,N/A,allovoisins,general,unknown,N/A,N/A,N/A,on-site,MEDIUM,No,"NLP Analysis: Ambiguous signals (remote: 0, onsite: 0)",Durée : 1 jour,detail_page,No,https://www.allovoisins.com/r/0/3/0/0/location-vente/Btp-chantier
N/A,Louer un tracteur de pelouse - Couladère,France,N/A,50€,N/A,N/A,allovoisins,general,employer,N/A,N/A,N/A,on-site,HIGH,No,"LLM: Location d'outils, nécessite présence physique",Durée : 1 jour,detail_page,No,https://www.allovoisins.com/r/0/11/0/0/location-vente/Outillage
N/A,Acheter des chutes - matériaux de récupération - Égliseneuve-près-Billom,France,N/A,1€,N/A,N/A,allovoisins,general,unknown,N/A,N/A,N/A,on-site,MEDIUM,No,"NLP Analysis: Ambiguous signals (remote: 0, onsite: 0)",Durée : 1 jour,detail_page,No,https://www.allovoisins.com/r/0/3/0/0/location-vente/Btp-chantier
N/A,Louer un lève portes / lève meubles - Offranville,France,N/A,5€,N/A,N/A,allovoisins,general,unknown,N/A,N/A,N/A,on-site,MEDIUM,No,"NLP Analysis: Ambiguous signals (remote: 0, onsite: 0)",Durée : 1 jour,detail_page,No,https://www.allovoisins.com/r/0/7/0/0/location-vente/Manutention
N/A,Recherche Home sitting - Accueil - Gardiennage à Erquy,France,N/A,N/A,N/A,N/A,allovoisins,general,unknown,N/A,N/A,N/A,on-site,MEDIUM,No,"NLP Analysis: Ambiguous signals (remote: 0, onsite: 0)",N/A,listing_page,No,https://www.allovoisins.com/v/home-sitting-accueil-gardiennage
N/A,Louer une tondeuse à gazon - Lunel,France,N/A,15€,N/A,N/A,allovoisins,general,employer,N/A,N/A,N/A,on-site,HIGH,No,"LLM: Location d'outils, nécessite présence physique",Durée : 1 jour,detail_page,No,https://www.allovoisins.com/r/0/11/0/0/location-vente/Outillage
N/A,Recherche Pose de parquet - Revêtement de sol à Fontaine,France,N/A,N/A,N/A,N/A,allovoisins,general,unknown,N/A,N/A,N/A,on-site,MEDIUM,No,"NLP Analysis: Ambiguous signals (remote: 0, onsite: 0)",N/A,listing_page,No,https://www.allovoisins.com/v/pose-de-parquet-revetement-de-sol
N/A,Louer un tracteur de pelouse - Couladère,France,N/A,50€,N/A,N/A,allovoisins,general,employer,N/A,N/A,N/A,on-site,HIGH,No,"LLM: Location d'outils, nécessite présence physique",Durée : 1 jour,detail_page,No,https://www.allovoisins.com/r/0/11/0/0/location-vente/Outillage
N/A,Acheter des chutes - matériaux de récupération - Égliseneuve-près-Billom,France,N/A,1€,N/A,N/A,allovoisins,general,unknown,N/A,N/A,N/A,on-site,MEDIUM,No,"NLP Analysis: Ambiguous signals (remote: 0, onsite: 0)",Durée : 1 jour,detail_page,No,https://www.allovoisins.com/r/0/3/0/0/location-vente/Btp-chantier
N/A,Louer un lève portes / lève meubles - Offranville,France,N/A,5€,N/A,N/A,allovoisins,general,unknown,N/A,N/A,N/A,on-site,MEDIUM,No,"NLP Analysis: Ambiguous signals (remote: 0, onsite: 0)",Durée : 1 jour,detail_page,No,https://www.allovoisins.com/r/0/7/0/0/location-vente/Manutention
N/A,Recherche Home sitting - Accueil - Gardiennage à Erquy,France,N/A,N/A,N/A,N/A,allovoisins,general,unknown,N/A,N/A,N/A,on-site,MEDIUM,No,"NLP Analysis: Ambiguous signals (remote: 0, onsite: 0)",N/A,listing_page,No,https://www.allovoisins.com/v/home-sitting-accueil-gardiennage
N/A,Louer une tondeuse à gazon - Lunel,France,N/A,15€,N/A,N/A,allovoisins,general,employer,N/A,N/A,N/A,on-site,HIGH,No,"LLM: Location d'outils, nécessite présence physique",Durée : 1 jour,detail_page,No,https://www.allovoisins.com/r/0/11/0/0/location-vente/Outillage
N/A,Recherche Pose de parquet - Revêtement de sol à Fontaine,France,N/A,N/A,N/A,N/A,allovoisins,general,unknown,N/A,N/A,N/A,on-site,MEDIUM,No,"NLP Analysis: Ambiguous signals (remote: 0, onsite: 0)",N/A,listing_page,No,https://www.allovoisins.com/v/pose-de-parquet-revetement-de-sol
N/A,Louer un tracteur de pelouse - Couladère,France,N/A,50€,N/A,N/A,allovoisins,general,employer,N/A,N/A,N/A,on-site,HIGH,No,"LLM: Location d'outils, nécessite présence physique",Durée : 1 jour,detail_page,No,https://www.allovoisins.com/r/0/11/0/0/location-vente/Outillage
N/A,Acheter des chutes - matériaux de récupération - Égliseneuve-près-Billom,France,N/A,1€,N/A,N/A,allovoisins,general,unknown,N/A,N/A,N/A,on-site,MEDIUM,No,"NLP Analysis: Ambiguous signals (remote: 0, onsite: 0)",Durée : 1 jour,detail_page,No,https://www.allovoisins.com/r/0/3/0/0/location-vente/Btp-chantier
N/A,Louer un tracteur de pelouse - Couladère,France,N/A,50€,N/A,N/A,allovoisins,general,employer,N/A,N/A,N/A,on-site,HIGH,No,"LLM: Location d'outils, nécessite présence physique",Durée : 1 jour,detail_page,No,https://www.allovoisins.com/r/0/11/0/0/location-vente/Outillage
N/A,Acheter des chutes - matériaux de récupération - Égliseneuve-près-Billom,France,N/A,1€,N/A,N/A,allovoisins,general,unknown,N/A,N/A,N/A,on-site,MEDIUM,No,"NLP Analysis: Ambiguous signals (remote: 0, onsite: 0)",Durée : 1 jour,detail_page,No,https://www.allovoisins.com/r/0/3/0/0/location-vente/Btp-chantier
N/A,Louer un tracteur de pelouse - Couladère,France,N/A,50€,N/A,N/A,allovoisins,general,employer,N/A,N/A,N/A,on-site,HIGH,No,"LLM: Location d'outils, nécessite présence physique",Durée : 1 jour,detail_page,No,https://www.allovoisins.com/r/0/11/0/0/location-vente/Outillage
N/A,Acheter des chutes - matériaux de récupération - Égliseneuve-près-Billom,France,N/A,1€,N/A,N/A,allovoisins,general,unknown,N/A,N/A,N/A,on-site,MEDIUM,No,"NLP Analysis: Ambiguous signals (remote: 0, onsite: 0)",Durée : 1 jour,detail_page,No,https://www.allovoisins.com/r/0/3/0/0/location-vente/Btp-chantier
N/A,Louer un tracteur de pelouse - Couladère,France,N/A,50€,N/A,N/A,allovoisins,general,employer,N/A,N/A,N/A,on-site,HIGH,No,"LLM: Location d'outils, nécessite présence physique",Durée : 1 jour,detail_page,No,https://www.allovoisins.com/r/0/11/0/0/location-vente/Outillage
N/A,Acheter des chutes - matériaux de récupération - Égliseneuve-près-Billom,France,N/A,1€,N/A,N/A,allovoisins,general,unknown,N/A,N/A,N/A,on-site,MEDIUM,No,"NLP Analysis: Ambiguous signals (remote: 0, onsite: 0)",Durée : 1 jour,detail_page,No,https://www.allovoisins.com/r/0/3/0/0/location-vente/Btp-chantier
N/A,Recherche Home sitting - Accueil - Gardiennage à Erquy,France,N/A,N/A,N/A,N/A,allovoisins,general,unknown,N/A,N/A,N/A,on-site,MEDIUM,No,"NLP Analysis: Ambiguous signals (remote: 0, onsite: 0)",N/A,listing_page,No,https://www.allovoisins.com/v/home-sitting-accueil-gardiennage
N/A,Louer une tondeuse à gazon - Lunel,France,N/A,15€,N/A,N/A,allovoisins,general,employer,N/A,N/A,N/A,on-site,HIGH,No,"LLM: Location d'outils, nécessite présence physique",Durée : 1 jour,detail_page,No,https://www.allovoisins.com/r/0/11/0/0/location-vente/Outillage
N/A,Recherche Pose de parquet - Revêtement de sol à Fontaine,France,N/A,N/A,N/A,N/A,allovoisins,general,unknown,N/A,N/A,N/A,on-site,MEDIUM,No,"NLP Analysis: Ambiguous signals (remote: 0, onsite: 0)",N/A,listing_page,No,https://www.allovoisins.com/v/pose-de-parquet-revetement-de-sol
N/A,"Consultant (m/w/d) Datenschutz & Informationssicherheit (Teilzeit, Remote)",Augsburg,N/A,N/A,N/A,N/A,arbeitnow,general,employer,N/A,N/A,N/A,remote,HIGH,Yes,Pre-classified by arbeitnow scraper,"DSEV ist ein innovatives Beratungsunternehmen mit Fokus auf Datenschutz, Informationssicherheit und Compliance. Wir unterstützen unsere Kunden bei der Umsetzung gesetzlicher Anforderungen sowie beim A...",listing_page,No,https://www.arbeitnow.com/jobs/companies/dsev-consulting-akademie-gmbh/consultant-datenschutz-informationssicherheit-teilzeit-remote-augsburg-175849
N/A,Dynamics 365 Consultant & Engineer (m/w/d) mit Karriereambitionen!,Markt Indersdorf,N/A,N/A,N/A,N/A,arbeitnow,general,employer,N/A,N/A,N/A,remote,HIGH,Yes,Pre-classified by arbeitnow scraper,"Wir sind ein schnell wachsendes IT-Unternehmen (ca. 50 MA) und suchen Verstärkung, um anspruchsvolle Projekte im Bereich Microsoft Dynamics 365 bei unseren Kunden umzusetzen und aktiv mitzugestalten. ...",listing_page,No,https://www.arbeitnow.com/jobs/companies/auralis-group/dynamics-365-consultant-engineer-mit-karriereambitionen-markt-indersdorf-368597
N/A,Java Softwareentwickler:in mit Karriereambitionen - jetzt mit uns voll durchstarten!,Markt Indersdorf,N/A,N/A,N/A,N/A,arbeitnow,general,employer,N/A,N/A,N/A,remote,HIGH,Yes,Pre-classified by arbeitnow scraper,"Wir sind ein fast zwei Jahre altes IT Unternehmen, aktuell 50 MA, und suchen nun weiterhin Verstärkung, um Java-Projekte bei unseren Kunden durchzuführen. Aufgaben Du willst: Deine Arbeitszeiten selbs...",listing_page,No,https://www.arbeitnow.com/jobs/companies/auralis-group/java-softwareentwicklerin-mit-karriereambitionen-jetzt-mit-uns-voll-durchstarten-markt-indersdorf-331168
N/A,Software Testautomatisierer (m/w/d) mit Karriereambitionen,Markt Indersdorf,N/A,N/A,N/A,N/A,arbeitnow,general,employer,N/A,N/A,N/A,remote,HIGH,Yes,Pre-classified by arbeitnow scraper,"Wir sind ein fast zwei Jahre altes IT-Unternehmen mit aktuell 70 MA und wachsen weiter 🚀 Dafür suchen wir Verstärkung im Bereich Software Testing & Testautomatisierung, um spannende Projekte bei unser...",listing_page,No,https://www.arbeitnow.com/jobs/companies/auralis-group/software-testautomatisierer-mit-karriereambitionen-markt-indersdorf-8546
N/A,SAP EWM Berater,Frankfurt am Main,N/A,N/A,N/A,N/A,arbeitnow,general,employer,N/A,N/A,N/A,remote,HIGH,Yes,Pre-classified by arbeitnow scraper,"SAP EWM Entwickler (m/w/d) 📍 Deutschlandweit | Remote! | 💰 bis zu 90.000 € Du bist im SAP EWM Umfeld zuhause und möchtest an spannenden Projekten arbeiten, bei denen du wirklich etwas bewegen kannst? ...",listing_page,No,https://www.arbeitnow.com/jobs/companies/pertemps-erp/sap-ewm-berater-frankfurt-am-main-306747
N/A,Sap Finance Control Consultant,Frankfurt am Main,N/A,N/A,N/A,N/A,arbeitnow,general,employer,N/A,N/A,N/A,remote,HIGH,Yes,Pre-classified by arbeitnow scraper,Wir haben die nächste Möglichkeit für Sie als SAP FICO Consultant zur Verfügung! Wie stehen Sie zu neuen Herausforderungen als SAP FICO Consultant? Haben Sie Interesse an (inter)nationalen Projekten z...,listing_page,No,https://www.arbeitnow.com/jobs/companies/pertemps-erp/sap-finance-control-consultant-frankfurt-am-main-447309
N/A,M&A Research Analyst,Berlin,N/A,N/A,N/A,N/A,arbeitnow,general,employer,N/A,N/A,N/A,remote,HIGH,Yes,Pre-classified by arbeitnow scraper,EquiMatch is a Berlin-based AI-assisted deal target generation platform serving private equity firms. We turn high-level investment criteria into curated longlists of acquisition targets — combining s...,listing_page,No,https://www.arbeitnow.com/jobs/companies/equimatch-gmbh/ma-research-analyst-berlin-498635
N/A,DevOps Softwareentwickler:in mit Karriereambitionen - jetzt mit uns voll durchstarten!,Markt Indersdorf,N/A,N/A,N/A,N/A,arbeitnow,general,employer,N/A,N/A,N/A,remote,HIGH,Yes,Pre-classified by arbeitnow scraper,"Wir sind ein fast zwei Jahre altes IT Unternehmen, aktuell 50 MA, und suchen nun weiterhin Verstärkung, um Cloud-Projekte bei unseren Kunden durchzuführen. Aufgaben Du willst: Deine Arbeitszeiten selb...",listing_page,No,https://www.arbeitnow.com/jobs/companies/auralis-group/devops-softwareentwicklerin-mit-karriereambitionen-jetzt-mit-uns-voll-durchstarten-markt-indersdorf-74834
N/A,Shopify E-Commerce Manager/in - International & B2B (m/w/d),Ganderkesee,N/A,N/A,N/A,N/A,arbeitnow,general,employer,N/A,N/A,N/A,remote,HIGH,Yes,Pre-classified by arbeitnow scraper,"Es ist Feierabend und du verlässt das Office, happy und mit einem guten Gefühl. Dein erster Tag bei PRESCH war einfach stark 🔥 Du hast direkt dein Team kennengelernt, einen ersten Blick in den Shopify...",listing_page,No,https://www.arbeitnow.com/jobs/companies/presch-tools-gmbh/shopify-e-commerce-manager-international-b2b-ganderkesee-278253
N/A,(Senior) Teamlead Software Development,Berlin,N/A,N/A,N/A,N/A,arbeitnow,general,employer,N/A,N/A,N/A,remote,HIGH,Yes,Pre-classified by arbeitnow scraper,"Your mission The Bikeleasing Group is one of the leading employer‑benefit and mobility solutions groups in Germany. With several specialized companies and strong, profitable growth, we are shaping the...",listing_page,No,https://www.arbeitnow.com/jobs/companies/bikeleasing-service-gmbh-co-kg/senior-teamlead-software-development-berlin-107950
N/A,(Senior) Teamlead Software Development,Berlin,N/A,N/A,N/A,N/A,arbeitnow,general,employer,N/A,N/A,N/A,remote,HIGH,Yes,Pre-classified by arbeitnow scraper,"Deine Aufgaben Die Bikeleasing Gruppe ist eine der führenden Employer‑Benefit‑ und Mobilitätslösungsgruppen in Deutschland. Mit mehreren spezialisierten Gesellschaften und starkem, profitablem Wachstu...",listing_page,No,https://www.arbeitnow.com/jobs/companies/bikeleasing-service-gmbh-co-kg/senior-teamlead-software-development-berlin-48764
N/A,(Senior) Direct Response Copywriter (all genders),Berlin,N/A,N/A,N/A,N/A,arbeitnow,general,employer,N/A,N/A,N/A,remote,HIGH,Yes,Pre-classified by arbeitnow scraper,"Du bist kein Texter. Du bist ein Umsatzmacher. Du weißt genau, wie ein Funnel tickt, was eine Headline ausmacht und warum Menschen kaufen. Oder es eben nicht tun. Du hast bewiesen, dass deine Texte ve...",listing_page,No,https://www.arbeitnow.com/jobs/companies/mammaly/senior-direct-response-copywriter-all-genders-berlin-344573
N/A,SEO / SEA Spezialist (m/w/d) - Freelance,Mainz,N/A,N/A,N/A,N/A,arbeitnow,general,employer,N/A,N/A,N/A,remote,HIGH,Yes,Pre-classified by arbeitnow scraper,"Dein Platz im Digital Trendteam 🚀 Bei uns zählt das Ergebnis - daher: Arbeite dort, wo du am produktivsten bist. Wir suchen keinen Berater, sondern einen Experten für unser Performance-Team , der tech...",listing_page,No,https://www.arbeitnow.com/jobs/companies/digital-trendteam/seo-sea-spezialist-freelance-mainz-299971
N/A,(Senior) IT Operations Engineer (gn),Berlin,N/A,N/A,N/A,N/A,arbeitnow,general,employer,N/A,N/A,N/A,remote,HIGH,Yes,Pre-classified by arbeitnow scraper,"Deine Aufgaben Die Bikeleasing Gruppe gehört zu den führenden Anbietern moderner Dienstradleasing-Lösungen und verbindet digitale Plattformen, innovative Services und ein stark wachsendes Ökosystem. W...",listing_page,No,https://www.arbeitnow.com/jobs/companies/bikeleasing-service-gmbh-co-kg/senior-it-operations-engineer-gn-berlin-482461
N/A,(Senior) IT Operations Engineer (gn),Berlin,N/A,N/A,N/A,N/A,arbeitnow,general,employer,N/A,N/A,N/A,remote,HIGH,Yes,Pre-classified by arbeitnow scraper,"Your mission Bikeleasing Group is one of the leading providers of modern bike‑leasing solutions, combining digital platforms, innovative services and a strongly growing ecosystem. We enable sustainabl...",listing_page,No,https://www.arbeitnow.com/jobs/companies/bikeleasing-service-gmbh-co-kg/senior-it-operations-engineer-gn-berlin-253306
N/A,Product Marketing Manager (all genders),Hanover,N/A,N/A,N/A,N/A,arbeitnow,general,employer,N/A,N/A,N/A,remote,HIGH,Yes,Pre-classified by arbeitnow scraper,"Als dedizierter Product Marketing Manager bei SYNAOS bringst du Struktur und Klarheit in komplexe Technologien. Du prägst maßgeblich, wie wir unsere Plattform am Markt positionieren, wie wir mit poten...",listing_page,No,https://www.arbeitnow.com/jobs/companies/synaos-gmbh/product-marketing-manager-all-genders-hanover-101926
N/A,Acquisition & Creative Strategy Lead (m/w/d) - Teilzeit,Berlin,N/A,N/A,N/A,N/A,arbeitnow,general,employer,N/A,N/A,N/A,remote,HIGH,Yes,Pre-classified by arbeitnow scraper,"Hilf uns, Meta als Hauptumsatzkanal sauber und profitabel zu skalieren, Creative Testing massiv zu professionalisieren, Google als zweiten Performance-Kanal aufzubauen und die Learnings in Shop, Landi...",listing_page,No,https://www.arbeitnow.com/jobs/companies/fembites/acquisition-creative-strategy-lead-teilzeit-berlin-45069
N/A,Minijob (bis zu 35€/Std.): Werde Englischlehrer und sei dein eigener Boss (w/m/d),Berlin,N/A,N/A,N/A,N/A,arbeitnow,general,employer,N/A,N/A,N/A,remote,HIGH,Yes,Pre-classified by arbeitnow scraper,"Suchst du einen Job mit flexiblen Arbeitszeiten, bei dem du von zu Hause aus etwas dazuverdienen kannst? Werde Mitglied bei Nachhilfeunterricht , der führenden Plattform für Nachhilfeunterricht, der z...",listing_page,No,https://www.arbeitnow.com/jobs/companies/nachhilfeunterricht/minijob-bis-zu-35eur-std-werde-englischlehrer-und-sei-dein-eigener-boss-berlin-148017
N/A,Werkstudent (m/w/d) Video Creation & Editing (m/w/d) - 100 % Homeoffice,Grafschaft,N/A,N/A,N/A,N/A,arbeitnow,general,employer,N/A,N/A,N/A,remote,HIGH,Yes,Pre-classified by arbeitnow scraper,"Wir bei nutri+ glauben an eine Welt, in der Tiere respektiert werden und niemand zurückgelassen wird. Deshalb setzen wir uns nicht nur für hochwertige vegane Produkte ein, sondern unterstützen aktiv d...",listing_page,No,https://www.arbeitnow.com/jobs/companies/nutrition-plus-germany-ek/werkstudent-video-creation-editing-100-homeoffice-grafschaft-86295
N/A,Werkstudent Marketing (w/m/d) remote,Berlin,N/A,N/A,N/A,N/A,arbeitnow,general,employer,N/A,N/A,N/A,remote,HIGH,Yes,Pre-classified by arbeitnow scraper,"PIMA ist der richtige Partner, um Mitarbeiter und Unternehmen gesund erfolgreich zu machen! Wir kümmern uns in allen gesetzlichen, branchenspezifischen und individuellen Belangen ganzheitlich um die G...",listing_page,No,https://www.arbeitnow.com/jobs/companies/pima-health-group-gmbh/werkstudent-marketing-remote-berlin-465676
N/A,Praktikum Automations & KI (m/w/d),Mainz,N/A,N/A,N/A,N/A,arbeitnow,general,employer,N/A,N/A,N/A,remote,HIGH,Yes,Pre-classified by arbeitnow scraper,"Du hast schon erste Berührungspunkte mit Automatisierungen, KI oder digitalen Workflows gehabt — und willst jetzt sehen, wie das Ganze in einem echten Unternehmen angewendet wird? Dann komm zu uns. 🚀 ...",listing_page,No,https://www.arbeitnow.com/jobs/companies/digital-trendteam/praktikum-automations-ki-mainz-59839
N/A,Senior Data Engineer,Munich,N/A,N/A,N/A,N/A,arbeitnow,general,employer,N/A,N/A,N/A,remote,HIGH,Yes,Pre-classified by arbeitnow scraper,"Senior Data Engineer Location: Germany / Spain / Romania (Remote) The Role As a Senior Data Engineer, you will drive the end-to-end development of our core data infrastructure through AI-native engine...",listing_page,No,https://www.arbeitnow.com/jobs/companies/trustyou/senior-data-engineer-munich-176349
N/A,Buchhaltung & Automatisierung im Minijob (m/w/d),Mainz,N/A,N/A,N/A,N/A,arbeitnow,general,employer,N/A,N/A,N/A,remote,HIGH,Yes,Pre-classified by arbeitnow scraper,"Du hast Bock auf Zahlen, Struktur und digitale Tools? Perfekt — wir suchen jemanden, der unsere Buchhaltung nicht nur „mitmacht“, sondern smarter macht. 🚀 Wir sind Digital Trendteam & Digital Brand Ac...",listing_page,No,https://www.arbeitnow.com/jobs/companies/digital-trendteam/buchhaltung-automatisierung-im-minijob-mainz-88666
N/A,Senior Go Consultant / Engineer (m/w/d),Munich,N/A,N/A,N/A,N/A,arbeitnow,general,employer,N/A,N/A,N/A,remote,HIGH,Yes,Pre-classified by arbeitnow scraper,"Hackstack Collective verbindet außergewöhnliche Talente mit Organisationen, die digitale Souveränität ernst nehmen. Aktuell suchen wir für unsere Partner einen Go Experten der High-End-Softwareentwick...",listing_page,No,https://www.arbeitnow.com/jobs/companies/hackstack-gmbh/senior-go-consultant-engineer-munich-341776
N/A,Senior Rust Consultant / Engineer (m/w/d),Munich,N/A,N/A,N/A,N/A,arbeitnow,general,employer,N/A,N/A,N/A,remote,HIGH,Yes,Pre-classified by arbeitnow scraper,"Hackstack Collective verbindet außergewöhnliche Talente mit Organisationen, die digitale Souveränität ernst nehmen. Aktuell suchen wir für unsere Partner einen Rust Experten der High-End-Softwareentwi...",listing_page,No,https://www.arbeitnow.com/jobs/companies/hackstack-gmbh/senior-rust-consultant-engineer-munich-451602
N/A,Consultant Microsoft 365/ Microsoft Cloud (m/w/d),Munich,N/A,N/A,N/A,N/A,arbeitnow,general,employer,N/A,N/A,N/A,remote,HIGH,Yes,Pre-classified by arbeitnow scraper,Seit unserer Gründung 2021 sind wir mit unserem Team aus technischen IT-Experten auf Wachstumskurs. Als cloud-native Company beraten und unterstützen wir Unternehmen und öffentliche Auftraggeber hands...,listing_page,No,https://www.arbeitnow.com/jobs/companies/ares-consulting-gmbh/consultant-microsoft-365-microsoft-cloud-munich-230387
N/A,Senior Consultant Cloud & DevOps Engineering (m/w/d),Munich,N/A,N/A,N/A,N/A,arbeitnow,general,employer,N/A,N/A,N/A,remote,HIGH,Yes,Pre-classified by arbeitnow scraper,Seit unserer Gründung 2021 sind wir mit unserem Team aus technischen IT-Experten auf Wachstumskurs. Als cloud-native Company beraten und unterstützen wir Unternehmen und öffentliche Auftraggeber hands...,listing_page,No,https://www.arbeitnow.com/jobs/companies/ares-consulting-gmbh/senior-consultant-cloud-devops-engineering-munich-164813
N/A,(Senior) Performance Marketing Manager - Paid Social (all genders),Berlin,N/A,N/A,N/A,N/A,arbeitnow,general,employer,N/A,N/A,N/A,remote,HIGH,Yes,Pre-classified by arbeitnow scraper,"About mammaly We are mammaly! - und unsere Mission sind gesunde und glückliche Hunde! Deshalb entwickeln wir Premium Supplements für Hunde, die ein langes und gutes Leben ermöglichen. Gegründet in 202...",listing_page,No,https://www.arbeitnow.com/jobs/companies/mammaly/senior-performance-marketing-manager-paid-social-all-genders-berlin-471446
N/A,(Senior) Lifecycle Manager - Subscription (all genders),Berlin,N/A,N/A,N/A,N/A,arbeitnow,general,employer,N/A,N/A,N/A,remote,HIGH,Yes,Pre-classified by arbeitnow scraper,"About mammaly We are mammaly! - und unsere Mission sind gesunde und glückliche Hunde! Deshalb entwickeln wir Premium Supplements für Hunde, die ein langes und gutes Leben ermöglichen. Gegründet in 202...",listing_page,No,https://www.arbeitnow.com/jobs/companies/mammaly/senior-lifecycle-manager-subscription-all-genders-berlin-79742
N/A,(Senior) Subscription Manager (all genders),Berlin,N/A,N/A,N/A,N/A,arbeitnow,general,employer,N/A,N/A,N/A,remote,HIGH,Yes,Pre-classified by arbeitnow scraper,"About mammaly We are mammaly! - und unsere Mission sind gesunde und glückliche Hunde! Deshalb entwickeln wir Premium Supplements für Hunde, die ein langes und gutes Leben ermöglichen. Gegründet in 202...",listing_page,No,https://www.arbeitnow.com/jobs/companies/mammaly/senior-subscription-manager-all-genders-berlin-146561
N/A,Client Relations Manager (B2C) (m/w/d) | 100% remote,Neuss,N/A,N/A,N/A,N/A,arbeitnow,general,employer,N/A,N/A,N/A,remote,HIGH,Yes,Pre-classified by arbeitnow scraper,"Wir suchen einen Customer Success Manager (B2C) der eigenverantwortlich einen festen Kundenstamm von ca. 2.000+ Kunden betreut. Du bist der zentrale Ansprechpartner und sorgst dafür, dass unsere Kunde...",listing_page,No,https://www.arbeitnow.com/jobs/companies/smartkundigen-ohg/client-relations-manager-b2c-100-remote-neuss-358026
N/A,Kundenbetreuungsmanager (B2C) | 100% remote,Neuss,N/A,N/A,N/A,N/A,arbeitnow,general,employer,N/A,N/A,N/A,remote,HIGH,Yes,Pre-classified by arbeitnow scraper,"Wir suchen einen Customer Success Manager (B2C) der eigenverantwortlich einen festen Kundenstamm von ca. 2.000+ Kunden betreut. Du bist der zentrale Ansprechpartner und sorgst dafür, dass unsere Kunde...",listing_page,No,https://www.arbeitnow.com/jobs/companies/smartkundigen-ohg/kundenbetreuungsmanager-b2c-100-remote-neuss-300895
N/A,Customer Success Manager (B2C) (m/w/d) | 100% remote,Neuss,N/A,N/A,N/A,N/A,arbeitnow,general,employer,N/A,N/A,N/A,remote,HIGH,Yes,Pre-classified by arbeitnow scraper,"Wir suchen einen Customer Success Manager (B2C) der eigenverantwortlich einen festen Kundenstamm von ca. 2.000+ Kunden betreut. Du bist der zentrale Ansprechpartner und sorgst dafür, dass unsere Kunde...",listing_page,No,https://www.arbeitnow.com/jobs/companies/smartkundigen-ohg/customer-success-manager-b2c-100-remote-neuss-442709
N/A,OF Chat-Moderator/-in und Sales Rep (m/w/d),Friedrichshafen,N/A,N/A,N/A,N/A,arbeitnow,general,employer,N/A,N/A,N/A,remote,HIGH,Yes,Pre-classified by arbeitnow scraper,"Bist du bereit, deine Kommunikationsfähigkeiten auf das nächste Level zu bringen? Bei Krea-M, einem kleinen, aber dynamisch wachsenden Unternehmen im Bereich Marketing Services, suchen wir einen engag...",listing_page,No,https://www.arbeitnow.com/jobs/companies/krea-m/of-chat-moderator-in-und-sales-rep-friedrichshafen-497021
N/A,"Senior Performance Marketing & Growth Manager (m/w/d) -  Meta & Google, E-Commerce",Munich,N/A,N/A,N/A,N/A,arbeitnow,general,employer,N/A,N/A,N/A,remote,HIGH,Yes,Pre-classified by arbeitnow scraper,Über CAPULET CAPULET ist eine unabhängige Luxus Schmuckmarke aus Deutschland. Mit Headquarter in München und weiteren Werkstätten in Pforzheim und Berlin. Seit über 15 Jahren stehen wir für hochwertig...,listing_page,No,https://www.arbeitnow.com/jobs/companies/capulet-jewelry/senior-performance-marketing-growth-manager-meta-google-e-commerce-munich-380619
N/A,Shopify Backend Developer / API / Java / GraphQL - (Spring Boot 3) (GCP / Azure / AWS) - remote in EU,Hamburg,N/A,N/A,N/A,N/A,arbeitnow,general,employer,N/A,N/A,N/A,remote,HIGH,Yes,Pre-classified by arbeitnow scraper,"At Pathway Solutions GmbH , we're on a mission to automate accounting for E-Commerce and SaaS companies. Our goal is to free 10,000 entrepreneurs from the burden of manual bookkeeping so they can focu...",listing_page,No,https://www.arbeitnow.com/jobs/companies/pathway-solutions-gmbh/shopify-backend-developer-api-java-graphql-spring-boot-3-gcp-azure-aws-remote-in-eu-hamburg-440589
N/A,Junior (m/w/d) Customer Success & Client Onboarding,Hamburg,N/A,N/A,N/A,N/A,arbeitnow,general,employer,N/A,N/A,N/A,remote,HIGH,Yes,Pre-classified by arbeitnow scraper,"Du suchst den Start-up-Vibe, aber Berlin ist nicht dein Ding? Du willst dort unterstützen, wo du am meisten Impact liefern kannst – statt in starren Strukturen tagein und tagaus dieselben Aufgaben zu ...",listing_page,No,https://www.arbeitnow.com/jobs/companies/linkster-gmbh/junior-customer-success-client-onboarding-hamburg-234300
N/A,Senior Python Developer - Django (m/w/d),Haltern am See,N/A,N/A,N/A,N/A,arbeitnow,general,employer,N/A,N/A,N/A,remote,HIGH,Yes,Pre-classified by arbeitnow scraper,"Du arbeitest strukturiert, behältst auch in komplexen Situationen den Überblick und hast Freude daran, Software gründlich zu prüfen, zu testen und zuverlässig zu deployen? Dann passt du perfekt zu uns...",listing_page,No,https://www.arbeitnow.com/jobs/companies/syncblue-gmbh/senior-python-developer-django-haltern-am-see-16238
N/A,(Juinor) Manager Strategic Projects & Operations (m/f/d),Frankfurt am Main,N/A,N/A,N/A,N/A,arbeitnow,general,employer,N/A,N/A,N/A,remote,HIGH,Yes,Pre-classified by arbeitnow scraper,Deine Aufgaben Du begleitest strategische Kundenprojekte von der ersten Beratung über das Projektmanagement bis hin zur erfolgreichen Durchführung von Proof of Concepts (POCs). Du verantwortest das On...,listing_page,No,https://www.arbeitnow.com/jobs/companies/cashlink-technologies-gmbh/juinor-manager-strategic-projects-operations-frankfurt-am-main-58977
N/A,Senior Java Cloud Backend Engineer (m/f/d) (Ref.Nr.: 46659),Munich,N/A,N/A,N/A,N/A,arbeitnow,general,employer,N/A,N/A,N/A,remote,HIGH,Yes,Pre-classified by arbeitnow scraper,"We are looking for a Developer (Nearshore) to further develop a master data solution in the after-sales domain, focused on managing battery systems, vehicle references, and logistics data. The role is...",listing_page,No,https://www.arbeitnow.com/jobs/companies/wavestone-germany-ag/senior-java-cloud-backend-engineer-refnr-46659-munich-21429
N/A,SAP CO Consultant (m/f/d) (Ref.Nr.: 46657),Munich,N/A,N/A,N/A,N/A,arbeitnow,general,employer,N/A,N/A,N/A,remote,HIGH,Yes,Pre-classified by arbeitnow scraper,We are looking for an experienced SAP CO consultant to support complex cost accounting processes and module integrations at locations in Romania or Poland. Key Facts Start: 04.05.2026 Dauer: Nicht bek...,listing_page,No,https://www.arbeitnow.com/jobs/companies/wavestone-germany-ag/sap-co-consultant-refnr-46657-munich-487419
N/A,Professional Services Consultant (m/f/d),Düsseldorf,N/A,N/A,N/A,N/A,arbeitnow,general,employer,N/A,N/A,N/A,remote,HIGH,Yes,Pre-classified by arbeitnow scraper,An exciting opportunity has opened within our Professional Services Team in the DACH region for a Professional Services Consultant role. This is a full-time position. You will directly contribute to h...,listing_page,No,https://www.arbeitnow.com/jobs/companies/bedford-consulting/professional-services-consultant-dusseldorf-138613
N/A,Anaplan Model Builder (m/f/d),Düsseldorf,N/A,N/A,N/A,N/A,arbeitnow,general,employer,N/A,N/A,N/A,remote,HIGH,Yes,Pre-classified by arbeitnow scraper,An exciting opportunity has opened within our Professional Services Team in the DACH region for a Model Builder role. This is a full-time position. This role is aimed at professionals working close to...,listing_page,No,https://www.arbeitnow.com/jobs/companies/bedford-consulting/anaplan-model-builder-dusseldorf-210735
N/A,Freelance Senior AI Product Manager,Berlin,N/A,N/A,N/A,N/A,arbeitnow,general,employer,N/A,N/A,N/A,remote,HIGH,Yes,Pre-classified by arbeitnow scraper,"We’re hiring a Freelance Senior AI Product Manager to turn messy real-world problems into working GenAI solutions. This is a hands-on role at the intersection of product, delivery, and customer collab...",listing_page,No,https://www.arbeitnow.com/jobs/companies/nexamind-gmbh/freelance-senior-ai-product-manager-berlin-73613
N/A,Digital Marketing & Content Werkstudent:in (m/w/d) 100% Remote,Mannheim,N/A,N/A,N/A,N/A,arbeitnow,general,employer,N/A,N/A,N/A,remote,HIGH,Yes,Pre-classified by arbeitnow scraper,"Bock auf echten Impact im wachsenden KI-Startup? Öffentliche Ausschreibungen sind ein 400-Milliarden-Euro-Markt – und einer der letzten großen Bereiche, der gerade erst digitalisiert wird. Wir sind Ve...",listing_page,No,https://www.arbeitnow.com/jobs/companies/ciconia-systems-gmbh/digital-marketing-content-werkstudentin-100-remote-mannheim-442319
N/A,"Social Media & Creator Marketing Manager, m/w/d",Berlin,N/A,N/A,N/A,N/A,arbeitnow,general,employer,N/A,N/A,N/A,remote,HIGH,Yes,Pre-classified by arbeitnow scraper,"Als Social Media & Creator Marketing Manager bist du verantwortlich für unseren organischen Social-Media-Auftritt und den Aufbau unseres Creator- und UGC-Contents. Du entwickelst Content-Ideen, planst...",listing_page,No,https://www.arbeitnow.com/jobs/companies/neolymp/social-media-creator-marketing-manager-berlin-177763
N/A,Werkstudent(in) Influencer Marketing Manager,Münster,N/A,N/A,N/A,N/A,arbeitnow,general,employer,N/A,N/A,N/A,remote,HIGH,Yes,Pre-classified by arbeitnow scraper,"paselo ist eine der am schnellsten wachsenden D2C-Marken für Hunde-Ergänzungsfuttermittel im DACH-Raum. Wir entwickeln wissenschaftlich fundierte Produkte, die Hunden helfen — länger, aktiver und glüc...",listing_page,No,https://www.arbeitnow.com/jobs/companies/paselo-gmbh/werkstudentin-influencer-marketing-manager-munster-257091
N/A,"Senior Full-Stack-Entwickler:in React / TypeScript / .NET  100 % Remote, KI-First",Berlin,N/A,N/A,N/A,N/A,arbeitnow,general,employer,N/A,N/A,N/A,remote,HIGH,Yes,Pre-classified by arbeitnow scraper,"Softwarelösung im Microsoft-/Cloud-Umfeld. Unsere Zusammenarbeit findet vollständig im Home Office statt, mit kurzen Abstimmungswegen, hoher Eigenverantwortung und einer stark KI-gestützten Arbeitswei...",listing_page,No,https://www.arbeitnow.com/jobs/companies/yourmail-gmbh/senior-full-stack-entwicklerin-react-typescript-net-100-remote-ki-first-berlin-21152
N/A,"Senior Frontend-Entwickler:in React / TypeScript, 100 % Remote, KI-First",Berlin,N/A,N/A,N/A,N/A,arbeitnow,general,employer,N/A,N/A,N/A,remote,HIGH,Yes,Pre-classified by arbeitnow scraper,Wir sind ein modernes Remote-First- und KI-First-Softwareunternehmen und entwickeln eine spezialisierte Softwarelösung im Microsoft-/Cloud-Umfeld. Unsere Zusammenarbeit findet vollständig im Home Offi...,listing_page,No,https://www.arbeitnow.com/jobs/companies/yourmail-gmbh/senior-frontend-entwicklerin-react-typescript-100-remote-ki-first-berlin-288218
N/A,Solution Architect/ PreSales-Consultant (w/m/d),Mannheim,N/A,N/A,N/A,N/A,arbeitnow,general,employer,N/A,N/A,N/A,remote,HIGH,Yes,Pre-classified by arbeitnow scraper,"Wir, die AVENDIS, sind gerade auf der Suche nach Verstärkung für unser PreSales Team durch einen Solution Architect/PreSales-Consultant (w/m/d) . Aufgaben Lösungsorientierte Beratung unserer Kunden An...",listing_page,No,https://www.arbeitnow.com/jobs/companies/avendis-gmbh/solution-architect-presales-consultant-mannheim-437994
N/A,"Performance Marketing Manager*in (SEO, SEA & Social)",Jakobsdorf,N/A,N/A,N/A,N/A,arbeitnow,general,employer,N/A,N/A,N/A,remote,HIGH,Yes,Pre-classified by arbeitnow scraper,Wir suchen zum nächstmöglichen Zeitpunkt Unterstützung für unser Google- und Social-Media-Team. Als Digital Marketing Agentur steigern wir die Sichtbarkeit unserer Kund*innen und übernehmen nicht nur ...,listing_page,No,https://www.arbeitnow.com/jobs/companies/tom-phillip-zenker-digital-marketing-agentur-gmbh/performance-marketing-managerin-seo-sea-social-jakobsdorf-327856
N/A,Teamleiter Softwareentwickler (all genders) - Home Office 100 %,Kassel,N/A,N/A,N/A,N/A,arbeitnow,general,employer,N/A,N/A,N/A,remote,HIGH,Yes,Pre-classified by arbeitnow scraper,"fino taxtech ist ein innovatives Unternehmen an der Schnittstelle von Finanzen, Steuern und Technologie. Als Teil der fino-Gruppe entwickeln wir digitale Lösungen, die steuerliche und finanzielle Proz...",listing_page,No,https://www.arbeitnow.com/jobs/companies/fino-taxtech-gmbh/teamleiter-softwareentwickler-all-genders-home-office-100-kassel-110835
N/A,Projektleiter Softwareentwicklung (all genders) - Home Office 100 %,Kassel,N/A,N/A,N/A,N/A,arbeitnow,general,employer,N/A,N/A,N/A,remote,HIGH,Yes,Pre-classified by arbeitnow scraper,"Die fino data services GmbH entwickelt datengetriebene Softwarelösungen im Finanzumfeld. Zur Verstärkung unseres Teams suchen wir einen Technischen Projektmanager (m/w/d), der Projekte an der Schnitts...",listing_page,No,https://www.arbeitnow.com/jobs/companies/fino-data-services-gmbh/projektleiter-softwareentwicklung-all-genders-home-office-100-kassel-240822
N/A,"Redaktion & Content Sparring (m/w/d) - Minijob, Remote",Cologne,N/A,N/A,N/A,N/A,arbeitnow,general,employer,N/A,N/A,N/A,remote,HIGH,Yes,Pre-classified by arbeitnow scraper,"Unsere Marke WhyWords arbeitet an der Schnittstelle von Positionierung, Inhalt und Wirkung – mit klarem Fokus auf LinkedIn. Unsere Kund:innen sind keine anonymen Marken, sondern Persönlichkeiten mit k...",listing_page,No,https://www.arbeitnow.com/jobs/companies/kiwimo-product-gmbh/redaktion-content-sparring-minijob-remote-cologne-338855
N/A,Full-Stack Entwickler (m/w/d) - .NET 100% Remote,Frankfurt am Main,N/A,N/A,N/A,N/A,arbeitnow,general,employer,N/A,N/A,N/A,remote,HIGH,Yes,Pre-classified by arbeitnow scraper,"FNTIO sind AI-First Systems Engineers für Enterprise. Wir arbeiten seit 2022 produktiv mit AI in echten Kundenprojekten. Siemens, Deutsche Börse, Volkswagen. Wir liefern Projekte mit Ergebnisverantwor...",listing_page,No,https://www.arbeitnow.com/jobs/companies/fntio/full-stack-entwickler-net-100-remote-frankfurt-am-main-122380
N/A,Senior AI Systems Engineer (AWS) 100% Remote (m/w/d),Frankfurt am Main,N/A,N/A,N/A,N/A,arbeitnow,general,employer,N/A,N/A,N/A,remote,HIGH,Yes,Pre-classified by arbeitnow scraper,"FNTIO sind AI-First Systems Engineers für Enterprise. Wir arbeiten seit 2022 produktiv mit AI in echten Kundenprojekten. Siemens, Deutsche Börse, Volkswagen. Wir liefern Projekte mit Ergebnisverantwor...",listing_page,No,https://www.arbeitnow.com/jobs/companies/fntio/senior-ai-systems-engineer-aws-100-remote-frankfurt-am-main-153269
N/A,Demand Planner (all genders),Berlin,N/A,N/A,N/A,N/A,arbeitnow,general,employer,N/A,N/A,N/A,remote,HIGH,Yes,Pre-classified by arbeitnow scraper,"Willkommen bei Glow25! Wir sind ein dynamisches, schnell wachsendes Beauty & Pro Aging Unternehmen aus Berlin – mit einer Herzensmission: Glow-Momente schaffen. Für unsere Kund:innen, für unser Team, ...",listing_page,No,https://www.arbeitnow.com/jobs/companies/glow25-by-primal-state-performance-gmbh/demand-planner-all-genders-berlin-4777
N/A,Mediengestalter/in Digital und Print (mwd),Hamburg,N/A,N/A,N/A,N/A,arbeitnow,general,employer,N/A,N/A,N/A,remote,HIGH,Yes,Pre-classified by arbeitnow scraper,Wir sind eine junge und dynamische Werbemittelagentur aus Hamburg HafenCity und als agiles Unternehmen sind wir permanent auf der Suche nach neuen Talenten wie dich! Aufgaben Mit Promobedarf - unserem...,listing_page,No,https://www.arbeitnow.com/jobs/companies/bugaga-werbeagentur-ek/mediengestalter-in-digital-und-print-mwd-hamburg-486452
N/A,Client Relations Manager (B2C) (m/w/d) | 100% remote,Neuss,N/A,N/A,N/A,N/A,arbeitnow,general,employer,N/A,N/A,N/A,remote,HIGH,Yes,Pre-classified by arbeitnow scraper,"Wir suchen einen Customer Success Manager (B2C) der eigenverantwortlich einen festen Kundenstamm von ca. 2.000+ Kunden betreut. Du bist der zentrale Ansprechpartner und sorgst dafür, dass unsere Kunde...",listing_page,No,https://www.arbeitnow.com/jobs/companies/smartkundigen-ohg/client-relations-manager-b2c-100-remote-neuss-7682
N/A,Kundenbetreuungsmanager (B2C) | 100% remote,Neuss,N/A,N/A,N/A,N/A,arbeitnow,general,employer,N/A,N/A,N/A,remote,HIGH,Yes,Pre-classified by arbeitnow scraper,"Wir suchen einen Customer Success Manager (B2C) der eigenverantwortlich einen festen Kundenstamm von ca. 2.000+ Kunden betreut. Du bist der zentrale Ansprechpartner und sorgst dafür, dass unsere Kunde...",listing_page,No,https://www.arbeitnow.com/jobs/companies/smartkundigen-ohg/kundenbetreuungsmanager-b2c-100-remote-neuss-319903
N/A,Customer Success Manager (B2C) (m/w/d) | 100% remote,Neuss,N/A,N/A,N/A,N/A,arbeitnow,general,employer,N/A,N/A,N/A,remote,HIGH,Yes,Pre-classified by arbeitnow scraper,"Wir suchen einen Customer Success Manager (B2C) der eigenverantwortlich einen festen Kundenstamm von ca. 2.000+ Kunden betreut. Du bist der zentrale Ansprechpartner und sorgst dafür, dass unsere Kunde...",listing_page,No,https://www.arbeitnow.com/jobs/companies/smartkundigen-ohg/customer-success-manager-b2c-100-remote-neuss-372699
N/A,Influencer Marketing Manager,Münster,N/A,N/A,N/A,N/A,arbeitnow,general,employer,N/A,N/A,N/A,remote,HIGH,Yes,Pre-classified by arbeitnow scraper,"paselo ist eine der am schnellsten wachsenden D2C-Marken für Hunde-Ergänzungsfuttermittel im DACH-Raum. Wir entwickeln wissenschaftlich fundierte Produkte, die Hunden helfen — länger, aktiver und glüc...",listing_page,No,https://www.arbeitnow.com/jobs/companies/paselo-gmbh/influencer-marketing-manager-munster-153859
N/A,Social Media Marketing Manager*in in Teilzeit und Hybrid in Homeoffice,Jakobsdorf,N/A,N/A,N/A,N/A,arbeitnow,general,employer,N/A,N/A,N/A,remote,HIGH,Yes,Pre-classified by arbeitnow scraper,"Wir suchen zum nächstmöglichen Zeitpunkt Unterstützung für unsere Social Media Redaktion (m/w/d) für die Region Mecklenburg-Vorpommern, Brandenburg und Berlin. Als Digital Marketing Agentur steigern w...",listing_page,No,https://www.arbeitnow.com/jobs/companies/tom-phillip-zenker-digital-marketing-agentur-gmbh/social-media-marketing-managerin-in-teilzeit-und-hybrid-in-homeoffice-jakobsdorf-412014
N/A,Content Creator/ Community Builder (m/w/d),Langweid am Lech,N/A,N/A,N/A,N/A,arbeitnow,general,employer,N/A,N/A,N/A,remote,HIGH,Yes,Pre-classified by arbeitnow scraper,"Wir suchen jemanden, der langfristig Lust auf dieses Projekt hat , gemeinsam mit uns eine Community aufzubauen und sich vorstellen kann, Diamond Painting sowie Malen nach Zahlen selbst als Hobby zu en...",listing_page,No,https://www.arbeitnow.com/jobs/companies/picmondoo-gmbh/content-creator-community-builder-langweid-am-lech-375605
N/A,"Performance Marketing Manager*in (SEO, SEA & Social)",Jakobsdorf,N/A,N/A,N/A,N/A,arbeitnow,general,employer,N/A,N/A,N/A,remote,HIGH,Yes,Pre-classified by arbeitnow scraper,Wir suchen zum nächstmöglichen Zeitpunkt Unterstützung für unser Google- und Social-Media-Team. Als Digital Marketing Agentur steigern wir die Sichtbarkeit unserer Kund*innen und übernehmen nicht nur ...,listing_page,No,https://www.arbeitnow.com/jobs/companies/tom-phillip-zenker-digital-marketing-agentur-gmbh/performance-marketing-managerin-seo-sea-social-jakobsdorf-41274
N/A,Junior Consultant (m/w/d) Digitalisierung im HR / Personal,Traunreut,N/A,N/A,N/A,N/A,arbeitnow,general,employer,N/A,N/A,N/A,remote,HIGH,Yes,Pre-classified by arbeitnow scraper,Die 9toThrive GmbH berät und unterstützt Unternehmen bei der Digitalisierung von HR-Prozessen sowie bei der Integration und Optimierung von HR-Software. Als modernes Startup mit geballter Expertise in...,listing_page,No,https://www.arbeitnow.com/jobs/companies/9tothrive-gmbh/junior-consultant-digitalisierung-im-hr-personal-traunreut-136161
N/A,Machine Learning Engineer,Berlin,N/A,N/A,N/A,N/A,arbeitnow,general,employer,N/A,N/A,N/A,remote,HIGH,Yes,Pre-classified by arbeitnow scraper,"At Phantasma Labs, we’re building smart software that helps factories plan better. Our AI co-pilot helps factories schedule production more efficiently, adapt to changes faster, and make the most of a...",listing_page,No,https://www.arbeitnow.com/jobs/companies/phantasma-labs/machine-learning-engineer-berlin-303955
N/A,DevOps Engineer (m/w/d) in Voll- oder Teilzeit,Stuttgart,N/A,N/A,N/A,N/A,arbeitnow,general,employer,N/A,N/A,N/A,remote,HIGH,Yes,Pre-classified by arbeitnow scraper,Du hast Lust auf Mitgestaltung? Dann bist du bei uns genau richtig! Aufgaben Du gestaltest gemeinsam mit unserem DevOps-Team die interne IT- und Entwicklungsinfrastruktur aktiv weiter Du unterstützt b...,listing_page,No,https://www.arbeitnow.com/jobs/companies/iconcxm-gmbh/devops-engineer-in-voll-oder-teilzeit-stuttgart-461146
N/A,"Performance Marketing Manager Marketplaces (m/w/d) - Vollzeit, 100 % Homeoffice",Grafschaft,N/A,N/A,N/A,N/A,arbeitnow,general,employer,N/A,N/A,N/A,remote,HIGH,Yes,Pre-classified by arbeitnow scraper,"Wir bei nutri+ glauben an eine Welt, in der Tiere respektiert werden und niemand zurückgelassen wird. Deshalb setzen wir uns nicht nur für hochwertige vegane Produkte ein, sondern unterstützen aktiv d...",listing_page,No,https://www.arbeitnow.com/jobs/companies/nutrition-plus-germany-ek/performance-marketing-manager-marketplaces-vollzeit-100-homeoffice-grafschaft-379703
N/A,(Senior) Performance Marketing Manager - Paid Social (all genders),Berlin,N/A,N/A,N/A,N/A,arbeitnow,general,employer,N/A,N/A,N/A,remote,HIGH,Yes,Pre-classified by arbeitnow scraper,"About mammaly We are mammaly! - und unsere Mission sind gesunde und glückliche Hunde! Deshalb entwickeln wir Premium Supplements für Hunde, die ein langes und gutes Leben ermöglichen. Gegründet in 202...",listing_page,No,https://www.arbeitnow.com/jobs/companies/mammaly/senior-performance-marketing-manager-paid-social-all-genders-berlin-295240
N/A,Newsroom Editor / Media Analyst (w/m/d) in Teilzeit (50%) - Berlin oder remote,Berlin,N/A,N/A,N/A,N/A,arbeitnow,general,employer,N/A,N/A,N/A,remote,HIGH,Yes,Pre-classified by arbeitnow scraper,Dein Profil Zur Verstärkung unseres Teams suchen wir eine analytisch denkende Persönlichkeit mit Interesse an datenbasierter Medienanalyse und neuen Technologien. Die Rolle eignet sich sowohl für Beru...,listing_page,No,https://www.arbeitnow.com/jobs/companies/cognita-deutschland-gmbh/newsroom-editor-media-analyst-in-teilzeit-50-berlin-oder-remote-160278
N/A,"Senior IT Manager (m/w/d) (ID134) - volunteer, unpaid",Munich,N/A,N/A,N/A,N/A,arbeitnow,general,employer,N/A,N/A,N/A,remote,HIGH,Yes,Pre-classified by arbeitnow scraper,"EUSMS gGmbH is a passionate team of change-makers dedicated to making a profound impact in Kenya, East Africa, and beyond. Our organization stands for five core pillars: Entrepreneurship, Stoicism, Mi...",listing_page,No,https://www.arbeitnow.com/jobs/companies/eusms-ggmbh/senior-it-manager-id134-volunteer-unpaid-munich-298186
N/A,Technical Data Manager (m/w/d),Augsburg,N/A,N/A,N/A,N/A,arbeitnow,general,employer,N/A,N/A,N/A,remote,HIGH,Yes,Pre-classified by arbeitnow scraper,"BMF Group Die BMF Group ist ein Full Stack Serviceprovider mit Niederlassungen in Augsburg und Bardowick (bei Lüneburg). Seit über 35 Jahren begleiten wir europaweit Kunden im Mobilitäts‑, Räder‑ und ...",listing_page,No,https://www.arbeitnow.com/jobs/companies/bmf-media-information-technology-gmbh/technical-data-manager-augsburg-42188
N/A,Data Integration & API Engineer m/w/d - Bi & Data Automation,Hamburg,N/A,N/A,N/A,N/A,arbeitnow,general,employer,N/A,N/A,N/A,remote,HIGH,Yes,Pre-classified by arbeitnow scraper,"loyos bi ist ein wachsendes SaaS-Unternehmen aus Hamburg. Unsere Financial Management Suite und HR Reporting Suite auf Basis von Microsoft Power BI ermöglichen es Unternehmen, Finanz- und HR-Daten kla...",listing_page,No,https://www.arbeitnow.com/jobs/companies/loyos-bi-gmbh/data-integration-api-engineer-bi-data-automation-hamburg-66228
N/A,Senior Performance Marketing Manager (Remote in DE) - all genders,Cologne,N/A,N/A,N/A,N/A,arbeitnow,general,employer,N/A,N/A,N/A,remote,HIGH,Yes,Pre-classified by arbeitnow scraper,join the team High Budgets. Hoher Impact. Klare Verantwortung. Als Senior Performance Marketing Manager bei ADBAKER steuerst du 6- bis 7-stellige Paid Social Budgets für unterschiedliche Brands und en...,listing_page,No,https://www.arbeitnow.com/jobs/companies/adbaker/senior-performance-marketing-manager-remote-in-de-all-genders-cologne-92673
N/A,"BI Platform & Data Automation Engineer(m/w/d) - PowerBI, Power Automate & Microsoft Fabric",Hamburg,N/A,N/A,N/A,N/A,arbeitnow,general,employer,N/A,N/A,N/A,remote,HIGH,Yes,Pre-classified by arbeitnow scraper,"loyos bi ist ein wachsendes SaaS-Unternehmen aus Hamburg. Unsere Financial Management Suite und HR Reporting Suite auf Basis von Microsoft Power BI ermöglichen es Unternehmen, Finanz- und HR-Daten kla...",listing_page,No,https://www.arbeitnow.com/jobs/companies/loyos-bi-gmbh/bi-platform-data-automation-engineer-powerbi-power-automate-microsoft-fabric-hamburg-108979
N/A,Training Operations Intern / Werkstudent:in,Berlin,N/A,N/A,N/A,N/A,arbeitnow,general,employer,N/A,N/A,N/A,remote,HIGH,Yes,Pre-classified by arbeitnow scraper,"Hi there, if you genuinely love project planning and management, live and breathe Excel, and want to use AI to automate the work you do every day, keep on reading :) You will help diligently run the o...",listing_page,No,https://www.arbeitnow.com/jobs/companies/bots-and-people-product-gmbh/training-operations-intern-werkstudentin-berlin-61014
N/A,Junior Performance Marketing Manager (all genders),Berlin,N/A,N/A,N/A,N/A,arbeitnow,general,employer,N/A,N/A,N/A,remote,HIGH,Yes,Pre-classified by arbeitnow scraper,"Welcome to Glow25! We are a dynamic, fast-growing beauty and pro-aging company based in Berlin. Our heartfelt mission: Glow moments that last — for our community and for us as a team. Work at Glow25 s...",listing_page,No,https://www.arbeitnow.com/jobs/companies/glow25-by-primal-state-performance-gmbh/junior-performance-marketing-manager-all-genders-berlin-155983
N/A,Client Relations Manager (B2C) (m/w/d) | 100% remote,Neuss,N/A,N/A,N/A,N/A,arbeitnow,general,employer,N/A,N/A,N/A,remote,HIGH,Yes,Pre-classified by arbeitnow scraper,"Wir suchen einen Customer Success Manager (B2C) der eigenverantwortlich einen festen Kundenstamm von ca. 2.000+ Kunden betreut. Du bist der zentrale Ansprechpartner und sorgst dafür, dass unsere Kunde...",listing_page,No,https://www.arbeitnow.com/jobs/companies/smartkundigen-ohg/client-relations-manager-b2c-100-remote-neuss-104651
N/A,Kundenbetreuungsmanager (B2C) | 100% remote,Neuss,N/A,N/A,N/A,N/A,arbeitnow,general,employer,N/A,N/A,N/A,remote,HIGH,Yes,Pre-classified by arbeitnow scraper,"Wir suchen einen Customer Success Manager (B2C) der eigenverantwortlich einen festen Kundenstamm von ca. 2.000+ Kunden betreut. Du bist der zentrale Ansprechpartner und sorgst dafür, dass unsere Kunde...",listing_page,No,https://www.arbeitnow.com/jobs/companies/smartkundigen-ohg/kundenbetreuungsmanager-b2c-100-remote-neuss-141522
N/A,Customer Success Manager (B2C) (m/w/d) | 100% remote,Neuss,N/A,N/A,N/A,N/A,arbeitnow,general,employer,N/A,N/A,N/A,remote,HIGH,Yes,Pre-classified by arbeitnow scraper,"Wir suchen einen Customer Success Manager (B2C) der eigenverantwortlich einen festen Kundenstamm von ca. 2.000+ Kunden betreut. Du bist der zentrale Ansprechpartner und sorgst dafür, dass unsere Kunde...",listing_page,No,https://www.arbeitnow.com/jobs/companies/smartkundigen-ohg/customer-success-manager-b2c-100-remote-neuss-197931
N/A,App Developer - Founding Member (m/w/d) - AI Health,Cologne,N/A,N/A,N/A,N/A,arbeitnow,general,employer,N/A,N/A,N/A,remote,HIGH,Yes,Pre-classified by arbeitnow scraper,"Wir bauen Deutschlands erste ganzheitliche KI-Gesundheits-App – und suchen jemanden, der sie lebendig macht. Unsere Vision : Die O App verbindet Körper, Psyche und Emotionen und bringt echte Gesundhei...",listing_page,No,https://www.arbeitnow.com/jobs/companies/o-app-holistic-health/app-developer-founding-member-freelance-cologne-452949
N/A,App Designer - Founding Member (m/w/d) - AI Health,Cologne,N/A,N/A,N/A,N/A,arbeitnow,general,employer,N/A,N/A,N/A,remote,HIGH,Yes,Pre-classified by arbeitnow scraper,"Wir bauen Deutschlands erste ganzheitliche KI-Gesundheits-App – und suchen jemanden, der sie lebendig macht. Unsere Vision : Die O App verbindet Körper, Psyche und Emotionen und bringt echte Gesundhei...",listing_page,No,https://www.arbeitnow.com/jobs/companies/o-app-holistic-health/app-designer-founding-member-freelance-cologne-67860
N/A,Remote Assistenz Immobilienverwaltung & Vermietung (m/w/d) VZ/TZ/MJ (100% Homeoffice),Essen,N/A,N/A,N/A,N/A,arbeitnow,general,employer,N/A,N/A,N/A,remote,HIGH,Yes,Pre-classified by arbeitnow scraper,"Die SN Immobilien GmbH ist ein Immobilienunternehmen mit Sitz in Essen und spezialisiert auf den Erwerb, die Verwaltung und die Veräußerung von Immobilien. Unser Fokus liegt auf einer professionellen,...",listing_page,No,https://www.arbeitnow.com/jobs/companies/sn-immobilien-gmbh/remote-assistenz-immobilienverwaltung-vermietung-vz-tz-mj-100-homeoffice-essen-261359
N/A,Team Lead Customer Onboarding (m/w/d),Berlin,N/A,N/A,N/A,N/A,arbeitnow,general,employer,N/A,N/A,N/A,remote,HIGH,Yes,Pre-classified by arbeitnow scraper,"Your mission Schön, dass Du auf unsere Ausschreibung gestoßen bist - wir sind SIDES - die richtige Wahl wenn Du ein motiviertes und inspirierendes Arbeitsumfeld suchst!! Für unser Customer Success-Tea...",listing_page,No,https://www.arbeitnow.com/jobs/companies/sides-simplydelivery-gmbh/team-lead-customer-onboarding-berlin-221844
N/A,Praktikant Marketing Manager (m/w/d),Munich,N/A,N/A,N/A,N/A,arbeitnow,general,employer,N/A,N/A,N/A,remote,HIGH,Yes,Pre-classified by arbeitnow scraper,"energized& – Dein Growth Partner aus deiner Branche. Wir sind eine tech- und datengetriebene Unternehmensberatung, die B2B-Unternehmen aus den Bereichen New Energy und E-Mobility unterstützt. Mit tech...",listing_page,No,https://www.arbeitnow.com/jobs/companies/energized-company-gmbh/praktikant-marketing-manager-munich-155870
N/A,Praktikant Marketing & Content Creation (m/w/d) 100 Prozent  im Home-Office,Herford,N/A,N/A,N/A,N/A,arbeitnow,general,employer,N/A,N/A,N/A,remote,HIGH,Yes,Pre-classified by arbeitnow scraper,Praktikant Marketing & Content Creation (m/w/d) Über uns: Wir bei Canicu machen das Leben von Hunden besser – und das ihrer Menschen gleich mit. Als eine der am schnellsten wachsenden Premium-Marken f...,listing_page,No,https://www.arbeitnow.com/jobs/companies/canicu/praktikant-marketing-content-creation-100-prozent-im-home-office-herford-213471
N/A,Opener/Terminsetter,Düsseldorf,N/A,N/A,N/A,N/A,arbeitnow,general,employer,N/A,N/A,N/A,remote,HIGH,Yes,Pre-classified by arbeitnow scraper,"Ort: Deutschland (Remote möglich) Start: ab sofort Pensum: Teilzeit, Stundenbasis oder Freelancer Vergütung: Stundenhonorar + leistungsbasierte Provision (bis zu EUR 1.500 monatlich) + Abschlussbonus ...",listing_page,No,https://www.arbeitnow.com/jobs/companies/ariscon-gmbh/opener-terminsetter-dusseldorf-38141
N/A,Professional Social-Media-Marketing-Manager (SMM) (m/w/d),Berlin,N/A,N/A,N/A,N/A,arbeitnow,general,employer,N/A,N/A,N/A,remote,HIGH,Yes,Pre-classified by arbeitnow scraper,"ARBEITEN BEI CAMEDIA Als junge und innovative Marketing-Agentur mit einer breiten Palette an Online-Marketing-Maßnahmen liegt unser Fokus auf SEO, SEA und Social Media Marketing. Wir legen großen Wert...",listing_page,No,https://www.arbeitnow.com/jobs/companies/camedia-gmbh/social-media-marketing-manager-smm-berlin-24738
N/A,(Senior) Technical Product Owner (m/f/d) REMOTE,Bonn,N/A,N/A,N/A,N/A,arbeitnow,general,employer,N/A,N/A,N/A,remote,HIGH,Yes,Pre-classified by arbeitnow scraper,"As a (Senior) Technical Product Owner, you will maximize product value by translating business and customer needs into clear, technically sound requirements that enable high‑quality delivery. You will...",listing_page,No,https://www.arbeitnow.com/jobs/companies/allocnow-gmbh/senior-technical-product-owner-remote-bonn-196783
N/A,HR/Recruiter Intern: Unpaid Part Time Mandatory Internship @ early stage startup,Berlin,N/A,N/A,N/A,N/A,arbeitnow,general,employer,N/A,N/A,N/A,remote,HIGH,Yes,Pre-classified by arbeitnow scraper,"About Occibo Occibo[occibo dot com] is a SaaS platform that helps creators build children’s books from manuscript to print ready output along with marketing assets. We focus on speed, quality, and sim...",listing_page,No,https://www.arbeitnow.com/jobs/companies/indiekidz-gmbh/hr-recruiter-intern-unpaid-part-time-mandatory-internship-at-early-stage-startup-berlin-397959
N/A,Werkstudent (m/w/d) Digital Marketing & Experience – Wildes Land,Munich,N/A,N/A,N/A,N/A,arbeitnow,general,employer,N/A,N/A,N/A,remote,HIGH,Yes,Pre-classified by arbeitnow scraper,"Deine Aufgaben Zur Unterstützung unseres Wildes Land Brand Teams suchen wir einen motivierten Werkstudenten, der unsere Leidenschaft für Haustiere teilt und uns im Bereich Online Shop & Digital Experi...",listing_page,No,https://www.arbeitnow.com/jobs/companies/alphapet-ventures-gmbh/werkstudent-digital-marketing-experience-wildes-land-munich-445393
N/A,Finance Associate - Remote (m/w/d),Nottensdorf,N/A,N/A,N/A,N/A,arbeitnow,general,employer,N/A,N/A,N/A,remote,HIGH,Yes,Pre-classified by arbeitnow scraper,Finton Advisors ist eine Tech-Enabled Finance & BI Boutique Beratung. Durch den Einsatz künstlicher Intelligenz und Prozessautomatisierung unterstützen wir Unternehmen ganzheitlich in den Bereichen Fi...,listing_page,No,https://www.arbeitnow.com/jobs/companies/finton-advisors-by-efpinai-gmbh/finance-associate-remote-nottensdorf-385549
N/A,Remote Chatter,Bad Dürrheim,N/A,N/A,N/A,N/A,arbeitnow,general,employer,N/A,N/A,N/A,remote,HIGH,Yes,Pre-classified by arbeitnow scraper,"📍 100% Remote | 🌍 International Team | ⏰ Full-Time Looking for a remote role where communication, responsibility, and flexibility come together? This might be a strong fit. Tasks Your Responsibilities...",listing_page,No,https://www.arbeitnow.com/jobs/companies/pooglewoogle/remote-chatter-bad-durrheim-461274
N/A,Senior Full Stack Engineer,Berlin,N/A,N/A,N/A,N/A,arbeitnow,general,employer,N/A,N/A,N/A,remote,HIGH,Yes,Pre-classified by arbeitnow scraper,"Coding Partners is a dynamic software development agency specializing in empowering softare companies to build and ship products faster. We deliver custom, scalable software solutions and provide expe...",listing_page,No,https://www.arbeitnow.com/jobs/companies/coding-partners/senior-full-stack-engineer-berlin-391720
N/A,Client Relations Manager (B2C) (m/w/d) | 100% remote,Neuss,N/A,N/A,N/A,N/A,arbeitnow,general,employer,N/A,N/A,N/A,remote,HIGH,Yes,Pre-classified by arbeitnow scraper,"Wir suchen einen Customer Success Manager (B2C) der eigenverantwortlich einen festen Kundenstamm von ca. 2.000+ Kunden betreut. Du bist der zentrale Ansprechpartner und sorgst dafür, dass unsere Kunde...",listing_page,No,https://www.arbeitnow.com/jobs/companies/smartkundigen-ohg/client-relations-manager-b2c-100-remote-neuss-428211
N/A,Kundenbetreuungsmanager (B2C) | 100% remote,Neuss,N/A,N/A,N/A,N/A,arbeitnow,general,employer,N/A,N/A,N/A,remote,HIGH,Yes,Pre-classified by arbeitnow scraper,"Wir suchen einen Customer Success Manager (B2C) der eigenverantwortlich einen festen Kundenstamm von ca. 2.000+ Kunden betreut. Du bist der zentrale Ansprechpartner und sorgst dafür, dass unsere Kunde...",listing_page,No,https://www.arbeitnow.com/jobs/companies/smartkundigen-ohg/kundenbetreuungsmanager-b2c-100-remote-neuss-236291
N/A,Customer Support Manager (m/w/d),Gladenbach,N/A,N/A,N/A,N/A,arbeitnow,general,employer,N/A,N/A,N/A,remote,HIGH,Yes,Pre-classified by arbeitnow scraper,"Wir bei Pacemo sind auf der Suche nach engagierten und motivierten Customer Support Manager:innen, der/die unser Team verstärkt. Pacemo ist Teil der internationalen Memcare Group und strömt in eine Br...",listing_page,No,https://www.arbeitnow.com/jobs/companies/pacemo-gmbh-digitalisierung-im-bestattungswesen/customer-support-manager-gladenbach-45340
N/A,SAP FI Consultant (m/w/d),Düsseldorf,N/A,N/A,N/A,N/A,arbeitnow,general,employer,N/A,N/A,N/A,remote,HIGH,Yes,Pre-classified by arbeitnow scraper,Die Manß & Partner GmbH sucht zum nächstmöglichen Zeitpunkt einen SAP FI Consultant (w/m/d) . Als SAP Beratungshaus und Silver Partner der SAP SE realisieren wir seit über 30 Jahren erfolgreich Projek...,listing_page,No,https://www.arbeitnow.com/jobs/companies/manss-partner-gmbh/sap-fi-consultant-dusseldorf-434581
N/A,Testmanager (w/m/d) für Testautomatisierung,Münster,N/A,N/A,N/A,N/A,arbeitnow,general,employer,N/A,N/A,N/A,remote,HIGH,Yes,Pre-classified by arbeitnow scraper,"Als Testmanager:in übernimmst Du Verantwortung für die Qualitätssicherung komplexer Softwarelösungen. Du planst und steuerst Testaktivitäten, koordinierst Testteams und sorgst dafür, dass Anforderunge...",listing_page,No,https://www.arbeitnow.com/jobs/companies/bbht-beratungsgesellschaft-mbh-co-kg/testmanager-fur-testautomatisierung-munster-232406
N/A,Kundenbetreuung in der Finanzbuchhaltung - FinTech - Scale-Up - 100% von Zuhause,Hamburg,N/A,N/A,N/A,N/A,arbeitnow,general,employer,N/A,N/A,N/A,remote,HIGH,Yes,Pre-classified by arbeitnow scraper,"Wir von pathway solutions haben ein klares Ziel: Die Buchhaltung gemeinsam mit dir zu revolutionieren! Ob Shopify-Startups oder SaaS-Unternehmen – unsere Software automatisiert Buchhaltungsprozesse, d...",listing_page,No,https://www.arbeitnow.com/jobs/companies/pathway-solutions-gmbh/kundenbetreuung-in-der-finanzbuchhaltung-fintec-scale-up-100-von-zuhause-hamburg-112026
N/A,Java Softwareentwickler (w/m/d),Münster,N/A,N/A,N/A,N/A,arbeitnow,general,employer,N/A,N/A,N/A,remote,HIGH,Yes,Pre-classified by arbeitnow scraper,"Als Java Entwickler:in gestaltest Du von der technischen Konzeption, bis hin zur erfolgreichen Implementierung, die Softwareentwicklungsprojekte unserer Kunden. Dabei bringst Du Dein technisches Know-...",listing_page,No,https://www.arbeitnow.com/jobs/companies/bbht-beratungsgesellschaft-mbh-co-kg/java-softwareentwicklerin-backend-microservices-munster-15140
N/A,Laravel Developer (m/w/d) - AI-First PropTech,Korntal-Münchingen,N/A,N/A,N/A,N/A,arbeitnow,general,employer,N/A,N/A,N/A,remote,HIGH,Yes,Pre-classified by arbeitnow scraper,"Immovara ist ein junges Start-up, das innovative Produkte für die Immobilienbranche entwickelt (RentUpp). AI ist bei uns nicht nur Feature, sondern die Grundlage unserer gesamten Arbeitsweise - wir ne...",listing_page,No,https://www.arbeitnow.com/jobs/companies/immovara-gmbh/laravel-developer-ai-first-proptech-korntal-munchingen-471269
N/A,Customer Success Manager (B2C) (m/w/d) | 100% remote,Neuss,N/A,N/A,N/A,N/A,arbeitnow,general,employer,N/A,N/A,N/A,remote,HIGH,Yes,Pre-classified by arbeitnow scraper,"Wir suchen einen Customer Success Manager (B2C) der eigenverantwortlich einen festen Kundenstamm von ca. 2.000+ Kunden betreut. Du bist der zentrale Ansprechpartner und sorgst dafür, dass unsere Kunde...",listing_page,No,https://www.arbeitnow.com/jobs/companies/smartkundigen-ohg/customer-success-manager-b2c-100-remote-neuss-140064
N/A,"Marketing & Customer Experience, Working Student",Berlin,N/A,N/A,N/A,N/A,arbeitnow,general,employer,N/A,N/A,N/A,remote,HIGH,Yes,Pre-classified by arbeitnow scraper,"Flybaby makes baby carriers that parents and babies actually love. We're a small, passionate team in Berlin building a brand that stands for movement, freedom, and the joy of keeping your little one c...",listing_page,No,https://www.arbeitnow.com/jobs/companies/flybaby-gmbh/marketing-customer-experience-working-student-berlin-17683
N/A,Qualitäts- und Testingenieur SAP (m/w/d) (Ref.Nr.: 46616),Munich,N/A,N/A,N/A,N/A,arbeitnow,general,employer,N/A,N/A,N/A,remote,HIGH,Yes,Pre-classified by arbeitnow scraper,Wir suchen zwei erfahrene Senior Quality- / Test-Engineers (m/w/d) für SAP-Verfahren zur Unterstützung eines agilen Entwicklungsteams. In dieser Rolle begleiten Sie die Qualitätssicherung und Testauto...,listing_page,No,https://www.arbeitnow.com/jobs/companies/wavestone-germany-ag/qualitats-und-testingenieur-sap-refnr-46616-munich-434811
N/A,Gebietsverkaufsleiter/ Rehafachberater Baden-Württemberg,Stuttgart,N/A,N/A,N/A,N/A,arbeitnow,general,employer,N/A,N/A,N/A,remote,HIGH,Yes,Pre-classified by arbeitnow scraper,Ihre Aufgaben: Aufbau und Ausbau des bestehenden Absatzmarktes in der Region Aktive Neukundengewinnung und Bestandskundenbetreuung von Sanitätshäusern und Medizinproduktehändlern Planung und Durchführ...,listing_page,No,https://www.arbeitnow.com/jobs/companies/vermeiren-deutschland-gmbh/gebietsverkaufsleiter-rehafachberater-baden-wurttemberg-stuttgart-465063
N/A,Customer Success Manager SEO/GEO (m/w/d),Freiburg im Breisgau,N/A,N/A,N/A,N/A,arbeitnow,general,employer,N/A,N/A,N/A,remote,HIGH,Yes,Pre-classified by arbeitnow scraper,"Finseo ist eine Plattform für Generative Engine Optimization (GEO) und AI-Visibility-Tracking. Wir helfen Marken dabei, in der neuen Welt der KI-Suche – ChatGPT, Claude, Perplexity, Gemini & Co. – sic...",listing_page,No,https://www.arbeitnow.com/jobs/companies/finseo-gmbh/customer-success-manager-freiburg-im-breisgau-69724
N/A,Applied AI Engineer - Remote,Cologne,N/A,N/A,N/A,N/A,arbeitnow,general,employer,N/A,N/A,N/A,remote,HIGH,Yes,Pre-classified by arbeitnow scraper,"👋 Welcome to dexter health! At dexter health, we build AI-powered software for care teams. Our mission is to reduce administrative workload in healthcare so caregivers can spend more time with patient...",listing_page,No,https://www.arbeitnow.com/jobs/companies/dexter-health/applied-ai-engineer-remote-cologne-2870
N/A,Python Backend Engineer - Remote,Cologne,N/A,N/A,N/A,N/A,arbeitnow,general,employer,N/A,N/A,N/A,remote,HIGH,Yes,Pre-classified by arbeitnow scraper,"👋 Welcome to dexter health! At dexter health, we build AI-powered software for care teams. Our mission is to reduce administrative workload in healthcare so caregivers can spend more time with patient...",listing_page,No,https://www.arbeitnow.com/jobs/companies/dexter-health/python-backend-engineer-remote-cologne-34228
N/A,AI Engineer (LLM Products) - Remote,Cologne,N/A,N/A,N/A,N/A,arbeitnow,general,employer,N/A,N/A,N/A,remote,HIGH,Yes,Pre-classified by arbeitnow scraper,"👋 Welcome to dexter health! At dexter health, we build AI-powered software for care teams. Our mission is to reduce administrative workload in healthcare so caregivers can spend more time with patient...",listing_page,No,https://www.arbeitnow.com/jobs/companies/dexter-health/ai-engineer-llm-products-remote-cologne-236027
N/A,"Backend Python Engineer (APIs, Databases & Cloud) - Remote",Cologne,N/A,N/A,N/A,N/A,arbeitnow,general,employer,N/A,N/A,N/A,remote,HIGH,Yes,Pre-classified by arbeitnow scraper,"👋 Welcome to dexter health! At dexter health, we build AI-powered software for care teams. Our mission is to reduce administrative workload in healthcare so caregivers can spend more time with patient...",listing_page,No,https://www.arbeitnow.com/jobs/companies/dexter-health/backend-python-engineer-apis-databases-cloud-remote-cologne-274767
N/A,Founders Associate Intern (m/w/d),Munich,N/A,N/A,N/A,N/A,arbeitnow,general,employer,N/A,N/A,N/A,remote,HIGH,Yes,Pre-classified by arbeitnow scraper,"Als Founders Associate Intern unterstützt du uns beim Aufbau unseres Vertriebspartnernetzwerks, bei der Optimierung unserere Top-Funnel Vertriebsprozesse und arbeitest eng mit unserem CEO zusammen. Du...",listing_page,No,https://www.arbeitnow.com/jobs/companies/spreadly-gmbh/founders-associate-intern-munich-457487
N/A,Founders Associate,Munich,N/A,N/A,N/A,N/A,arbeitnow,general,employer,N/A,N/A,N/A,remote,HIGH,Yes,Pre-classified by arbeitnow scraper,MediMeets ist die zentrale Plattform für die Digitalisierung deutscher Arztpraxen. Wir verbinden Ärzt:innen mit den richtigen digitalen Tools und unterstützen Praxisgründer:innen und Übernehmer:innen ...,listing_page,No,https://www.arbeitnow.com/jobs/companies/medimeets-digital-health-hub/founders-associate-munich-19616
N/A,Senior Social Media Expert (m/w/d),Berlin,N/A,N/A,N/A,N/A,arbeitnow,general,employer,N/A,N/A,N/A,remote,HIGH,Yes,Pre-classified by arbeitnow scraper,"Wir sind Wachstums-Partner für über 100 der größten Deutschen B2C Brands wie zB. AG1, AirUp, TOOM Baumarkt & Smilodox und suchen aktuell Creative Strategists (m/w/d). Als Senior Social Media Expert (m...",listing_page,No,https://www.arbeitnow.com/jobs/companies/realstudio-gmbh/senior-social-media-expert-berlin-390268
N/A,"Technischer Kundenservice - 100% remote, auch aus dem Ausland & gut bezahlt",Reichartshausen,N/A,N/A,N/A,N/A,arbeitnow,general,employer,N/A,N/A,N/A,remote,HIGH,Yes,Pre-classified by arbeitnow scraper,"Ein Unternehmen aus der IT-Branche, das sich auf smarte Lösungen im Haustierbereich spezialisiert hat, entwickelt innovative Produkte zur Unterstützung von Haustierbesitzern. Das Hauptprodukt ist ein ...",listing_page,No,https://www.arbeitnow.com/jobs/companies/peters-und-partner/technischer-kundenservice-100-remote-auch-aus-dem-ausland-gut-bezahlt-reichartshausen-262878
N/A,Sales Engineer F/M/D,Munich,N/A,N/A,N/A,N/A,arbeitnow,general,employer,N/A,N/A,N/A,remote,HIGH,Yes,Pre-classified by arbeitnow scraper,Sales Engineer (m/f/d) Remote position | Germany Are you an experienced Sales Engineer with a strong background in electronics and business development ? Do you want to grow and own the German market ...,listing_page,No,https://www.arbeitnow.com/jobs/companies/icape-group/sales-engineer-munich-388814
N/A,Influencer & Creator Marketing Manager (m/w/d),Berlin,N/A,N/A,N/A,N/A,arbeitnow,general,employer,N/A,N/A,N/A,remote,HIGH,Yes,Pre-classified by arbeitnow scraper,"Wir sind Wachstums-Partner für über 100 der größten Deutschen B2C Brands wie zB. AG1, AirUp, TOOM Baumarkt & Smilodox und suchen aktuell Creative Strategists (m/w/d). Als Influencer & Creator Marketin...",listing_page,No,https://www.arbeitnow.com/jobs/companies/realstudio-gmbh/influencer-creator-marketing-manager-berlin-226500
N/A,Social Media Manager (m/w/d),Berlin,N/A,N/A,N/A,N/A,arbeitnow,general,employer,N/A,N/A,N/A,remote,HIGH,Yes,Pre-classified by arbeitnow scraper,"Wir sind Wachstums-Partner für über 100 der größten Deutschen B2C Brands wie zB. AG1, AirUp, TOOM Baumarkt & Smilodox und suchen aktuell Creative Strategists (m/w/d). Als Creative Strategist (m/w/d) v...",listing_page,No,https://www.arbeitnow.com/jobs/companies/realstudio-gmbh/social-media-manager-berlin-216853
N/A,Junior PR Manager (m/w/d) – Remote oder Berlin,Berlin,N/A,N/A,N/A,N/A,arbeitnow,general,employer,N/A,N/A,N/A,remote,HIGH,Yes,Pre-classified by arbeitnow scraper,"Overview Du denkst wie eine Redaktion – und lieferst Themen, die Medien wirklich interessieren? Dann bist du bei uns richtig. getpress bietet PR Lösungen für starke Wachstumsunternehmen. Transparent, ...",listing_page,No,https://www.arbeitnow.com/jobs/companies/getpress/junior-pr-manager-remote-oder-berlin-193557
N/A,Copywriter / Creative Strategist im E-Commerce (m/w/d),Berlin,N/A,N/A,N/A,N/A,arbeitnow,general,employer,N/A,N/A,N/A,remote,HIGH,Yes,Pre-classified by arbeitnow scraper,"Wir sind Wachstums-Partner für über 100 der größten Deutschen B2C Brands wie zB. AG1, AirUp, TOOM Baumarkt & Smilodox und suchen aktuell Creative Strategists (m/w/d). Als Creative Strategist (m/w/d) v...",listing_page,No,https://www.arbeitnow.com/jobs/companies/realstudio-gmbh/copywriter-creative-strategist-im-e-commerce-berlin-97006
N/A,Creative Strategist (m/w/d),Berlin,N/A,N/A,N/A,N/A,arbeitnow,general,employer,N/A,N/A,N/A,remote,HIGH,Yes,Pre-classified by arbeitnow scraper,"Wir sind Wachstums-Partner für über 100 der größten Deutschen B2C Brands wie zB. AG1, AirUp, TOOM Baumarkt & Smilodox und suchen aktuell Creative Strategists (m/w/d). Als Creative Strategist (m/w/d) v...",listing_page,No,https://www.arbeitnow.com/jobs/companies/realstudio-gmbh/creative-strategist-berlin-376450
N/A,Lead Paid Search / SEA (m/w/d) | 100 % remote | Voll- oder Teilzeit,Stuttgart,N/A,N/A,N/A,N/A,arbeitnow,general,employer,N/A,N/A,N/A,remote,HIGH,Yes,Pre-classified by arbeitnow scraper,"Du willst Paid Search nicht nur betreuen, sondern wirklich weiterentwickeln? Paid Search steht an einem Wendepunkt. AI, Automatisierung, Performance Max, Feed-Qualität, First-Party-Data und neue Searc...",listing_page,No,https://www.arbeitnow.com/jobs/companies/hurracom/lead-paid-search-sea-100-remote-voll-oder-teilzeit-stuttgart-104144
N/A,Lead Customer Success Manager,Berlin,N/A,N/A,N/A,N/A,arbeitnow,general,employer,N/A,N/A,N/A,remote,HIGH,Yes,Pre-classified by arbeitnow scraper,"Lead the team. Own the outcomes. Shape what customer success means at babelforce. We’re looking for a senior, technically capable leader to head up our Customer Success function. You’ll manage a team ...",listing_page,No,https://www.arbeitnow.com/jobs/companies/babelforce-gmbh/lead-customer-success-manager-berlin-336211
N/A,Head of Marketing (m/w/d),Hamburg,N/A,N/A,N/A,N/A,arbeitnow,general,employer,N/A,N/A,N/A,remote,HIGH,Yes,Pre-classified by arbeitnow scraper,"Wir sind Start to Finish. Kein Startup kann wachsen ohne das richtige Team: Aus diesem Grund unterstützen wir aufstrebende Startups und Growth Companies wie Snocks, Seller X, Mellow Noir, Pets Deli un...",listing_page,No,https://www.arbeitnow.com/jobs/companies/start-to-finish-consulting-gmbh/head-of-marketing-hamburg-343977
N/A,(Senior) Analytics Engineer (gn),Berlin,N/A,N/A,N/A,N/A,arbeitnow,general,employer,N/A,N/A,N/A,remote,HIGH,Yes,Pre-classified by arbeitnow scraper,"Deine Aufgaben Die Bikeleasing-Gruppe hat sich zu einer führenden Unternehmensgruppe für Arbeitgeber-Benefits und Mobilitätslösungen entwickelt. Sie umfasst fünf spezialisierte Unternehmen, darunter M...",listing_page,No,https://www.arbeitnow.com/jobs/companies/bikeleasing-service-gmbh-co-kg/senior-analytics-engineer-gn-berlin-72526
N/A,Senior Analytics Engineer (gn),Berlin,N/A,N/A,N/A,N/A,arbeitnow,general,employer,N/A,N/A,N/A,remote,HIGH,Yes,Pre-classified by arbeitnow scraper,"Your mission The Bikeleasing Group has developed into a leading group of companies for employer benefits and mobility solutions. It comprises five specialized companies, including multi-benefit provid...",listing_page,No,https://www.arbeitnow.com/jobs/companies/bikeleasing-service-gmbh-co-kg/senior-analytics-engineer-gn-berlin-158891
N/A,Fullstack Softwareentwickler (m/w/d),Braunschweig,N/A,N/A,N/A,N/A,arbeitnow,general,employer,N/A,N/A,N/A,remote,HIGH,Yes,Pre-classified by arbeitnow scraper,Möchtest du moderne Anwendungen ganzheitlich entwickeln – vom Backend über APIs bis hin zum Frontend? Arbeitest du gerne mit skalierbaren Architekturen und fühlst dich in agilen Teams wohl? Dann könnt...,listing_page,No,https://www.arbeitnow.com/jobs/companies/tecfox-gmbh/fullstack-softwareentwickler-braunschweig-405178
N/A,E-Commerce Developer (m/w/d),Mannheim,N/A,N/A,N/A,N/A,arbeitnow,general,employer,N/A,N/A,N/A,remote,HIGH,Yes,Pre-classified by arbeitnow scraper,"Zur Verstärkung unseres Teams im Bereich Customer Experience und E-Commerce suchen wir einen E-Commerce Developer (m/w/d) mit Schwerpunkt SAP Commerce, der/die mit technischem Know-how und Eigeninitia...",listing_page,No,https://www.arbeitnow.com/jobs/companies/avvale-gmbh/e-commerce-developer-mannheim-384032
N/A,Frontend Softwareentwickler (m/w/d),Braunschweig,N/A,N/A,N/A,N/A,arbeitnow,general,employer,N/A,N/A,N/A,remote,HIGH,Yes,Pre-classified by arbeitnow scraper,"Begeisterst du dich für moderne Webinterfaces, sauber strukturierten Code und performante Single-Page-Anwendungen? Dann könnte TecFox genau das richtige Unternehmen für dich sein. Als zukunftsorientie...",listing_page,No,https://www.arbeitnow.com/jobs/companies/tecfox-gmbh/frontend-softwareentwickler-braunschweig-341792
N/A,"Online-Redakteur:in (m/w/d) - Minijob (Remote, LinkedIn & Personal Branding)",Cologne,N/A,N/A,N/A,N/A,arbeitnow,general,employer,N/A,N/A,N/A,remote,HIGH,Yes,Pre-classified by arbeitnow scraper,"Unser Tochterunternehmen ""WhyWords"" arbeitet an der Schnittstelle von Positionierung, Inhalt und Wirkung - mit klarem Fokus auf LinkedIn. Unsere Kund:innen sind keine anonymen Marken, sondern Persönli...",listing_page,No,https://www.arbeitnow.com/jobs/companies/kiwimo-product-gmbh/online-redakteurin-minijob-remote-linkedin-personal-branding-cologne-430416
N/A,"KI Content Creator (Remote, 16-20h/Woche, Werkstudent/in m/w/d)",Düsseldorf,N/A,N/A,N/A,N/A,arbeitnow,general,employer,N/A,N/A,N/A,remote,HIGH,Yes,Pre-classified by arbeitnow scraper,"Die ParkEfficient GmbH ist ein Softwareunternehmen für digitales Park- und Arbeitsplatzmanagement. Mit ParkEfficient und OfficeEfficient helfen wir Unternehmen, Flächen effizienter zu nutzen, Prozesse...",listing_page,No,https://www.arbeitnow.com/jobs/companies/parkefficient/ki-content-creator-remote-dusseldorf-129693
N/A,Shopify Senior Backend Engineer / Java -  (Spring Boot 3) (GCP / Azure / AWS) - remote in EU,Hamburg,N/A,N/A,N/A,N/A,arbeitnow,general,employer,N/A,N/A,N/A,remote,HIGH,Yes,Pre-classified by arbeitnow scraper,"At Pathway Solutions GmbH , we're on a mission to automate accounting for E-Commerce and SaaS companies. Our goal is to free 10,000 entrepreneurs from the burden of manual bookkeeping so they can focu...",listing_page,No,https://www.arbeitnow.com/jobs/companies/pathway-solutions-gmbh/shopify-senior-backend-engineer-java-spring-boot-3-gcp-azure-aws-remote-in-eu-hamburg-416468
N/A,Senior Fullstack Entwickler (alle Geschlechter),Fulda,N/A,N/A,N/A,N/A,arbeitnow,general,employer,N/A,N/A,N/A,remote,HIGH,Yes,Pre-classified by arbeitnow scraper,"Aufgaben Du entwickelst kundenspezifische Lösungen im Bereich Dokumentenmanagement und Prozessautomatisierung – im Backend (Java) und Frontend (moderne Web-Technologien) Die Arbeit mit Anwendungen, di...",listing_page,No,https://www.arbeitnow.com/jobs/companies/it-novum/senior-fullstack-entwickler-alle-geschlechter-fulda-383482
N/A,Fullstack-Developer*in (m/w/d) Web & AI Automation,Nuremberg,N/A,N/A,N/A,N/A,arbeitnow,general,employer,N/A,N/A,N/A,remote,HIGH,Yes,Pre-classified by arbeitnow scraper,"Vollzeit oder Teilzeit. Hybrid bis zu 100% Remote. Du brennst für moderne Webtechnologien und verstehst KI nicht nur als Schreibhilfe, sondern als mächtiges Werkzeug in der Softwareentwicklung? Dann g...",listing_page,No,https://www.arbeitnow.com/jobs/companies/neobird-digital/fullstack-developerin-web-ai-automation-nuremberg-157752
N/A,SAP HCM Berater:in,Frankfurt am Main,N/A,N/A,N/A,N/A,arbeitnow,general,employer,N/A,N/A,N/A,remote,HIGH,Yes,Pre-classified by arbeitnow scraper,"Aufgaben SAP HCM Berater:in (m/w/d) gesucht - Deutschlandweit | 100% Remote Sind Sie ein erfahrener SAP HCM Berater:in? Unser Klient, ein international tätiges Beratungshaus, sucht dringend nach Berat...",listing_page,No,https://www.arbeitnow.com/jobs/companies/pertemps-erp/sap-hcm-beraterin-frankfurt-am-main-4086
N/A,SAP SD/MM Consultant,Frankfurt am Main,N/A,N/A,N/A,N/A,arbeitnow,general,employer,N/A,N/A,N/A,remote,HIGH,Yes,Pre-classified by arbeitnow scraper,"Wie stehen Sie zu einer neuen Herausforderung als SAP SD/MM Consultant? Lust in SAP Public Cloud zu arbeiten? Einer unserer Stammkunden, ein internationales Beratungshaus, sucht zum nächstmöglichen Ze...",listing_page,No,https://www.arbeitnow.com/jobs/companies/pertemps-erp/sap-sd-mm-consultant-frankfurt-am-main-315482
N/A,SAP Senior ABAP Entwickler,Frankfurt am Main,N/A,N/A,N/A,N/A,arbeitnow,general,employer,N/A,N/A,N/A,remote,HIGH,Yes,Pre-classified by arbeitnow scraper,"Gehalt : bis zu 100,000 Euro (abhängig von der Erfahrung) Sprachen : Deutsch (C1) und Englisch von Vorteil Meine Kunde, ein sehr wohlbekanntes Beratungshaus (SAP GOLD PARTNER) in Deutschland sucht mom...",listing_page,No,https://www.arbeitnow.com/jobs/companies/pertemps-erp/sap-senior-abap-entwickler-frankfurt-am-main-131179
N/A,Werkstudent (m/w/d) für die Weiterentwicklung der Betriebsmitteldatenbank in der Anlagenzertifizierung nach VDE-AR-N 4110 - REMOTE,Meldorf,N/A,N/A,N/A,N/A,arbeitnow,general,employer,N/A,N/A,N/A,remote,HIGH,Yes,Pre-classified by arbeitnow scraper,"Mitten im (Master-)Studium und so langsam wird’s Zeit für dich, praktische Erfahrungen zu sammeln? Dann komm zu uns ins Team, schnuppere motivierende Startup-Luft und hilf uns bei unserer Mission, ein...",listing_page,No,https://www.arbeitnow.com/jobs/companies/carbonfreed-gmbh/werkstudent-fur-die-weiterentwicklung-der-betriebsmitteldatenbank-in-der-anlagenzertifizierung-nach-vde-ar-n-4110-remote-meldorf-449978
N/A,Lead Consultant (m/w/d) SAP Data Engineering,Hamburg,N/A,N/A,N/A,N/A,arbeitnow,general,employer,N/A,N/A,N/A,remote,HIGH,Yes,Pre-classified by arbeitnow scraper,Seit über 25 Jahren verwandeln wir bei der Windhoff Group Daten in echte Geschäftschancen – von klassischer Business Intelligence bis zur KI-getriebenen Automatisierung. Dabei denken wir ganzheitlich:...,listing_page,No,https://www.arbeitnow.com/jobs/companies/windhoff-group/lead-consultant-sap-data-engineering-hamburg-133254
N/A,Performance Marketing (SEA/PPC) Manager (all genders),Hamburg,N/A,N/A,N/A,N/A,arbeitnow,general,employer,N/A,N/A,N/A,remote,HIGH,Yes,Pre-classified by arbeitnow scraper,"Wir sind die xpose360 GmbH, eine international agierende Online-Marketing-Agentur und stolzes Mitglied der 450 Kopf-starken Agentur-Gruppe „MAI Marketing. Automation. Intelligence.“. Unser Fokus liegt...",listing_page,No,https://www.arbeitnow.com/jobs/companies/mai-group/performance-marketing-sea-ppc-manager-all-genders-hamburg-164260
N/A,Intern/Praktikant - Startup Scout & Dealflow Manager (w/m/d),Lietzow,N/A,N/A,N/A,N/A,arbeitnow,general,employer,N/A,N/A,N/A,remote,HIGH,Yes,Pre-classified by arbeitnow scraper,"Der Founders Bay Impact Accelerator ist ein intensives, sechsmonatiges Vollzeitprogramm für Startup-Teams, das zweimal im Jahr stattfindet. Als Pioniere in der Förderung von Startups auch abseits der ...",listing_page,No,https://www.arbeitnow.com/jobs/companies/founders-bay/intern-praktikant-startup-scout-dealflow-manager-lietzow-94839
N/A,Werkstudentin / Praktikantin Marketing & Growth (m/w/d),Kassel,N/A,N/A,N/A,N/A,arbeitnow,general,employer,N/A,N/A,N/A,remote,HIGH,Yes,Pre-classified by arbeitnow scraper,"Werkstudentin / Praktikantin Marketing & Growth (m/w/d) SEO | Social Media | Wix Website | Leadgenerierung 📍 Remote / flexibel | Start: ab sofort Aufgaben Deine Aufgaben (Marketing, SEO & Growth) Webs...",listing_page,No,https://www.arbeitnow.com/jobs/companies/plus-placement-gmbh/werkstudentin-praktikantin-marketing-growth-kassel-488787
N/A,Head of Marketing (w/m/d) – AWS & Cloud Consulting,Hanover,N/A,N/A,N/A,N/A,arbeitnow,general,employer,N/A,N/A,N/A,remote,HIGH,Yes,Pre-classified by arbeitnow scraper,Jobbeschreibung Ambitious. Appreciative. Together - that's tecRacer! Als Head of Marketing (w/m/d) bei der tecRacer Germany GmbH übernimmst du die strategische und operative Gesamtverantwortung für un...,listing_page,No,https://www.arbeitnow.com/jobs/companies/tecracer-germany-gmbh/head-of-marketing-aws-cloud-consulting-hanover-298308
N/A,UGC Creator (m/w/d) - Fashion & Handtaschen,Stade,N/A,N/A,N/A,N/A,arbeitnow,general,employer,N/A,N/A,N/A,remote,HIGH,Yes,Pre-classified by arbeitnow scraper,"Du liebst es, vor der Kamera zu stehen, Taschen in Szene zu setzen & Reels zu produzieren, die hängen bleiben? Perfekt. Bei MAKANI – einem wachsenden E-Commerce-Brand im Fashion-Bereich mit Fokus auf ...",listing_page,No,https://www.arbeitnow.com/jobs/companies/makani-gmbh/ugc-creator-fashion-handtaschen-stade-7541
N/A,Ex Steuerfachangestellter / Digitaler Buchhalter im SaaS (m/w/d) - Finanzbranche - DATEV - remote,Hamburg,N/A,N/A,N/A,N/A,arbeitnow,general,employer,N/A,N/A,N/A,remote,HIGH,Yes,Pre-classified by arbeitnow scraper,"Wir von pathway solutions haben ein klares Ziel: Die Buchhaltung gemeinsam mit dir zu revolutionieren! Ob Shopify-Startups oder SaaS-Unternehmen – unsere Software automatisiert Buchhaltungsprozesse, d...",listing_page,No,https://www.arbeitnow.com/jobs/companies/pathway-solutions-gmbh/ex-steuerfachangestellter-digitaler-buchhalter-im-saas-finanzbranche-datev-remote-hamburg-258377
N/A,Kundensupport / Onboarding - Finanzbranche - DATEV - remote,Hamburg,N/A,N/A,N/A,N/A,arbeitnow,general,employer,N/A,N/A,N/A,remote,HIGH,Yes,Pre-classified by arbeitnow scraper,"Wir von pathway solutions haben ein klares Ziel: Die Buchhaltung gemeinsam mit dir zu revolutionieren! Ob Shopify-Startups oder SaaS-Unternehmen – unsere Software automatisiert Buchhaltungsprozesse, d...",listing_page,No,https://www.arbeitnow.com/jobs/companies/pathway-solutions-gmbh/kundensupport-onboarding-demo-calls-finanzbranche-datev-remote-hamburg-323890
N/A,Produkt-Test Koordinator (remote) auf freier Mitarbeit,Hamburg,N/A,N/A,N/A,N/A,arbeitnow,general,employer,N/A,N/A,N/A,remote,HIGH,Yes,Pre-classified by arbeitnow scraper,"Hast du Lust, Teil unseres Teams zu werden? Wir suchen motivierte Unterstützungskräfte für unser spannendes Produkt-Testing Projekt! Diese Position ist perfekt für all diejenigen, die nach einer flexi...",listing_page,No,https://www.arbeitnow.com/jobs/companies/verisana/produkt-test-koordinator-remote-auf-freier-mitarbeit-hamburg-260313
N/A,Freelance-Berater (m/w/d) SAP Solution Manager & Focused Build,Berlin,N/A,N/A,N/A,N/A,arbeitnow,general,employer,N/A,N/A,N/A,remote,HIGH,Yes,Pre-classified by arbeitnow scraper,"Die Cross ALM GmbH ist eine spezialisierte SAP-Beratung mit Fokus auf Application Lifecycle Management. Wir unterstützen unsere Kunden bei der Einführung, dem Betrieb und der Weiterentwicklung ihrer S...",listing_page,No,https://www.arbeitnow.com/jobs/companies/cross-alm/freelance-berater-sap-solution-manager-focused-build-berlin-194860
N/A,IT-Projektkoordinator (m/w/d) Kernbanksysteme,Bremen,N/A,N/A,N/A,N/A,arbeitnow,general,employer,N/A,N/A,N/A,remote,HIGH,Yes,Pre-classified by arbeitnow scraper,"Komm an Bord unserer FINNOFLEET Crew Von Testing über Projektkoordination bis Kundensupport – du hältst die Fäden zusammen? Dann bring deine Stärken in unsere Banking-IT-Projekte ein und sorge dafür, ...",listing_page,No,https://www.arbeitnow.com/jobs/companies/finnofleet-engram-gmbh/it-projektkoordinator-kernbanksysteme-bremen-31861
