id,title,location,category,price,poster,date_posted,source,vertical,poster_type,subject_category,instruction_lang,level,classification,confidence,is_remote,reasoning,description_preview,description_source,was_reanalyzed,url
N/A,Cherche Cours d'arabe à Bourg-en-Bresse,France,N/A,N/A,N/A,N/A,allovoisins,general,unknown,N/A,N/A,N/A,on-site,MEDIUM,No,"NLP Analysis: Ambiguous signals (remote: 0, onsite: 0)",N/A,listing_page,No,https://www.allovoisins.com/v/cours-d-arabe
N/A,Acheter une plante d'extérieur / plan de légume - Dénezé-sous-Doué,France,N/A,1€,N/A,N/A,allovoisins,general,unknown,N/A,N/A,N/A,on-site,MEDIUM,No,"NLP Analysis: Ambiguous signals (remote: 0, onsite: 0)",Plante d'extérieur / Plan de légume Dénezé-sous-Doué,detail_page,No,https://www.allovoisins.com/r/613/14/25920/0/location-Plante-d-exterieur-plan-de-legume-Deneze-sous-doue
N/A,Louer une surfaceuse ponceuse de sol - Notre-Dame-de-Riez,France,N/A,41€,N/A,N/A,allovoisins,general,unknown,N/A,N/A,N/A,on-site,MEDIUM,No,"NLP Analysis: Ambiguous signals (remote: 0, onsite: 0)",Durée : 1 jour,detail_page,No,https://www.allovoisins.com/r/279/3/42538/0/location-Surfaceuse-ponceuse-de-sol-Notre-dame-de-riez
N/A,Louer un nettoyeur haute pression / karcher - Envermeu,France,N/A,19€,N/A,N/A,allovoisins,general,unknown,N/A,N/A,N/A,on-site,MEDIUM,No,"NLP Analysis: Ambiguous signals (remote: 0, onsite: 0)",Durée : 1 jour,detail_page,No,https://www.allovoisins.com/r/490/11/39307/0/location-Nettoyeur-haute-pression-karcher-Envermeu
N/A,Cherche Garde périscolaire à Soulvache,France,N/A,N/A,N/A,N/A,allovoisins,general,unknown,N/A,N/A,N/A,on-site,MEDIUM,No,"NLP Analysis: Ambiguous signals (remote: 0, onsite: 0)",N/A,listing_page,No,https://www.allovoisins.com/v/garde-periscolaire
N/A,Louer un nettoyeur haute pression / karcher - Meyzieu,France,N/A,19€,N/A,N/A,allovoisins,general,unknown,N/A,N/A,N/A,on-site,MEDIUM,No,"NLP Analysis: Ambiguous signals (remote: 0, onsite: 0)",Durée : 1 jour,detail_page,No,https://www.allovoisins.com/r/490/11/36301/0/location-Nettoyeur-haute-pression-karcher-Meyzieu
N/A,Location nettoyeur haute pression / karcher - Meyzieu,France,N/A,19€,N/A,N/A,allovoisins,general,unknown,N/A,N/A,N/A,on-site,MEDIUM,No,"NLP Analysis: Ambiguous signals (remote: 0, onsite: 0)",Durée : 1 jour,detail_page,No,https://www.allovoisins.com/r/490/11/36301/0/location-Nettoyeur-haute-pression-karcher-Meyzieu
N/A,Location siège auto - Montesson,France,N/A,1€,N/A,N/A,allovoisins,general,unknown,N/A,N/A,N/A,on-site,MEDIUM,No,"NLP Analysis: Ambiguous signals (remote: 0, onsite: 0)",Durée : 1 jour,detail_page,No,https://www.allovoisins.com/r/4183/71/40200/0/location-Siege-auto-Montesson
N/A,Location siège auto - Montesson,France,N/A,1€,N/A,N/A,allovoisins,general,unknown,N/A,N/A,N/A,on-site,MEDIUM,No,"NLP Analysis: Ambiguous signals (remote: 0, onsite: 0)",Durée : 1 jour,detail_page,No,https://www.allovoisins.com/r/4183/71/40200/0/location-Siege-auto-Montesson
N/A,Cherche Cours de guitare à Chevreuse,France,N/A,N/A,N/A,N/A,allovoisins,general,unknown,N/A,N/A,N/A,on-site,MEDIUM,No,"NLP Analysis: Ambiguous signals (remote: 0, onsite: 0)",N/A,listing_page,No,https://www.allovoisins.com/r/0/234/0/0/service/Cours-de-guitare
N/A,Location tondeuse à gazon - Quint-Fonsegrives,France,N/A,15€,N/A,N/A,allovoisins,general,unknown,N/A,N/A,N/A,on-site,MEDIUM,No,"NLP Analysis: Ambiguous signals (remote: 0, onsite: 0)",Durée : 1 jour,detail_page,No,https://www.allovoisins.com/r/529/11/18855/0/location-Tondeuse-a-gazon-Quint-fonsegrives
N/A,Location niveau laser sur pied - Croix,France,N/A,15€,N/A,N/A,allovoisins,general,unknown,N/A,N/A,N/A,on-site,MEDIUM,No,"NLP Analysis: Ambiguous signals (remote: 0, onsite: 0)",Durée : 3 jours,detail_page,No,https://www.allovoisins.com/r/341/6/30761/0/location-Niveau-laser-sur-pied-Croix
N/A,Location maison / villa - Vigneux-sur-Seine,France,N/A,500€,N/A,N/A,allovoisins,general,unknown,N/A,N/A,N/A,on-site,MEDIUM,No,NLP Analysis: Strong on-site indicators (score: 2 vs 0),Durée : 365 jours,detail_page,No,https://www.allovoisins.com/r/4343/87/43871/0/location-Maison-villa-Vigneux-sur-seine
N/A,Location echelle - Saint-Alban,France,N/A,16€,N/A,N/A,allovoisins,general,unknown,N/A,N/A,N/A,on-site,MEDIUM,No,"NLP Analysis: Ambiguous signals (remote: 0, onsite: 0)",Durée : 1 jour,detail_page,No,https://www.allovoisins.com/r/289/4/18861/0/location-Echelle-Saint-alban
N/A,Location table (evènementiel) - Couëron,France,N/A,10€,N/A,N/A,allovoisins,general,unknown,N/A,N/A,N/A,on-site,MEDIUM,No,"NLP Analysis: Ambiguous signals (remote: 0, onsite: 0)",Durée : 1 jour,detail_page,No,https://www.allovoisins.com/r/1400/25/24144/0/location-Table-evenementiel-Coueron
N/A,Louer un box fermé / parking fermé / garage fermé - Le Neubourg,France,N/A,50€,N/A,N/A,allovoisins,general,unknown,N/A,N/A,N/A,on-site,MEDIUM,No,"NLP Analysis: Ambiguous signals (remote: 0, onsite: 0)",Durée : 365 jours,detail_page,No,https://www.allovoisins.com/r/4354/93/17035/0/location-Box-ferme-parking-ferme-garage-ferme-Le-neubourg
N/A,Louer une shampouineuse - Cugnaux,France,N/A,15€,N/A,N/A,allovoisins,general,unknown,N/A,N/A,N/A,on-site,MEDIUM,No,"NLP Analysis: Ambiguous signals (remote: 0, onsite: 0)",Durée : 1 jour,detail_page,No,https://www.allovoisins.com/r/199/2/18989/0/location-Shampouineuse-Cugnaux
N/A,Recherche Clôture Grillage à Sommepy-Tahure,France,N/A,N/A,N/A,N/A,allovoisins,general,unknown,N/A,N/A,N/A,on-site,MEDIUM,No,"NLP Analysis: Ambiguous signals (remote: 0, onsite: 0)",N/A,listing_page,No,https://www.allovoisins.com/v/cloture-grillage
N/A,Louer une fourgonette 9/12 m3 - Perpignan,France,N/A,30€,N/A,N/A,allovoisins,general,unknown,N/A,N/A,N/A,on-site,MEDIUM,No,"NLP Analysis: Ambiguous signals (remote: 0, onsite: 0)",Durée : 1 jour,detail_page,No,https://www.allovoisins.com/r/4208/78/34962/0/location-Fourgonette-9-12-m3-Perpignan
N/A,Location château gonflable (matériel d'animation) - Montlhéry,France,N/A,100€,N/A,N/A,allovoisins,general,unknown,N/A,N/A,N/A,on-site,MEDIUM,No,"NLP Analysis: Ambiguous signals (remote: 0, onsite: 0)",Durée : 1 jour,detail_page,No,https://www.allovoisins.com/r/1470/27/46449/0/location-Chateau-gonflable-materiel-d-animation-Montlhery
N/A,Louer une remorque porte-voiture / remorque routière - Vignoux-sur-Barangeon,France,N/A,50€,N/A,N/A,allovoisins,general,unknown,N/A,N/A,N/A,on-site,MEDIUM,No,"NLP Analysis: Ambiguous signals (remote: 0, onsite: 0)",Durée : 1 jour,detail_page,No,https://www.allovoisins.com/r/5337/79/13266/0/location-Remorque-porte-voiture-remorque-routiere-Vignoux-sur-barangeon
N/A,Louer un jeu gonflable / structure gonflable - Clapiers,France,N/A,50€,N/A,N/A,allovoisins,general,unknown,N/A,N/A,N/A,on-site,MEDIUM,No,"NLP Analysis: Ambiguous signals (remote: 0, onsite: 0)",Durée : 1 jour,detail_page,No,https://www.allovoisins.com/r/1497/27/20777/0/location-Jeu-gonflable-structure-gonflable-Clapiers
N/A,Location coiffeuse (mobilier) - Trappes,France,N/A,20€,N/A,N/A,allovoisins,general,unknown,N/A,N/A,N/A,on-site,MEDIUM,No,"NLP Analysis: Ambiguous signals (remote: 0, onsite: 0)",Durée : 1 jour,detail_page,No,https://www.allovoisins.com/r/989/19/40146/0/location-Coiffeuse-mobilier-Trappes
N/A,Louer une tonnelle - Couëron,France,N/A,15€,N/A,N/A,allovoisins,general,unknown,N/A,N/A,N/A,on-site,MEDIUM,No,"NLP Analysis: Ambiguous signals (remote: 0, onsite: 0)",Durée : 1 jour,detail_page,No,https://www.allovoisins.com/r/582/12/24144/0/location-Tonnelle-Coueron
N/A,Acheter une tv connectée - Orly,France,N/A,100€,N/A,N/A,allovoisins,general,unknown,N/A,N/A,N/A,on-site,MEDIUM,No,"NLP Analysis: Ambiguous signals (remote: 0, onsite: 0)",N/A,listing_page,No,https://www.allovoisins.com/r/1797/32/66099/0/location-Tv-connectee-Orly
N/A,Louer une tondeuse à gazon - Quint-Fonsegrives,France,N/A,15€,N/A,N/A,allovoisins,general,unknown,N/A,N/A,N/A,on-site,MEDIUM,No,"NLP Analysis: Ambiguous signals (remote: 0, onsite: 0)",Durée : 1 jour,detail_page,No,https://www.allovoisins.com/r/529/11/18855/0/location-Tondeuse-a-gazon-Quint-fonsegrives
N/A,Location destructeur de documents - La Baule-Escoublac,France,N/A,8€,N/A,N/A,allovoisins,general,unknown,N/A,N/A,N/A,on-site,MEDIUM,No,"NLP Analysis: Ambiguous signals (remote: 0, onsite: 0)",Durée : 1 jour,detail_page,No,https://www.allovoisins.com/r/5221/35/43085/0/location-Destructeur-de-documents-La-baule-escoublac
N/A,Location tonnelle - Saint-Août,France,N/A,50€,N/A,N/A,allovoisins,general,unknown,N/A,N/A,N/A,on-site,MEDIUM,No,"NLP Analysis: Ambiguous signals (remote: 0, onsite: 0)",Durée : 1 jour,detail_page,No,https://www.allovoisins.com/r/582/12/21197/0/location-Tonnelle-Saint-aout
N/A,Location clé (outillage) - Créteil,France,N/A,5€,N/A,N/A,allovoisins,general,unknown,N/A,N/A,N/A,on-site,MEDIUM,No,"NLP Analysis: Ambiguous signals (remote: 0, onsite: 0)",Durée : 1 jour,detail_page,No,https://www.allovoisins.com/r/45/2/43239/0/location-Cle-outillage-Creteil
N/A,Location clé (outillage) - Créteil,France,N/A,5€,N/A,N/A,allovoisins,general,unknown,N/A,N/A,N/A,on-site,MEDIUM,No,"NLP Analysis: Ambiguous signals (remote: 0, onsite: 0)",Durée : 1 jour,detail_page,No,https://www.allovoisins.com/r/45/2/43239/0/location-Cle-outillage-Creteil
N/A,Location ponceuse girafe / ponceuse à bras télescopique - Vorges-les-Pins,France,N/A,70€,N/A,N/A,allovoisins,general,unknown,N/A,N/A,N/A,on-site,MEDIUM,No,"NLP Analysis: Ambiguous signals (remote: 0, onsite: 0)",Durée : 2 jours,detail_page,No,https://www.allovoisins.com/r/5282/3/16235/0/location-Ponceuse-girafe-ponceuse-a-bras-telescopique-Vorges-les-pins
N/A,Louer une pompe (outillage) - Étuz,France,N/A,17€,N/A,N/A,allovoisins,general,unknown,N/A,N/A,N/A,on-site,MEDIUM,No,"NLP Analysis: Ambiguous signals (remote: 0, onsite: 0)",Durée : 1 jour,detail_page,No,https://www.allovoisins.com/r/156/2/36750/0/location-Pompe-outillage-Etuz
N/A,Louer une bétonnière / toupie à béton - Dohem,France,N/A,21€,N/A,N/A,allovoisins,general,unknown,N/A,N/A,N/A,on-site,MEDIUM,No,"NLP Analysis: Ambiguous signals (remote: 0, onsite: 0)",Durée : 1 jour,detail_page,No,https://www.allovoisins.com/r/228/3/33040/0/location-Betonniere-toupie-a-beton-Dohem
N/A,Location broyeur de végétaux - Payrin-Augmontel,France,N/A,30€,N/A,N/A,allovoisins,general,unknown,N/A,N/A,N/A,on-site,MEDIUM,No,"NLP Analysis: Ambiguous signals (remote: 0, onsite: 0)",Durée : 1 jour,detail_page,No,https://www.allovoisins.com/r/436/11/41856/0/location-Broyeur-de-vegetaux-Payrin-augmontel
N/A,Location broyeur de végétaux - Payrin-Augmontel,France,N/A,30€,N/A,N/A,allovoisins,general,unknown,N/A,N/A,N/A,on-site,MEDIUM,No,"NLP Analysis: Ambiguous signals (remote: 0, onsite: 0)",Durée : 1 jour,detail_page,No,https://www.allovoisins.com/r/436/11/41856/0/location-Broyeur-de-vegetaux-Payrin-augmontel
N/A,Location brosse à encoller - Marseille,France,N/A,5€,N/A,N/A,allovoisins,general,unknown,N/A,N/A,N/A,on-site,MEDIUM,No,"NLP Analysis: Ambiguous signals (remote: 0, onsite: 0)",Durée : 1 jour,detail_page,No,https://www.allovoisins.com/r/22/2/10874/0/location-Brosse-a-encoller-Marseille-15e-arrondissement
N/A,Louer un malaxeur électrique / mélangeur à peinture - Marseille,France,N/A,20€,N/A,N/A,allovoisins,general,unknown,N/A,N/A,N/A,on-site,HIGH,No,Obvious on-site work: peinture,N/A,listing_page,No,https://www.allovoisins.com/r/113/2/10874/0/location-Malaxeur-electrique-melangeur-a-peinture-Marseille-15e-arrondissement
N/A,Location machine à barbapapa - Paris,France,N/A,20€,N/A,N/A,allovoisins,general,unknown,N/A,N/A,N/A,on-site,MEDIUM,No,"NLP Analysis: Ambiguous signals (remote: 0, onsite: 0)",Durée : 1 jour,detail_page,No,https://www.allovoisins.com/r/1364/25/55521/0/location-Machine-a-barbapapa-Paris-8e-arrondissement
N/A,Louer une débroussailleuse - Montaud,France,N/A,20€,N/A,N/A,allovoisins,general,unknown,N/A,N/A,N/A,on-site,MEDIUM,No,"NLP Analysis: Ambiguous signals (remote: 0, onsite: 0)",Durée : 1 jour,detail_page,No,https://www.allovoisins.com/r/4930/11/20477/0/location-Debroussailleuse-Montaud
N/A,Location véhicule utilitaire / camionnette - Nanteau-sur-Lunain,France,N/A,30€,N/A,N/A,allovoisins,general,unknown,N/A,N/A,N/A,on-site,HIGH,No,Obvious on-site work: camion,N/A,listing_page,No,https://www.allovoisins.com/r/5142/78/40000/0/location-Vehicule-utilitaire-camionnette-Nanteau-sur-lunain
N/A,Location tondeuse à gazon - Arengosse,France,N/A,15€,N/A,N/A,allovoisins,general,unknown,N/A,N/A,N/A,on-site,MEDIUM,No,"NLP Analysis: Ambiguous signals (remote: 0, onsite: 0)",Durée : 1 jour,detail_page,No,https://www.allovoisins.com/r/529/11/22865/0/location-Tondeuse-a-gazon-Arengosse
N/A,Louer un véhicule utilitaire / camionnette - Le Mans,France,N/A,50€,N/A,N/A,allovoisins,general,unknown,N/A,N/A,N/A,on-site,HIGH,No,Obvious on-site work: camion,N/A,listing_page,No,https://www.allovoisins.com/r/5142/78/37733/0/location-Vehicule-utilitaire-camionnette-Le-mans
N/A,Louer une tondeuse à gazon - Saint-Savinien,France,N/A,10€,N/A,N/A,allovoisins,general,unknown,N/A,N/A,N/A,on-site,MEDIUM,No,"NLP Analysis: Ambiguous signals (remote: 0, onsite: 0)",Durée : 1 jour,detail_page,No,https://www.allovoisins.com/r/529/11/12736/0/location-Tondeuse-a-gazon-Saint-savinien
N/A,Louer une citadine / petite voiture / voiture économique - Porte des Pierres Dorées,France,N/A,20€,N/A,N/A,allovoisins,general,unknown,N/A,N/A,N/A,on-site,MEDIUM,No,"NLP Analysis: Ambiguous signals (remote: 0, onsite: 0)",Durée : 1 jour,detail_page,No,https://www.allovoisins.com/r/4201/75/79648/0/location-Citadine-petite-voiture-voiture-economique-Porte-des-pierres-dorees
N/A,Louer une tronçonneuse - Blanquefort,France,N/A,20€,N/A,N/A,allovoisins,general,unknown,N/A,N/A,N/A,on-site,MEDIUM,No,"NLP Analysis: Ambiguous signals (remote: 0, onsite: 0)",Durée : 1 jour,detail_page,No,https://www.allovoisins.com/r/535/11/20030/0/location-Tronconneuse-Blanquefort
N/A,Location chargeur de batterie auto moto - Paris,France,N/A,N/A,N/A,N/A,allovoisins,general,unknown,N/A,N/A,N/A,on-site,MEDIUM,No,"NLP Analysis: Ambiguous signals (remote: 0, onsite: 0)",Durée : 1 jour,detail_page,No,https://www.allovoisins.com/r/5233/79/50350/0/location-Chargeur-de-batterie-auto-moto-Paris-20e-arrondissement
N/A,Location vidûˋo projecteur - Ploemeur,France,N/A,N/A,N/A,N/A,allovoisins,general,unknown,N/A,N/A,N/A,on-site,MEDIUM,No,"NLP Analysis: Ambiguous signals (remote: 0, onsite: 0)",Durée : 1 jour,detail_page,No,https://www.allovoisins.com/r/1803/32/29347/0/location-Video-projecteur-Ploemeur
N/A,Recherche ClûÇture Grillage û Anglet,France,N/A,N/A,N/A,N/A,allovoisins,general,unknown,N/A,N/A,N/A,on-site,MEDIUM,No,"NLP Analysis: Ambiguous signals (remote: 0, onsite: 0)",N/A,listing_page,No,https://www.allovoisins.com/v/cloture-grillage
N/A,Louer un siège auto - Saint-Julien-lès-Metz,France,N/A,21€,N/A,N/A,allovoisins,general,unknown,N/A,N/A,N/A,on-site,MEDIUM,No,"NLP Analysis: Ambiguous signals (remote: 0, onsite: 0)",Durée : 5 jours,detail_page,No,https://www.allovoisins.com/r/4183/71/29534/0/location-Siege-auto-Saint-julien-les-metz
N/A,Location machine à projeter - Soubise,France,N/A,50€,N/A,N/A,allovoisins,general,unknown,N/A,N/A,N/A,on-site,MEDIUM,No,"NLP Analysis: Ambiguous signals (remote: 0, onsite: 0)",Durée : 1 jour,detail_page,No,https://www.allovoisins.com/r/252/3/12970/0/location-Machine-a-projeter-Soubise
N/A,Cherche Pension chevaux à Lapte,France,N/A,N/A,N/A,N/A,allovoisins,general,unknown,N/A,N/A,N/A,on-site,MEDIUM,No,"NLP Analysis: Ambiguous signals (remote: 0, onsite: 0)",N/A,listing_page,No,https://www.allovoisins.com/r/0/188/0/0/service/Pension-chevaux
N/A,Louer un garage - Mitry-Mory,France,N/A,50€,N/A,N/A,allovoisins,general,unknown,N/A,N/A,N/A,on-site,MEDIUM,No,"NLP Analysis: Ambiguous signals (remote: 0, onsite: 0)",Durée : 365 jours,detail_page,No,https://www.allovoisins.com/r/4356/93/39746/0/location-Garage-Mitry-mory
N/A,Acheter un plateau de table et tréteau - Labatut,France,N/A,50€,N/A,N/A,allovoisins,general,unknown,N/A,N/A,N/A,on-site,MEDIUM,No,NLP Analysis: Strong on-site indicators (score: 2 vs 0),Durée : 1 jour,detail_page,No,https://www.allovoisins.com/r/1381/25/23006/0/location-Plateau-de-table-et-treteau-Labatut
N/A,Location maison / villa - Créon,France,N/A,500€,N/A,N/A,allovoisins,general,unknown,N/A,N/A,N/A,on-site,MEDIUM,No,NLP Analysis: Strong on-site indicators (score: 2 vs 0),Durée : 365 jours,detail_page,No,https://www.allovoisins.com/r/4343/87/20293/0/location-Maison-villa-Creon
N/A,Louer une tondeuse à gazon - Saint-Apollinaire,France,N/A,15€,N/A,N/A,allovoisins,general,unknown,N/A,N/A,N/A,on-site,MEDIUM,No,"NLP Analysis: Ambiguous signals (remote: 0, onsite: 0)",Durée : 1 jour,detail_page,No,https://www.allovoisins.com/r/529/11/8094/0/location-Tondeuse-a-gazon-Saint-apollinaire
N/A,Cherche Clôture Grillage à Lons,France,N/A,N/A,N/A,N/A,allovoisins,general,unknown,N/A,N/A,N/A,on-site,MEDIUM,No,"NLP Analysis: Ambiguous signals (remote: 0, onsite: 0)",N/A,listing_page,No,https://www.allovoisins.com/v/cloture-grillage
N/A,Don chaudière - Tarbes,France,N/A,N/A,N/A,N/A,allovoisins,general,unknown,N/A,N/A,N/A,on-site,MEDIUM,No,"NLP Analysis: Ambiguous signals (remote: 0, onsite: 0)",N/A,listing_page,No,https://www.allovoisins.com/r/306/5/34474/0/location-Chaudiere-Tarbes
N/A,Acheter des chutes - matériaux de récupération - Nice,France,N/A,1€,N/A,N/A,allovoisins,general,unknown,N/A,N/A,N/A,on-site,MEDIUM,No,"NLP Analysis: Ambiguous signals (remote: 0, onsite: 0)",N/A,listing_page,No,https://www.allovoisins.com/r/5572/3/8228/0/location-Chutes-materiaux-de-recuperation-Nice
N/A,Louer un siège auto - Saint-Julien-lès-Metz,France,N/A,21€,N/A,N/A,allovoisins,general,unknown,N/A,N/A,N/A,on-site,MEDIUM,No,"NLP Analysis: Ambiguous signals (remote: 0, onsite: 0)",Durée : 5 jours,detail_page,No,https://www.allovoisins.com/r/0/71/0/0/location-vente/Materiel-de-puericulture
N/A,Cherche Pension chevaux à Lapte,France,N/A,N/A,N/A,N/A,allovoisins,general,unknown,N/A,N/A,N/A,on-site,MEDIUM,No,"NLP Analysis: Ambiguous signals (remote: 0, onsite: 0)",N/A,listing_page,No,https://www.allovoisins.com/r/0/188/0/0/service/Pension-chevaux
N/A,Acheter un plateau de table et tréteau - Labatut,France,N/A,50€,N/A,N/A,allovoisins,general,unknown,N/A,N/A,N/A,on-site,MEDIUM,No,NLP Analysis: Strong on-site indicators (score: 2 vs 0),Durée : 1 jour,detail_page,No,https://www.allovoisins.com/r/0/25/0/0/location-vente/Equipement
N/A,Location maison / villa - Créon,France,N/A,500€,N/A,N/A,allovoisins,general,unknown,N/A,N/A,N/A,on-site,MEDIUM,No,NLP Analysis: Strong on-site indicators (score: 2 vs 0),Durée : 365 jours,detail_page,No,https://www.allovoisins.com/r/0/87/0/0/location-vente/Maison
N/A,Louer un siège auto - Saint-Julien-lès-Metz,France,N/A,21€,N/A,N/A,allovoisins,general,unknown,N/A,N/A,N/A,on-site,MEDIUM,No,"NLP Analysis: Ambiguous signals (remote: 0, onsite: 0)",Durée : 5 jours,detail_page,No,https://www.allovoisins.com/r/0/71/0/0/location-vente/Materiel-de-puericulture
N/A,Cherche Pension chevaux à Lapte,France,N/A,N/A,N/A,N/A,allovoisins,general,unknown,N/A,N/A,N/A,on-site,MEDIUM,No,"NLP Analysis: Ambiguous signals (remote: 0, onsite: 0)",N/A,listing_page,No,https://www.allovoisins.com/r/0/188/0/0/service/Pension-chevaux
N/A,Acheter un plateau de table et tréteau - Labatut,France,N/A,50€,N/A,N/A,allovoisins,general,unknown,N/A,N/A,N/A,on-site,MEDIUM,No,NLP Analysis: Strong on-site indicators (score: 2 vs 0),Durée : 1 jour,detail_page,No,https://www.allovoisins.com/r/0/25/0/0/location-vente/Equipement
N/A,Location maison / villa - Créon,France,N/A,500€,N/A,N/A,allovoisins,general,unknown,N/A,N/A,N/A,on-site,MEDIUM,No,NLP Analysis: Strong on-site indicators (score: 2 vs 0),Durée : 365 jours,detail_page,No,https://www.allovoisins.com/r/0/87/0/0/location-vente/Maison
N/A,Louer un siège auto - Saint-Julien-lès-Metz,France,N/A,21€,N/A,N/A,allovoisins,general,unknown,N/A,N/A,N/A,on-site,MEDIUM,No,"NLP Analysis: Ambiguous signals (remote: 0, onsite: 0)",Durée : 5 jours,detail_page,No,https://www.allovoisins.com/r/0/71/0/0/location-vente/Materiel-de-puericulture
N/A,Cherche Pension chevaux à Lapte,France,N/A,N/A,N/A,N/A,allovoisins,general,unknown,N/A,N/A,N/A,on-site,MEDIUM,No,"NLP Analysis: Ambiguous signals (remote: 0, onsite: 0)",N/A,listing_page,No,https://www.allovoisins.com/r/0/188/0/0/service/Pension-chevaux
N/A,Acheter un plateau de table et tréteau - Labatut,France,N/A,50€,N/A,N/A,allovoisins,general,unknown,N/A,N/A,N/A,on-site,MEDIUM,No,NLP Analysis: Strong on-site indicators (score: 2 vs 0),Durée : 1 jour,detail_page,No,https://www.allovoisins.com/r/0/25/0/0/location-vente/Equipement
N/A,Location maison / villa - Créon,France,N/A,500€,N/A,N/A,allovoisins,general,unknown,N/A,N/A,N/A,on-site,MEDIUM,No,NLP Analysis: Strong on-site indicators (score: 2 vs 0),Durée : 365 jours,detail_page,No,https://www.allovoisins.com/r/0/87/0/0/location-vente/Maison
N/A,Recherche Clôture Grillage à Sommepy-Tahure,France,N/A,N/A,N/A,N/A,allovoisins,general,unknown,N/A,N/A,N/A,on-site,MEDIUM,No,"NLP Analysis: Ambiguous signals (remote: 0, onsite: 0)",N/A,listing_page,No,https://www.allovoisins.com/v/cloture-grillage
N/A,Location château gonflable (matériel d'animation) - Montlhéry,France,N/A,100€,N/A,N/A,allovoisins,general,unknown,N/A,N/A,N/A,on-site,MEDIUM,No,"NLP Analysis: Ambiguous signals (remote: 0, onsite: 0)",Durée : 1 jour,detail_page,No,https://www.allovoisins.com/r/0/27/0/0/location-vente/Jeux-materiel-d-animation
N/A,Louer un siège auto - Saint-Julien-lès-Metz,France,N/A,21€,N/A,N/A,allovoisins,general,unknown,N/A,N/A,N/A,on-site,MEDIUM,No,"NLP Analysis: Ambiguous signals (remote: 0, onsite: 0)",Durée : 5 jours,detail_page,No,https://www.allovoisins.com/r/0/71/0/0/location-vente/Materiel-de-puericulture
N/A,Cherche Pension chevaux à Lapte,France,N/A,N/A,N/A,N/A,allovoisins,general,unknown,N/A,N/A,N/A,on-site,MEDIUM,No,"NLP Analysis: Ambiguous signals (remote: 0, onsite: 0)",N/A,listing_page,No,https://www.allovoisins.com/r/0/188/0/0/service/Pension-chevaux
N/A,Acheter un plateau de table et tréteau - Labatut,France,N/A,50€,N/A,N/A,allovoisins,general,unknown,N/A,N/A,N/A,on-site,MEDIUM,No,NLP Analysis: Strong on-site indicators (score: 2 vs 0),Durée : 1 jour,detail_page,No,https://www.allovoisins.com/r/0/25/0/0/location-vente/Equipement
N/A,Location maison / villa - Créon,France,N/A,500€,N/A,N/A,allovoisins,general,unknown,N/A,N/A,N/A,on-site,MEDIUM,No,NLP Analysis: Strong on-site indicators (score: 2 vs 0),Durée : 365 jours,detail_page,No,https://www.allovoisins.com/r/0/87/0/0/location-vente/Maison
N/A,Recherche Clôture Grillage à Sommepy-Tahure,France,N/A,N/A,N/A,N/A,allovoisins,general,unknown,N/A,N/A,N/A,on-site,MEDIUM,No,"NLP Analysis: Ambiguous signals (remote: 0, onsite: 0)",N/A,listing_page,No,https://www.allovoisins.com/v/cloture-grillage
N/A,Location château gonflable (matériel d'animation) - Montlhéry,France,N/A,100€,N/A,N/A,allovoisins,general,unknown,N/A,N/A,N/A,on-site,MEDIUM,No,"NLP Analysis: Ambiguous signals (remote: 0, onsite: 0)",Durée : 1 jour,detail_page,No,https://www.allovoisins.com/r/0/27/0/0/location-vente/Jeux-materiel-d-animation
N/A,Recherche Clôture Grillage à Sommepy-Tahure,France,N/A,N/A,N/A,N/A,allovoisins,general,unknown,N/A,N/A,N/A,on-site,MEDIUM,No,"NLP Analysis: Ambiguous signals (remote: 0, onsite: 0)",N/A,listing_page,No,https://www.allovoisins.com/v/cloture-grillage
N/A,Location château gonflable (matériel d'animation) - Montlhéry,France,N/A,100€,N/A,N/A,allovoisins,general,unknown,N/A,N/A,N/A,on-site,MEDIUM,No,"NLP Analysis: Ambiguous signals (remote: 0, onsite: 0)",Durée : 1 jour,detail_page,No,https://www.allovoisins.com/r/0/27/0/0/location-vente/Jeux-materiel-d-animation
N/A,Louer un siège auto - Saint-Julien-lès-Metz,France,N/A,21€,N/A,N/A,allovoisins,general,unknown,N/A,N/A,N/A,on-site,MEDIUM,No,"NLP Analysis: Ambiguous signals (remote: 0, onsite: 0)",Durée : 5 jours,detail_page,No,https://www.allovoisins.com/r/0/71/0/0/location-vente/Materiel-de-puericulture
N/A,Cherche Pension chevaux à Lapte,France,N/A,N/A,N/A,N/A,allovoisins,general,unknown,N/A,N/A,N/A,on-site,MEDIUM,No,"NLP Analysis: Ambiguous signals (remote: 0, onsite: 0)",N/A,listing_page,No,https://www.allovoisins.com/r/0/188/0/0/service/Pension-chevaux
N/A,Acheter un plateau de table et tréteau - Labatut,France,N/A,50€,N/A,N/A,allovoisins,general,unknown,N/A,N/A,N/A,on-site,MEDIUM,No,NLP Analysis: Strong on-site indicators (score: 2 vs 0),Durée : 1 jour,detail_page,No,https://www.allovoisins.com/r/0/25/0/0/location-vente/Equipement
N/A,Location maison / villa - Créon,France,N/A,500€,N/A,N/A,allovoisins,general,unknown,N/A,N/A,N/A,on-site,MEDIUM,No,NLP Analysis: Strong on-site indicators (score: 2 vs 0),Durée : 365 jours,detail_page,No,https://www.allovoisins.com/r/0/87/0/0/location-vente/Maison
N/A,Louer un siège auto - Saint-Julien-lès-Metz,France,N/A,21€,N/A,N/A,allovoisins,general,unknown,N/A,N/A,N/A,on-site,MEDIUM,No,"NLP Analysis: Ambiguous signals (remote: 0, onsite: 0)",Durée : 5 jours,detail_page,No,https://www.allovoisins.com/r/0/71/0/0/location-vente/Materiel-de-puericulture
N/A,Cherche Pension chevaux à Lapte,France,N/A,N/A,N/A,N/A,allovoisins,general,unknown,N/A,N/A,N/A,on-site,MEDIUM,No,"NLP Analysis: Ambiguous signals (remote: 0, onsite: 0)",N/A,listing_page,No,https://www.allovoisins.com/r/0/188/0/0/service/Pension-chevaux
N/A,Acheter un plateau de table et tréteau - Labatut,France,N/A,50€,N/A,N/A,allovoisins,general,unknown,N/A,N/A,N/A,on-site,MEDIUM,No,NLP Analysis: Strong on-site indicators (score: 2 vs 0),Durée : 1 jour,detail_page,No,https://www.allovoisins.com/r/0/25/0/0/location-vente/Equipement
N/A,Location maison / villa - Créon,France,N/A,500€,N/A,N/A,allovoisins,general,unknown,N/A,N/A,N/A,on-site,MEDIUM,No,NLP Analysis: Strong on-site indicators (score: 2 vs 0),Durée : 365 jours,detail_page,No,https://www.allovoisins.com/r/0/87/0/0/location-vente/Maison
N/A,Recherche Clôture Grillage à Sommepy-Tahure,France,N/A,N/A,N/A,N/A,allovoisins,general,unknown,N/A,N/A,N/A,on-site,MEDIUM,No,"NLP Analysis: Ambiguous signals (remote: 0, onsite: 0)",N/A,listing_page,No,https://www.allovoisins.com/v/cloture-grillage
N/A,Location château gonflable (matériel d'animation) - Montlhéry,France,N/A,100€,N/A,N/A,allovoisins,general,unknown,N/A,N/A,N/A,on-site,MEDIUM,No,"NLP Analysis: Ambiguous signals (remote: 0, onsite: 0)",Durée : 1 jour,detail_page,No,https://www.allovoisins.com/r/0/27/0/0/location-vente/Jeux-materiel-d-animation
N/A,Recherche Clôture Grillage à Sommepy-Tahure,France,N/A,N/A,N/A,N/A,allovoisins,general,unknown,N/A,N/A,N/A,on-site,MEDIUM,No,"NLP Analysis: Ambiguous signals (remote: 0, onsite: 0)",N/A,listing_page,No,https://www.allovoisins.com/v/cloture-grillage
N/A,Location château gonflable (matériel d'animation) - Montlhéry,France,N/A,100€,N/A,N/A,allovoisins,general,unknown,N/A,N/A,N/A,on-site,MEDIUM,No,"NLP Analysis: Ambiguous signals (remote: 0, onsite: 0)",Durée : 1 jour,detail_page,No,https://www.allovoisins.com/r/0/27/0/0/location-vente/Jeux-materiel-d-animation
N/A,Louer un siège auto - Saint-Julien-lès-Metz,France,N/A,21€,N/A,N/A,allovoisins,general,unknown,N/A,N/A,N/A,on-site,MEDIUM,No,"NLP Analysis: Ambiguous signals (remote: 0, onsite: 0)",Durée : 5 jours,detail_page,No,https://www.allovoisins.com/r/0/71/0/0/location-vente/Materiel-de-puericulture
N/A,Cherche Pension chevaux à Lapte,France,N/A,N/A,N/A,N/A,allovoisins,general,unknown,N/A,N/A,N/A,on-site,MEDIUM,No,"NLP Analysis: Ambiguous signals (remote: 0, onsite: 0)",N/A,listing_page,No,https://www.allovoisins.com/r/0/188/0/0/service/Pension-chevaux
N/A,Acheter un plateau de table et tréteau - Labatut,France,N/A,50€,N/A,N/A,allovoisins,general,unknown,N/A,N/A,N/A,on-site,MEDIUM,No,NLP Analysis: Strong on-site indicators (score: 2 vs 0),Durée : 1 jour,detail_page,No,https://www.allovoisins.com/r/0/25/0/0/location-vente/Equipement
N/A,Location maison / villa - Créon,France,N/A,500€,N/A,N/A,allovoisins,general,unknown,N/A,N/A,N/A,on-site,MEDIUM,No,NLP Analysis: Strong on-site indicators (score: 2 vs 0),Durée : 365 jours,detail_page,No,https://www.allovoisins.com/r/0/87/0/0/location-vente/Maison
N/A,Location maison / villa - Albi,France,N/A,500€,N/A,N/A,allovoisins,general,unknown,N/A,N/A,N/A,on-site,MEDIUM,No,NLP Analysis: Strong on-site indicators (score: 2 vs 0),Durée : 365 jours,detail_page,No,https://www.allovoisins.com/r/0/87/0/0/location-vente/Maison
N/A,Louer un siège auto - Villenave-d'Ornon,France,N/A,21€,N/A,N/A,allovoisins,general,unknown,N/A,N/A,N/A,on-site,MEDIUM,No,"NLP Analysis: Ambiguous signals (remote: 0, onsite: 0)",Durée : 5 jours,detail_page,No,https://www.allovoisins.com/r/0/71/0/0/location-vente/Materiel-de-puericulture
N/A,Cherche Traiteur à Champlan,France,N/A,N/A,N/A,N/A,allovoisins,general,unknown,N/A,N/A,N/A,on-site,MEDIUM,No,"NLP Analysis: Ambiguous signals (remote: 0, onsite: 0)",N/A,listing_page,No,https://www.allovoisins.com/v/traiteur
N/A,Location table d'appoint - Champlan,France,N/A,15€,N/A,N/A,allovoisins,general,unknown,N/A,N/A,N/A,on-site,MEDIUM,No,"NLP Analysis: Ambiguous signals (remote: 0, onsite: 0)",Durée : 2 jours,detail_page,No,https://www.allovoisins.com/r/0/19/0/0/location-vente/Ameublement-accessoires-decoration
N/A,Location maison / villa - Albi,France,N/A,500€,N/A,N/A,allovoisins,general,unknown,N/A,N/A,N/A,on-site,MEDIUM,No,NLP Analysis: Strong on-site indicators (score: 2 vs 0),Durée : 365 jours,detail_page,No,https://www.allovoisins.com/r/0/87/0/0/location-vente/Maison
N/A,Louer un siège auto - Villenave-d'Ornon,France,N/A,21€,N/A,N/A,allovoisins,general,unknown,N/A,N/A,N/A,on-site,MEDIUM,No,"NLP Analysis: Ambiguous signals (remote: 0, onsite: 0)",Durée : 5 jours,detail_page,No,https://www.allovoisins.com/r/0/71/0/0/location-vente/Materiel-de-puericulture
N/A,Cherche Traiteur à Champlan,France,N/A,N/A,N/A,N/A,allovoisins,general,unknown,N/A,N/A,N/A,on-site,MEDIUM,No,"NLP Analysis: Ambiguous signals (remote: 0, onsite: 0)",N/A,listing_page,No,https://www.allovoisins.com/v/traiteur
N/A,Location table d'appoint - Champlan,France,N/A,15€,N/A,N/A,allovoisins,general,unknown,N/A,N/A,N/A,on-site,MEDIUM,No,"NLP Analysis: Ambiguous signals (remote: 0, onsite: 0)",Durée : 2 jours,detail_page,No,https://www.allovoisins.com/r/0/19/0/0/location-vente/Ameublement-accessoires-decoration
N/A,Location maison / villa - Albi,France,N/A,500€,N/A,N/A,allovoisins,general,unknown,N/A,N/A,N/A,on-site,MEDIUM,No,NLP Analysis: Strong on-site indicators (score: 2 vs 0),Durée : 365 jours,detail_page,No,https://www.allovoisins.com/r/0/87/0/0/location-vente/Maison
N/A,Louer un siège auto - Villenave-d'Ornon,France,N/A,21€,N/A,N/A,allovoisins,general,unknown,N/A,N/A,N/A,on-site,MEDIUM,No,"NLP Analysis: Ambiguous signals (remote: 0, onsite: 0)",Durée : 5 jours,detail_page,No,https://www.allovoisins.com/r/0/71/0/0/location-vente/Materiel-de-puericulture
N/A,Cherche Traiteur à Champlan,France,N/A,N/A,N/A,N/A,allovoisins,general,unknown,N/A,N/A,N/A,on-site,MEDIUM,No,"NLP Analysis: Ambiguous signals (remote: 0, onsite: 0)",N/A,listing_page,No,https://www.allovoisins.com/v/traiteur
N/A,Location table d'appoint - Champlan,France,N/A,15€,N/A,N/A,allovoisins,general,unknown,N/A,N/A,N/A,on-site,MEDIUM,No,"NLP Analysis: Ambiguous signals (remote: 0, onsite: 0)",Durée : 2 jours,detail_page,No,https://www.allovoisins.com/r/0/19/0/0/location-vente/Ameublement-accessoires-decoration
N/A,Location maison / villa - Albi,France,N/A,500€,N/A,N/A,allovoisins,general,unknown,N/A,N/A,N/A,on-site,MEDIUM,No,NLP Analysis: Strong on-site indicators (score: 2 vs 0),Durée : 365 jours,detail_page,No,https://www.allovoisins.com/r/0/87/0/0/location-vente/Maison
N/A,Louer un siège auto - Villenave-d'Ornon,France,N/A,21€,N/A,N/A,allovoisins,general,unknown,N/A,N/A,N/A,on-site,MEDIUM,No,"NLP Analysis: Ambiguous signals (remote: 0, onsite: 0)",Durée : 5 jours,detail_page,No,https://www.allovoisins.com/r/0/71/0/0/location-vente/Materiel-de-puericulture
N/A,Cherche Traiteur à Champlan,France,N/A,N/A,N/A,N/A,allovoisins,general,unknown,N/A,N/A,N/A,on-site,MEDIUM,No,"NLP Analysis: Ambiguous signals (remote: 0, onsite: 0)",N/A,listing_page,No,https://www.allovoisins.com/v/traiteur
N/A,Location table d'appoint - Champlan,France,N/A,15€,N/A,N/A,allovoisins,general,unknown,N/A,N/A,N/A,on-site,MEDIUM,No,"NLP Analysis: Ambiguous signals (remote: 0, onsite: 0)",Durée : 1 jour,detail_page,No,https://www.allovoisins.com/r/0/19/0/0/location-vente/Ameublement-accessoires-decoration
N/A,Location maison / villa - Albi,France,N/A,500€,N/A,N/A,allovoisins,general,unknown,N/A,N/A,N/A,on-site,MEDIUM,No,NLP Analysis: Strong on-site indicators (score: 2 vs 0),Durée : 365 jours,detail_page,No,https://www.allovoisins.com/r/0/87/0/0/location-vente/Maison
N/A,Louer un siège auto - Villenave-d'Ornon,France,N/A,21€,N/A,N/A,allovoisins,general,unknown,N/A,N/A,N/A,on-site,MEDIUM,No,"NLP Analysis: Ambiguous signals (remote: 0, onsite: 0)",Durée : 5 jours,detail_page,No,https://www.allovoisins.com/r/0/71/0/0/location-vente/Materiel-de-puericulture
N/A,Cherche Traiteur à Champlan,France,N/A,N/A,N/A,N/A,allovoisins,general,unknown,N/A,N/A,N/A,on-site,MEDIUM,No,"NLP Analysis: Ambiguous signals (remote: 0, onsite: 0)",N/A,listing_page,No,https://www.allovoisins.com/v/traiteur
N/A,Location table d'appoint - Champlan,France,N/A,15€,N/A,N/A,allovoisins,general,unknown,N/A,N/A,N/A,on-site,MEDIUM,No,"NLP Analysis: Ambiguous signals (remote: 0, onsite: 0)",Durée : 2 jours,detail_page,No,https://www.allovoisins.com/r/0/19/0/0/location-vente/Ameublement-accessoires-decoration
N/A,Recherche Clôture Grillage à Sommepy-Tahure,France,N/A,N/A,N/A,N/A,allovoisins,general,unknown,N/A,N/A,N/A,on-site,MEDIUM,No,"NLP Analysis: Ambiguous signals (remote: 0, onsite: 0)",N/A,listing_page,No,https://www.allovoisins.com/v/cloture-grillage
N/A,Location château gonflable (matériel d'animation) - Montlhéry,France,N/A,100€,N/A,N/A,allovoisins,general,unknown,N/A,N/A,N/A,on-site,MEDIUM,No,"NLP Analysis: Ambiguous signals (remote: 0, onsite: 0)",Durée : 1 jour,detail_page,No,https://www.allovoisins.com/r/0/27/0/0/location-vente/Jeux-materiel-d-animation
N/A,Recherche Clôture Grillage à Sommepy-Tahure,France,N/A,N/A,N/A,N/A,allovoisins,general,unknown,N/A,N/A,N/A,on-site,MEDIUM,No,"NLP Analysis: Ambiguous signals (remote: 0, onsite: 0)",N/A,listing_page,No,https://www.allovoisins.com/v/cloture-grillage
N/A,Location château gonflable (matériel d'animation) - Montlhéry,France,N/A,100€,N/A,N/A,allovoisins,general,unknown,N/A,N/A,N/A,on-site,MEDIUM,No,"NLP Analysis: Ambiguous signals (remote: 0, onsite: 0)",Durée : 1 jour,detail_page,No,https://www.allovoisins.com/r/0/27/0/0/location-vente/Jeux-materiel-d-animation
N/A,Recherche Clôture Grillage à Sommepy-Tahure,France,N/A,N/A,N/A,N/A,allovoisins,general,unknown,N/A,N/A,N/A,on-site,MEDIUM,No,"NLP Analysis: Ambiguous signals (remote: 0, onsite: 0)",N/A,listing_page,No,https://www.allovoisins.com/v/cloture-grillage
N/A,Location château gonflable (matériel d'animation) - Montlhéry,France,N/A,100€,N/A,N/A,allovoisins,general,unknown,N/A,N/A,N/A,on-site,MEDIUM,No,"NLP Analysis: Ambiguous signals (remote: 0, onsite: 0)",Durée : 1 jour,detail_page,No,https://www.allovoisins.com/r/0/27/0/0/location-vente/Jeux-materiel-d-animation
N/A,Location maison / villa - Albi,France,N/A,500€,N/A,N/A,allovoisins,general,unknown,N/A,N/A,N/A,on-site,MEDIUM,No,NLP Analysis: Strong on-site indicators (score: 2 vs 0),Durée : 365 jours,detail_page,No,https://www.allovoisins.com/r/0/87/0/0/location-vente/Maison
N/A,Louer un siège auto - Villenave-d'Ornon,France,N/A,21€,N/A,N/A,allovoisins,general,unknown,N/A,N/A,N/A,on-site,MEDIUM,No,"NLP Analysis: Ambiguous signals (remote: 0, onsite: 0)",Durée : 5 jours,detail_page,No,https://www.allovoisins.com/r/0/71/0/0/location-vente/Materiel-de-puericulture
N/A,Cherche Traiteur à Champlan,France,N/A,N/A,N/A,N/A,allovoisins,general,unknown,N/A,N/A,N/A,on-site,MEDIUM,No,"NLP Analysis: Ambiguous signals (remote: 0, onsite: 0)",N/A,listing_page,No,https://www.allovoisins.com/v/traiteur
N/A,Location table d'appoint - Champlan,France,N/A,15€,N/A,N/A,allovoisins,general,unknown,N/A,N/A,N/A,on-site,MEDIUM,No,"NLP Analysis: Ambiguous signals (remote: 0, onsite: 0)",Durée : 2 jours,detail_page,No,https://www.allovoisins.com/r/0/19/0/0/location-vente/Ameublement-accessoires-decoration
N/A,Location maison / villa - Albi,France,N/A,500€,N/A,N/A,allovoisins,general,unknown,N/A,N/A,N/A,on-site,MEDIUM,No,NLP Analysis: Strong on-site indicators (score: 2 vs 0),Durée : 365 jours,detail_page,No,https://www.allovoisins.com/r/0/87/0/0/location-vente/Maison
N/A,Louer un siège auto - Villenave-d'Ornon,France,N/A,21€,N/A,N/A,allovoisins,general,unknown,N/A,N/A,N/A,on-site,MEDIUM,No,"NLP Analysis: Ambiguous signals (remote: 0, onsite: 0)",Durée : 5 jours,detail_page,No,https://www.allovoisins.com/r/0/71/0/0/location-vente/Materiel-de-puericulture
N/A,Cherche Traiteur à Champlan,France,N/A,N/A,N/A,N/A,allovoisins,general,unknown,N/A,N/A,N/A,on-site,MEDIUM,No,"NLP Analysis: Ambiguous signals (remote: 0, onsite: 0)",N/A,listing_page,No,https://www.allovoisins.com/v/traiteur
N/A,Location table d'appoint - Champlan,France,N/A,15€,N/A,N/A,allovoisins,general,unknown,N/A,N/A,N/A,on-site,MEDIUM,No,"NLP Analysis: Ambiguous signals (remote: 0, onsite: 0)",Durée : 2 jours,detail_page,No,https://www.allovoisins.com/r/0/19/0/0/location-vente/Ameublement-accessoires-decoration
N/A,Recherche Clôture Grillage à Sommepy-Tahure,France,N/A,N/A,N/A,N/A,allovoisins,general,unknown,N/A,N/A,N/A,on-site,MEDIUM,No,"NLP Analysis: Ambiguous signals (remote: 0, onsite: 0)",N/A,listing_page,No,https://www.allovoisins.com/v/cloture-grillage
N/A,Location château gonflable (matériel d'animation) - Montlhéry,France,N/A,100€,N/A,N/A,allovoisins,general,unknown,N/A,N/A,N/A,on-site,MEDIUM,No,"NLP Analysis: Ambiguous signals (remote: 0, onsite: 0)",Durée : 1 jour,detail_page,No,https://www.allovoisins.com/r/0/27/0/0/location-vente/Jeux-materiel-d-animation
N/A,Location maison / villa - Albi,France,N/A,500€,N/A,N/A,allovoisins,general,unknown,N/A,N/A,N/A,on-site,MEDIUM,No,NLP Analysis: Strong on-site indicators (score: 2 vs 0),Durée : 365 jours,detail_page,No,https://www.allovoisins.com/r/0/87/0/0/location-vente/Maison
N/A,Louer un siège auto - Villenave-d'Ornon,France,N/A,21€,N/A,N/A,allovoisins,general,unknown,N/A,N/A,N/A,on-site,MEDIUM,No,"NLP Analysis: Ambiguous signals (remote: 0, onsite: 0)",Durée : 5 jours,detail_page,No,https://www.allovoisins.com/r/0/71/0/0/location-vente/Materiel-de-puericulture
N/A,Cherche Traiteur à Champlan,France,N/A,N/A,N/A,N/A,allovoisins,general,unknown,N/A,N/A,N/A,on-site,MEDIUM,No,"NLP Analysis: Ambiguous signals (remote: 0, onsite: 0)",N/A,listing_page,No,https://www.allovoisins.com/v/traiteur
N/A,Location table d'appoint - Champlan,France,N/A,15€,N/A,N/A,allovoisins,general,unknown,N/A,N/A,N/A,on-site,MEDIUM,No,"NLP Analysis: Ambiguous signals (remote: 0, onsite: 0)",Durée : 1 jour,detail_page,No,https://www.allovoisins.com/r/0/19/0/0/location-vente/Ameublement-accessoires-decoration
N/A,Recherche Clôture Grillage à Sommepy-Tahure,France,N/A,N/A,N/A,N/A,allovoisins,general,unknown,N/A,N/A,N/A,on-site,MEDIUM,No,"NLP Analysis: Ambiguous signals (remote: 0, onsite: 0)",N/A,listing_page,No,https://www.allovoisins.com/v/cloture-grillage
N/A,Location château gonflable (matériel d'animation) - Montlhéry,France,N/A,100€,N/A,N/A,allovoisins,general,unknown,N/A,N/A,N/A,on-site,MEDIUM,No,"NLP Analysis: Ambiguous signals (remote: 0, onsite: 0)",Durée : 1 jour,detail_page,No,https://www.allovoisins.com/r/0/27/0/0/location-vente/Jeux-materiel-d-animation
N/A,Recherche Clôture Grillage à Sommepy-Tahure,France,N/A,N/A,N/A,N/A,allovoisins,general,unknown,N/A,N/A,N/A,on-site,MEDIUM,No,"NLP Analysis: Ambiguous signals (remote: 0, onsite: 0)",N/A,listing_page,No,https://www.allovoisins.com/v/cloture-grillage
N/A,Location château gonflable (matériel d'animation) - Montlhéry,France,N/A,100€,N/A,N/A,allovoisins,general,unknown,N/A,N/A,N/A,on-site,MEDIUM,No,"NLP Analysis: Ambiguous signals (remote: 0, onsite: 0)",Durée : 1 jour,detail_page,No,https://www.allovoisins.com/r/0/27/0/0/location-vente/Jeux-materiel-d-animation
N/A,Recherche Clôture Grillage à Sommepy-Tahure,France,N/A,N/A,N/A,N/A,allovoisins,general,unknown,N/A,N/A,N/A,on-site,MEDIUM,No,"NLP Analysis: Ambiguous signals (remote: 0, onsite: 0)",N/A,listing_page,No,https://www.allovoisins.com/v/cloture-grillage
N/A,Location château gonflable (matériel d'animation) - Montlhéry,France,N/A,100€,N/A,N/A,allovoisins,general,unknown,N/A,N/A,N/A,on-site,MEDIUM,No,"NLP Analysis: Ambiguous signals (remote: 0, onsite: 0)",Durée : 1 jour,detail_page,No,https://www.allovoisins.com/r/0/27/0/0/location-vente/Jeux-materiel-d-animation
N/A,Location maison / villa - Albi,France,N/A,500€,N/A,N/A,allovoisins,general,unknown,N/A,N/A,N/A,on-site,MEDIUM,No,NLP Analysis: Strong on-site indicators (score: 2 vs 0),Durée : 365 jours,detail_page,No,https://www.allovoisins.com/r/0/87/0/0/location-vente/Maison
N/A,Louer un siège auto - Villenave-d'Ornon,France,N/A,21€,N/A,N/A,allovoisins,general,unknown,N/A,N/A,N/A,on-site,MEDIUM,No,"NLP Analysis: Ambiguous signals (remote: 0, onsite: 0)",Durée : 5 jours,detail_page,No,https://www.allovoisins.com/r/0/71/0/0/location-vente/Materiel-de-puericulture
N/A,Cherche Traiteur à Champlan,France,N/A,N/A,N/A,N/A,allovoisins,general,unknown,N/A,N/A,N/A,on-site,MEDIUM,No,"NLP Analysis: Ambiguous signals (remote: 0, onsite: 0)",N/A,listing_page,No,https://www.allovoisins.com/v/traiteur
N/A,Location table d'appoint - Champlan,France,N/A,15€,N/A,N/A,allovoisins,general,unknown,N/A,N/A,N/A,on-site,MEDIUM,No,"NLP Analysis: Ambiguous signals (remote: 0, onsite: 0)",Durée : 1 jour,detail_page,No,https://www.allovoisins.com/r/0/19/0/0/location-vente/Ameublement-accessoires-decoration
N/A,Location maison / villa - Albi,France,N/A,500€,N/A,N/A,allovoisins,general,unknown,N/A,N/A,N/A,on-site,MEDIUM,No,NLP Analysis: Strong on-site indicators (score: 2 vs 0),Durée : 365 jours,detail_page,No,https://www.allovoisins.com/r/0/87/0/0/location-vente/Maison
N/A,Louer un siège auto - Villenave-d'Ornon,France,N/A,21€,N/A,N/A,allovoisins,general,unknown,N/A,N/A,N/A,on-site,MEDIUM,No,"NLP Analysis: Ambiguous signals (remote: 0, onsite: 0)",Durée : 5 jours,detail_page,No,https://www.allovoisins.com/r/0/71/0/0/location-vente/Materiel-de-puericulture
N/A,Cherche Traiteur à Champlan,France,N/A,N/A,N/A,N/A,allovoisins,general,unknown,N/A,N/A,N/A,on-site,MEDIUM,No,"NLP Analysis: Ambiguous signals (remote: 0, onsite: 0)",N/A,listing_page,No,https://www.allovoisins.com/v/traiteur
N/A,Location table d'appoint - Champlan,France,N/A,15€,N/A,N/A,allovoisins,general,unknown,N/A,N/A,N/A,on-site,MEDIUM,No,"NLP Analysis: Ambiguous signals (remote: 0, onsite: 0)",Durée : 2 jours,detail_page,No,https://www.allovoisins.com/r/0/19/0/0/location-vente/Ameublement-accessoires-decoration
N/A,Recherche Clôture Grillage à Sommepy-Tahure,France,N/A,N/A,N/A,N/A,allovoisins,general,unknown,N/A,N/A,N/A,on-site,MEDIUM,No,"NLP Analysis: Ambiguous signals (remote: 0, onsite: 0)",N/A,listing_page,No,https://www.allovoisins.com/v/cloture-grillage
N/A,Location château gonflable (matériel d'animation) - Montlhéry,France,N/A,100€,N/A,N/A,allovoisins,general,unknown,N/A,N/A,N/A,on-site,MEDIUM,No,"NLP Analysis: Ambiguous signals (remote: 0, onsite: 0)",Durée : 1 jour,detail_page,No,https://www.allovoisins.com/r/0/27/0/0/location-vente/Jeux-materiel-d-animation
N/A,Location maison / villa - Albi,France,N/A,500€,N/A,N/A,allovoisins,general,unknown,N/A,N/A,N/A,on-site,MEDIUM,No,NLP Analysis: Strong on-site indicators (score: 2 vs 0),Durée : 365 jours,detail_page,No,https://www.allovoisins.com/r/0/87/0/0/location-vente/Maison
N/A,Louer un siège auto - Villenave-d'Ornon,France,N/A,21€,N/A,N/A,allovoisins,general,unknown,N/A,N/A,N/A,on-site,MEDIUM,No,"NLP Analysis: Ambiguous signals (remote: 0, onsite: 0)",Durée : 5 jours,detail_page,No,https://www.allovoisins.com/r/0/71/0/0/location-vente/Materiel-de-puericulture
N/A,Cherche Traiteur à Champlan,France,N/A,N/A,N/A,N/A,allovoisins,general,unknown,N/A,N/A,N/A,on-site,MEDIUM,No,"NLP Analysis: Ambiguous signals (remote: 0, onsite: 0)",N/A,listing_page,No,https://www.allovoisins.com/v/traiteur
N/A,Location table d'appoint - Champlan,France,N/A,15€,N/A,N/A,allovoisins,general,unknown,N/A,N/A,N/A,on-site,MEDIUM,No,"NLP Analysis: Ambiguous signals (remote: 0, onsite: 0)",Durée : 1 jour,detail_page,No,https://www.allovoisins.com/r/0/19/0/0/location-vente/Ameublement-accessoires-decoration
N/A,Recherche Clôture Grillage à Sommepy-Tahure,France,N/A,N/A,N/A,N/A,allovoisins,general,unknown,N/A,N/A,N/A,on-site,MEDIUM,No,"NLP Analysis: Ambiguous signals (remote: 0, onsite: 0)",N/A,listing_page,No,https://www.allovoisins.com/v/cloture-grillage
N/A,Location château gonflable (matériel d'animation) - Montlhéry,France,N/A,100€,N/A,N/A,allovoisins,general,unknown,N/A,N/A,N/A,on-site,MEDIUM,No,"NLP Analysis: Ambiguous signals (remote: 0, onsite: 0)",Durée : 1 jour,detail_page,No,https://www.allovoisins.com/r/0/27/0/0/location-vente/Jeux-materiel-d-animation
N/A,Recherche Clôture Grillage à Sommepy-Tahure,France,N/A,N/A,N/A,N/A,allovoisins,general,unknown,N/A,N/A,N/A,on-site,MEDIUM,No,"NLP Analysis: Ambiguous signals (remote: 0, onsite: 0)",N/A,listing_page,No,https://www.allovoisins.com/v/cloture-grillage
N/A,Location château gonflable (matériel d'animation) - Montlhéry,France,N/A,100€,N/A,N/A,allovoisins,general,unknown,N/A,N/A,N/A,on-site,MEDIUM,No,"NLP Analysis: Ambiguous signals (remote: 0, onsite: 0)",Durée : 1 jour,detail_page,No,https://www.allovoisins.com/r/0/27/0/0/location-vente/Jeux-materiel-d-animation
N/A,Location maison / villa - Albi,France,N/A,500€,N/A,N/A,allovoisins,general,unknown,N/A,N/A,N/A,on-site,MEDIUM,No,NLP Analysis: Strong on-site indicators (score: 2 vs 0),Durée : 365 jours,detail_page,No,https://www.allovoisins.com/r/0/87/0/0/location-vente/Maison
N/A,Louer un siège auto - Villenave-d'Ornon,France,N/A,21€,N/A,N/A,allovoisins,general,unknown,N/A,N/A,N/A,on-site,MEDIUM,No,"NLP Analysis: Ambiguous signals (remote: 0, onsite: 0)",Durée : 5 jours,detail_page,No,https://www.allovoisins.com/r/0/71/0/0/location-vente/Materiel-de-puericulture
N/A,Cherche Traiteur à Champlan,France,N/A,N/A,N/A,N/A,allovoisins,general,unknown,N/A,N/A,N/A,on-site,MEDIUM,No,"NLP Analysis: Ambiguous signals (remote: 0, onsite: 0)",N/A,listing_page,No,https://www.allovoisins.com/v/traiteur
N/A,Location table d'appoint - Champlan,France,N/A,15€,N/A,N/A,allovoisins,general,unknown,N/A,N/A,N/A,on-site,MEDIUM,No,"NLP Analysis: Ambiguous signals (remote: 0, onsite: 0)",Durée : 1 jour,detail_page,No,https://www.allovoisins.com/r/0/19/0/0/location-vente/Ameublement-accessoires-decoration
N/A,Recherche Clôture Grillage à Sommepy-Tahure,France,N/A,N/A,N/A,N/A,allovoisins,general,unknown,N/A,N/A,N/A,on-site,MEDIUM,No,"NLP Analysis: Ambiguous signals (remote: 0, onsite: 0)",N/A,listing_page,No,https://www.allovoisins.com/v/cloture-grillage
N/A,Location château gonflable (matériel d'animation) - Montlhéry,France,N/A,100€,N/A,N/A,allovoisins,general,unknown,N/A,N/A,N/A,on-site,MEDIUM,No,"NLP Analysis: Ambiguous signals (remote: 0, onsite: 0)",Durée : 1 jour,detail_page,No,https://www.allovoisins.com/r/0/27/0/0/location-vente/Jeux-materiel-d-animation
N/A,Recherche Réparation voiture à Saint-Sébastien-sur-Loire,France,N/A,N/A,N/A,N/A,allovoisins,general,unknown,N/A,N/A,N/A,on-site,MEDIUM,No,"NLP Analysis: Ambiguous signals (remote: 0, onsite: 0)",N/A,listing_page,Yes,https://www.allovoisins.com/v/reparation-voiture
N/A,Recherche Ménage à Sainte-Maxime,France,N/A,N/A,N/A,N/A,allovoisins,general,unknown,N/A,N/A,N/A,on-site,HIGH,No,Obvious on-site work: ménage,N/A,listing_page,Yes,https://www.allovoisins.com/v/femme-de-menage
N/A,Cherche Évacuation déchets - Gravats à Nice,France,N/A,N/A,N/A,N/A,allovoisins,general,unknown,N/A,N/A,N/A,on-site,MEDIUM,No,"NLP Analysis: Ambiguous signals (remote: 0, onsite: 0)",N/A,listing_page,Yes,https://www.allovoisins.com/v/evacuation-dechets-gravats
N/A,Recherche Jardinier à Gerbamont,France,N/A,N/A,N/A,N/A,allovoisins,general,unknown,N/A,N/A,N/A,on-site,MEDIUM,No,"NLP Analysis: Ambiguous signals (remote: 0, onsite: 0)",N/A,listing_page,Yes,https://www.allovoisins.com/v/jardinier
N/A,Cherche Tonte de pelouse - Débroussaillage à Dunkerque,France,N/A,N/A,N/A,N/A,allovoisins,general,unknown,N/A,N/A,N/A,on-site,MEDIUM,No,"NLP Analysis: Ambiguous signals (remote: 0, onsite: 0)",N/A,listing_page,Yes,https://www.allovoisins.com/v/tonte-de-pelouse-debroussaillage
N/A,Cherche Dépannage électroménager à Vitrolles,France,N/A,N/A,N/A,N/A,allovoisins,general,unknown,N/A,N/A,N/A,on-site,HIGH,No,Obvious on-site work: ménage,N/A,listing_page,Yes,https://www.allovoisins.com/v/depannage-electromenager
N/A,Cherche Ramonage - Fumiste à Cuincy,France,N/A,N/A,N/A,N/A,allovoisins,general,unknown,N/A,N/A,N/A,on-site,MEDIUM,No,"NLP Analysis: Ambiguous signals (remote: 0, onsite: 0)",N/A,listing_page,Yes,https://www.allovoisins.com/v/ramonage-fumiste
N/A,Recherche Dépannage électroménager à Vitrolles,France,N/A,N/A,N/A,N/A,allovoisins,general,unknown,N/A,N/A,N/A,on-site,HIGH,No,Obvious on-site work: ménage,N/A,listing_page,Yes,https://www.allovoisins.com/v/depannage-electromenager
N/A,Recherche Bricolage et multi services à Paris,France,N/A,N/A,N/A,N/A,allovoisins,general,unknown,N/A,N/A,N/A,on-site,HIGH,No,Obvious on-site work: bricolage,N/A,listing_page,Yes,https://www.allovoisins.com/v/bricolage-petits-travaux
N/A,Cherche Jardinier à Saint-Maur-des-Fossés,France,N/A,N/A,N/A,N/A,allovoisins,general,unknown,N/A,N/A,N/A,on-site,MEDIUM,No,"NLP Analysis: Ambiguous signals (remote: 0, onsite: 0)",N/A,listing_page,Yes,https://www.allovoisins.com/v/jardinier
N/A,Recherche Pose de parquet - Revêtement de sol à Roques,France,N/A,N/A,N/A,N/A,allovoisins,general,unknown,N/A,N/A,N/A,on-site,MEDIUM,No,"NLP Analysis: Ambiguous signals (remote: 0, onsite: 0)",N/A,listing_page,Yes,https://www.allovoisins.com/v/pose-de-parquet-revetement-de-sol
N/A,Cherche Plomberie - Installation sanitaire à Marseille,France,N/A,N/A,N/A,N/A,allovoisins,general,unknown,N/A,N/A,N/A,on-site,HIGH,No,Obvious on-site work: plomberie,N/A,listing_page,Yes,https://www.allovoisins.com/v/plomberie-installation-sanitaire
N/A,Recherche Bricolage et multi services à Le Mans,France,N/A,N/A,N/A,N/A,allovoisins,general,unknown,N/A,N/A,N/A,on-site,HIGH,No,Obvious on-site work: bricolage,N/A,listing_page,Yes,https://www.allovoisins.com/v/bricolage-petits-travaux
N/A,Recherche Bricolage et multi services à Vincennes,France,N/A,50€,N/A,N/A,allovoisins,general,unknown,N/A,N/A,N/A,on-site,HIGH,No,Obvious on-site work: bricolage,N/A,listing_page,Yes,https://www.allovoisins.com/v/bricolage-petits-travaux
N/A,Cherche Peinture - Tapisserie à Lapugnoy,France,N/A,N/A,N/A,N/A,allovoisins,general,unknown,N/A,N/A,N/A,on-site,HIGH,No,Obvious on-site work: peinture,N/A,listing_page,Yes,https://www.allovoisins.com/v/peinture-tapisserie
N/A,Recherche Jardinier à Clermont-l'Hérault,France,N/A,N/A,N/A,N/A,allovoisins,general,unknown,N/A,N/A,N/A,on-site,MEDIUM,No,"NLP Analysis: Ambiguous signals (remote: 0, onsite: 0)",N/A,listing_page,Yes,https://www.allovoisins.com/v/jardinier
N/A,Cherche Jardinier à Clermont-l'Hérault,France,N/A,N/A,N/A,N/A,allovoisins,general,unknown,N/A,N/A,N/A,on-site,MEDIUM,No,"NLP Analysis: Ambiguous signals (remote: 0, onsite: 0)",N/A,listing_page,Yes,https://www.allovoisins.com/v/jardinier
N/A,Cherche Déménageurs et aide au déménagement à Rouen,France,N/A,N/A,N/A,N/A,allovoisins,general,unknown,N/A,N/A,N/A,on-site,HIGH,No,Obvious on-site work: ménage,N/A,listing_page,Yes,https://www.allovoisins.com/v/demenagement
N/A,Recherche Déménageurs et aide au déménagement à Rouen,France,N/A,N/A,N/A,N/A,allovoisins,general,unknown,N/A,N/A,N/A,on-site,HIGH,No,Obvious on-site work: ménage,N/A,listing_page,Yes,https://www.allovoisins.com/v/demenagement
N/A,Cherche Bricolage et multi services à Bruay-la-Buissière,France,N/A,N/A,N/A,N/A,allovoisins,general,unknown,N/A,N/A,N/A,on-site,HIGH,No,Obvious on-site work: bricolage,N/A,listing_page,Yes,https://www.allovoisins.com/v/bricolage-petits-travaux
N/A,Recherche Réparation voiture à Montry,France,N/A,N/A,N/A,N/A,allovoisins,general,unknown,N/A,N/A,N/A,on-site,MEDIUM,No,"NLP Analysis: Ambiguous signals (remote: 0, onsite: 0)",N/A,listing_page,Yes,https://www.allovoisins.com/v/reparation-voiture
N/A,Recherche Dépannage électroménager à Lautenbach,France,N/A,N/A,N/A,N/A,allovoisins,general,unknown,N/A,N/A,N/A,on-site,HIGH,No,Obvious on-site work: ménage,N/A,listing_page,Yes,https://www.allovoisins.com/v/depannage-electromenager
N/A,Recherche Livraison - Transport de colis à Vandœuvre-lès-Nancy,France,N/A,N/A,N/A,N/A,allovoisins,general,unknown,N/A,N/A,N/A,on-site,HIGH,No,Obvious on-site work: livraison,N/A,listing_page,Yes,https://www.allovoisins.com/v/livraison-transport-de-colis
N/A,Recherche Réparation voiture à Pau,France,N/A,N/A,N/A,N/A,allovoisins,general,unknown,N/A,N/A,N/A,on-site,MEDIUM,No,"NLP Analysis: Ambiguous signals (remote: 0, onsite: 0)",N/A,listing_page,Yes,https://www.allovoisins.com/v/reparation-voiture
N/A,Recherche Garde chien à Vémars,France,N/A,N/A,N/A,N/A,allovoisins,general,unknown,N/A,N/A,N/A,on-site,MEDIUM,No,"NLP Analysis: Ambiguous signals (remote: 0, onsite: 0)",N/A,listing_page,Yes,https://www.allovoisins.com/v/garde-chien
N/A,Recherche Réparation vélo - moto à Toulon,France,N/A,N/A,N/A,N/A,allovoisins,general,unknown,N/A,N/A,N/A,on-site,MEDIUM,No,"NLP Analysis: Ambiguous signals (remote: 0, onsite: 0)",N/A,listing_page,Yes,https://www.allovoisins.com/v/reparation-velo-moto
N/A,Recherche Menuiserie - Huisserie - Agencement à Ormesson-sur-Marne,France,N/A,N/A,N/A,N/A,allovoisins,general,unknown,N/A,N/A,N/A,on-site,MEDIUM,No,"NLP Analysis: Ambiguous signals (remote: 0, onsite: 0)",N/A,listing_page,Yes,https://www.allovoisins.com/v/menuiserie-huisserie-agencement
N/A,Recherche Peinture - Tapisserie à Calvisson,France,N/A,N/A,N/A,N/A,allovoisins,general,unknown,N/A,N/A,N/A,on-site,HIGH,No,Obvious on-site work: peinture,N/A,listing_page,Yes,https://www.allovoisins.com/v/peinture-tapisserie
N/A,Recherche Carrelage à Pluvigner,France,N/A,N/A,N/A,N/A,allovoisins,general,unknown,N/A,N/A,N/A,on-site,MEDIUM,No,"NLP Analysis: Ambiguous signals (remote: 0, onsite: 0)",N/A,listing_page,Yes,https://www.allovoisins.com/v/carrelage
N/A,Cherche Montage meubles en kit à Val-de-Reuil,France,N/A,N/A,N/A,N/A,allovoisins,general,unknown,N/A,N/A,N/A,on-site,MEDIUM,No,"NLP Analysis: Ambiguous signals (remote: 0, onsite: 0)",N/A,listing_page,Yes,https://www.allovoisins.com/v/montage-meubles-en-kit
N/A,Recherche Gateau d'anniversaire - cake art à Montgermont,France,N/A,N/A,N/A,N/A,allovoisins,general,unknown,N/A,N/A,N/A,on-site,MEDIUM,No,"NLP Analysis: Ambiguous signals (remote: 0, onsite: 0)",N/A,listing_page,Yes,https://www.allovoisins.com/v/gateau-d-anniversaire-cake-art
N/A,Recherche Bricolage et multi services à Blain,France,N/A,N/A,N/A,N/A,allovoisins,general,unknown,N/A,N/A,N/A,on-site,HIGH,No,Obvious on-site work: bricolage,N/A,listing_page,Yes,https://www.allovoisins.com/v/bricolage-petits-travaux
N/A,Recherche Ménage à Valence,France,N/A,N/A,N/A,N/A,allovoisins,general,unknown,N/A,N/A,N/A,on-site,HIGH,No,Obvious on-site work: ménage,N/A,listing_page,Yes,https://www.allovoisins.com/v/femme-de-menage
N/A,Cherche Bricolage et multi services à Corbeil-Essonnes,France,N/A,N/A,N/A,N/A,allovoisins,general,unknown,N/A,N/A,N/A,on-site,HIGH,No,Obvious on-site work: bricolage,N/A,listing_page,Yes,https://www.allovoisins.com/v/bricolage-petits-travaux
N/A,Cherche Maçonnerie à Vaux-sur-Mer,France,N/A,N/A,N/A,N/A,allovoisins,general,unknown,N/A,N/A,N/A,on-site,HIGH,No,Obvious on-site work: maçon,N/A,listing_page,Yes,https://www.allovoisins.com/v/maconnerie
N/A,Recherche Bricolage et multi services à Domont,France,N/A,N/A,N/A,N/A,allovoisins,general,unknown,N/A,N/A,N/A,on-site,HIGH,No,Obvious on-site work: bricolage,N/A,listing_page,Yes,https://www.allovoisins.com/v/bricolage-petits-travaux
N/A,Cherche Couturière à Castelnau-le-Lez,France,N/A,N/A,N/A,N/A,allovoisins,general,unknown,N/A,N/A,N/A,on-site,MEDIUM,No,"NLP Analysis: Ambiguous signals (remote: 0, onsite: 0)",N/A,listing_page,Yes,https://www.allovoisins.com/v/couturiere
N/A,Cherche Couturière à Castelnau-le-Lez,France,N/A,N/A,N/A,N/A,allovoisins,general,unknown,N/A,N/A,N/A,on-site,MEDIUM,No,"NLP Analysis: Ambiguous signals (remote: 0, onsite: 0)",N/A,listing_page,Yes,https://www.allovoisins.com/v/couturiere
N/A,Recherche Menuiserie - Huisserie - Agencement à Saint-Martin-Longueau,France,N/A,N/A,N/A,N/A,allovoisins,general,unknown,N/A,N/A,N/A,on-site,MEDIUM,No,"NLP Analysis: Ambiguous signals (remote: 0, onsite: 0)",N/A,listing_page,Yes,https://www.allovoisins.com/v/menuiserie-huisserie-agencement
N/A,Recherche Couturière à Castelnau-le-Lez,France,N/A,N/A,N/A,N/A,allovoisins,general,unknown,N/A,N/A,N/A,on-site,MEDIUM,No,"NLP Analysis: Ambiguous signals (remote: 0, onsite: 0)",N/A,listing_page,Yes,https://www.allovoisins.com/v/couturiere
N/A,Recherche Garde chien à Villeneuve-le-Roi,France,N/A,N/A,N/A,N/A,allovoisins,general,unknown,N/A,N/A,N/A,on-site,MEDIUM,No,"NLP Analysis: Ambiguous signals (remote: 0, onsite: 0)",N/A,listing_page,Yes,https://www.allovoisins.com/v/garde-chien
N/A,Cherche Carrelage à Ghyvelde,France,N/A,N/A,N/A,N/A,allovoisins,general,unknown,N/A,N/A,N/A,on-site,MEDIUM,No,"NLP Analysis: Ambiguous signals (remote: 0, onsite: 0)",N/A,listing_page,Yes,https://www.allovoisins.com/v/carrelage
N/A,Recherche Réparation voiture à Saint-Sébastien-sur-Loire,France,N/A,N/A,N/A,N/A,allovoisins,general,unknown,N/A,N/A,N/A,on-site,MEDIUM,No,"NLP Analysis: Ambiguous signals (remote: 0, onsite: 0)",N/A,listing_page,Yes,https://www.allovoisins.com/v/reparation-voiture
N/A,Recherche Ménage à Sainte-Maxime,France,N/A,N/A,N/A,N/A,allovoisins,general,unknown,N/A,N/A,N/A,on-site,HIGH,No,Obvious on-site work: ménage,N/A,listing_page,Yes,https://www.allovoisins.com/v/femme-de-menage
N/A,Cherche Évacuation déchets - Gravats à Nice,France,N/A,N/A,N/A,N/A,allovoisins,general,unknown,N/A,N/A,N/A,on-site,MEDIUM,No,"NLP Analysis: Ambiguous signals (remote: 0, onsite: 0)",N/A,listing_page,Yes,https://www.allovoisins.com/v/evacuation-dechets-gravats
N/A,Recherche Jardinier à Gerbamont,France,N/A,N/A,N/A,N/A,allovoisins,general,unknown,N/A,N/A,N/A,on-site,MEDIUM,No,"NLP Analysis: Ambiguous signals (remote: 0, onsite: 0)",N/A,listing_page,Yes,https://www.allovoisins.com/v/jardinier
N/A,Cherche Dépannage électroménager à Vitrolles,France,N/A,N/A,N/A,N/A,allovoisins,general,unknown,N/A,N/A,N/A,on-site,HIGH,No,Obvious on-site work: ménage,N/A,listing_page,Yes,https://www.allovoisins.com/v/depannage-electromenager
N/A,Cherche Ramonage - Fumiste à Cuincy,France,N/A,N/A,N/A,N/A,allovoisins,general,unknown,N/A,N/A,N/A,on-site,MEDIUM,No,"NLP Analysis: Ambiguous signals (remote: 0, onsite: 0)",N/A,listing_page,Yes,https://www.allovoisins.com/v/ramonage-fumiste
N/A,Recherche Dépannage électroménager à Vitrolles,France,N/A,N/A,N/A,N/A,allovoisins,general,unknown,N/A,N/A,N/A,on-site,HIGH,No,Obvious on-site work: ménage,N/A,listing_page,Yes,https://www.allovoisins.com/v/depannage-electromenager
N/A,Recherche Bricolage et multi services à Paris,France,N/A,N/A,N/A,N/A,allovoisins,general,unknown,N/A,N/A,N/A,on-site,HIGH,No,Obvious on-site work: bricolage,N/A,listing_page,Yes,https://www.allovoisins.com/v/bricolage-petits-travaux
N/A,Cherche Jardinier à Saint-Maur-des-Fossés,France,N/A,N/A,N/A,N/A,allovoisins,general,unknown,N/A,N/A,N/A,on-site,MEDIUM,No,"NLP Analysis: Ambiguous signals (remote: 0, onsite: 0)",N/A,listing_page,Yes,https://www.allovoisins.com/v/jardinier
N/A,Recherche Pose de parquet - Revêtement de sol à Roques,France,N/A,N/A,N/A,N/A,allovoisins,general,unknown,N/A,N/A,N/A,on-site,MEDIUM,No,"NLP Analysis: Ambiguous signals (remote: 0, onsite: 0)",N/A,listing_page,Yes,https://www.allovoisins.com/v/pose-de-parquet-revetement-de-sol
N/A,Cherche Plomberie - Installation sanitaire à Marseille,France,N/A,N/A,N/A,N/A,allovoisins,general,unknown,N/A,N/A,N/A,on-site,HIGH,No,Obvious on-site work: plomberie,N/A,listing_page,Yes,https://www.allovoisins.com/v/plomberie-installation-sanitaire
N/A,Recherche Bricolage et multi services à Le Mans,France,N/A,N/A,N/A,N/A,allovoisins,general,unknown,N/A,N/A,N/A,on-site,HIGH,No,Obvious on-site work: bricolage,N/A,listing_page,Yes,https://www.allovoisins.com/v/bricolage-petits-travaux
N/A,Recherche Bricolage et multi services à Vincennes,France,N/A,50€,N/A,N/A,allovoisins,general,unknown,N/A,N/A,N/A,on-site,HIGH,No,Obvious on-site work: bricolage,N/A,listing_page,Yes,https://www.allovoisins.com/v/bricolage-petits-travaux
N/A,Cherche Peinture - Tapisserie à Lapugnoy,France,N/A,N/A,N/A,N/A,allovoisins,general,unknown,N/A,N/A,N/A,on-site,HIGH,No,Obvious on-site work: peinture,N/A,listing_page,Yes,https://www.allovoisins.com/v/peinture-tapisserie
N/A,Recherche Jardinier à Clermont-l'Hérault,France,N/A,N/A,N/A,N/A,allovoisins,general,unknown,N/A,N/A,N/A,on-site,MEDIUM,No,"NLP Analysis: Ambiguous signals (remote: 0, onsite: 0)",N/A,listing_page,Yes,https://www.allovoisins.com/v/jardinier
N/A,Cherche Jardinier à Clermont-l'Hérault,France,N/A,N/A,N/A,N/A,allovoisins,general,unknown,N/A,N/A,N/A,on-site,MEDIUM,No,"NLP Analysis: Ambiguous signals (remote: 0, onsite: 0)",N/A,listing_page,Yes,https://www.allovoisins.com/v/jardinier
N/A,Cherche Bricolage et multi services à Bruay-la-Buissière,France,N/A,N/A,N/A,N/A,allovoisins,general,unknown,N/A,N/A,N/A,on-site,HIGH,No,Obvious on-site work: bricolage,N/A,listing_page,Yes,https://www.allovoisins.com/v/bricolage-petits-travaux
N/A,Cherche Livraison - Transport de colis à Neuilly-sur-Marne,France,N/A,N/A,N/A,N/A,allovoisins,general,unknown,N/A,N/A,N/A,on-site,HIGH,No,Obvious on-site work: livraison,N/A,listing_page,Yes,https://www.allovoisins.com/v/livraison-transport-de-colis
N/A,Cherche Garde chien à Saint-Martin-du-Tertre,France,N/A,N/A,N/A,N/A,allovoisins,general,unknown,N/A,N/A,N/A,on-site,MEDIUM,No,"NLP Analysis: Ambiguous signals (remote: 0, onsite: 0)",N/A,listing_page,Yes,https://www.allovoisins.com/v/garde-chien
N/A,Cherche Dépannage électroménager à Lyon,France,N/A,N/A,N/A,N/A,allovoisins,general,unknown,N/A,N/A,N/A,on-site,HIGH,No,Obvious on-site work: ménage,N/A,listing_page,Yes,https://www.allovoisins.com/v/depannage-electromenager
N/A,Recherche Réparation carrosserie à Vaulx-en-Velin,France,N/A,N/A,N/A,N/A,allovoisins,general,unknown,N/A,N/A,N/A,on-site,MEDIUM,No,"NLP Analysis: Ambiguous signals (remote: 0, onsite: 0)",N/A,listing_page,Yes,https://www.allovoisins.com/v/reparation-carrosserie
N/A,Cherche Garde chien à Saint-Martin-du-Tertre,France,N/A,N/A,N/A,N/A,allovoisins,general,unknown,N/A,N/A,N/A,on-site,MEDIUM,No,"NLP Analysis: Ambiguous signals (remote: 0, onsite: 0)",N/A,listing_page,Yes,https://www.allovoisins.com/v/garde-chien
N/A,Recherche Livraison - Transport de colis à Brest,France,N/A,N/A,N/A,N/A,allovoisins,general,unknown,N/A,N/A,N/A,on-site,HIGH,No,Obvious on-site work: livraison,N/A,listing_page,Yes,https://www.allovoisins.com/v/livraison-transport-de-colis
N/A,Cherche Paysagiste - Aménagement du jardin à Boissy-sans-Avoir,France,N/A,N/A,N/A,N/A,allovoisins,general,unknown,N/A,N/A,N/A,on-site,HIGH,No,Obvious on-site work: ménage,N/A,listing_page,Yes,https://www.allovoisins.com/v/paysagiste-amenagement-du-jardin
N/A,Cherche Réparation voiture à Souppes-sur-Loing,France,N/A,N/A,N/A,N/A,allovoisins,general,unknown,N/A,N/A,N/A,on-site,MEDIUM,No,"NLP Analysis: Ambiguous signals (remote: 0, onsite: 0)",N/A,listing_page,Yes,https://www.allovoisins.com/v/reparation-voiture
N/A,Recherche Couverture - Toiture à Villequiers,France,N/A,N/A,N/A,N/A,allovoisins,general,unknown,N/A,N/A,N/A,on-site,MEDIUM,No,"NLP Analysis: Ambiguous signals (remote: 0, onsite: 0)",N/A,listing_page,Yes,https://www.allovoisins.com/v/couverture-toiture
N/A,Recherche Terrassement - Assainissement à Casteide-Cami,France,N/A,N/A,N/A,N/A,allovoisins,general,unknown,N/A,N/A,N/A,on-site,MEDIUM,No,"NLP Analysis: Ambiguous signals (remote: 0, onsite: 0)",N/A,listing_page,Yes,https://www.allovoisins.com/v/terrassement-assainissement
N/A,Cherche Manutention à Rennes,France,N/A,N/A,N/A,N/A,allovoisins,general,unknown,N/A,N/A,N/A,on-site,MEDIUM,No,"NLP Analysis: Ambiguous signals (remote: 0, onsite: 0)",N/A,listing_page,Yes,https://www.allovoisins.com/v/manutention
N/A,Recherche Paysagiste - Aménagement du jardin à Saint-Agnin-sur-Bion,France,N/A,N/A,N/A,N/A,allovoisins,general,unknown,N/A,N/A,N/A,on-site,HIGH,No,Obvious on-site work: ménage,N/A,listing_page,Yes,https://www.allovoisins.com/v/paysagiste-amenagement-du-jardin
N/A,Cherche Installation électrique à Faches-Thumesnil,France,N/A,N/A,N/A,N/A,allovoisins,general,unknown,N/A,N/A,N/A,on-site,MEDIUM,No,"NLP Analysis: Ambiguous signals (remote: 0, onsite: 0)",N/A,listing_page,Yes,https://www.allovoisins.com/v/installation-electrique
N/A,Recherche Montage meubles en kit à Bordeaux,France,N/A,N/A,N/A,N/A,allovoisins,general,unknown,N/A,N/A,N/A,on-site,MEDIUM,No,"NLP Analysis: Ambiguous signals (remote: 0, onsite: 0)",N/A,listing_page,Yes,https://www.allovoisins.com/v/montage-meubles-en-kit
N/A,Recherche Bricolage et multi services à Maromme,France,N/A,N/A,N/A,N/A,allovoisins,general,unknown,N/A,N/A,N/A,on-site,HIGH,No,Obvious on-site work: bricolage,N/A,listing_page,Yes,https://www.allovoisins.com/v/bricolage-petits-travaux
N/A,Cherche Tonte de pelouse - Débroussaillage à Feyzin,France,N/A,N/A,N/A,N/A,allovoisins,general,unknown,N/A,N/A,N/A,on-site,MEDIUM,No,"NLP Analysis: Ambiguous signals (remote: 0, onsite: 0)",N/A,listing_page,Yes,https://www.allovoisins.com/v/tonte-de-pelouse-debroussaillage
N/A,Cherche Livraison - Transport de colis à Paris,France,N/A,5€,N/A,N/A,allovoisins,general,unknown,N/A,N/A,N/A,on-site,HIGH,No,Obvious on-site work: livraison,N/A,listing_page,Yes,https://www.allovoisins.com/v/livraison-transport-de-colis
N/A,Recherche Montage meubles en kit à Étréchy,France,N/A,N/A,N/A,N/A,allovoisins,general,unknown,N/A,N/A,N/A,on-site,MEDIUM,No,"NLP Analysis: Ambiguous signals (remote: 0, onsite: 0)",N/A,listing_page,Yes,https://www.allovoisins.com/v/montage-meubles-en-kit
N/A,Recherche Montage meubles en kit à Saint-Cast-le-Guildo,France,N/A,15€,N/A,N/A,allovoisins,general,unknown,N/A,N/A,N/A,on-site,MEDIUM,No,"NLP Analysis: Ambiguous signals (remote: 0, onsite: 0)",N/A,listing_page,Yes,https://www.allovoisins.com/v/montage-meubles-en-kit
N/A,Recherche Tonte de pelouse - Débroussaillage à Fargues-Saint-Hilaire,France,N/A,N/A,N/A,N/A,allovoisins,general,unknown,N/A,N/A,N/A,on-site,MEDIUM,No,"NLP Analysis: Ambiguous signals (remote: 0, onsite: 0)",N/A,listing_page,Yes,https://www.allovoisins.com/v/tonte-de-pelouse-debroussaillage
N/A,Cherche Garde chien à Scorbé-Clairvaux,France,N/A,N/A,N/A,N/A,allovoisins,general,unknown,N/A,N/A,N/A,on-site,MEDIUM,No,"NLP Analysis: Ambiguous signals (remote: 0, onsite: 0)",N/A,listing_page,Yes,https://www.allovoisins.com/v/garde-chien
N/A,Recherche Maçonnerie à Halluin,France,N/A,N/A,N/A,N/A,allovoisins,general,unknown,N/A,N/A,N/A,on-site,HIGH,No,Obvious on-site work: maçon,N/A,listing_page,Yes,https://www.allovoisins.com/v/maconnerie
N/A,Cherche Maçonnerie à Dijon,France,N/A,N/A,N/A,N/A,allovoisins,general,unknown,N/A,N/A,N/A,on-site,HIGH,No,Obvious on-site work: maçon,N/A,listing_page,Yes,https://www.allovoisins.com/v/maconnerie
N/A,Recherche Serrurerie à Chambéry,France,N/A,N/A,N/A,N/A,allovoisins,general,unknown,N/A,N/A,N/A,on-site,MEDIUM,No,"NLP Analysis: Ambiguous signals (remote: 0, onsite: 0)",N/A,listing_page,Yes,https://www.allovoisins.com/v/serrurerie
N/A,Recherche Plomberie - Installation sanitaire à Malakoff,France,N/A,N/A,N/A,N/A,allovoisins,general,unknown,N/A,N/A,N/A,on-site,HIGH,No,Obvious on-site work: plomberie,N/A,listing_page,Yes,https://www.allovoisins.com/v/plomberie-installation-sanitaire
N/A,Cherche Plomberie - Installation sanitaire à Noisy-le-Sec,France,N/A,N/A,N/A,N/A,allovoisins,general,unknown,N/A,N/A,N/A,on-site,HIGH,No,Obvious on-site work: plomberie,N/A,listing_page,Yes,https://www.allovoisins.com/v/plomberie-installation-sanitaire
N/A,Cherche Déménageurs et aide au déménagement à Larmor-Plage,France,N/A,N/A,N/A,N/A,allovoisins,general,unknown,N/A,N/A,N/A,on-site,HIGH,No,Obvious on-site work: ménage,N/A,listing_page,Yes,https://www.allovoisins.com/v/demenagement
N/A,Cherche Déménageurs et aide au déménagement à Atton,France,N/A,N/A,N/A,N/A,allovoisins,general,unknown,N/A,N/A,N/A,on-site,HIGH,No,Obvious on-site work: ménage,N/A,listing_page,Yes,https://www.allovoisins.com/v/demenagement
N/A,Recherche Déménageurs et aide au déménagement à Atton,France,N/A,N/A,N/A,N/A,allovoisins,general,unknown,N/A,N/A,N/A,on-site,HIGH,No,Obvious on-site work: ménage,N/A,listing_page,Yes,https://www.allovoisins.com/v/demenagement
N/A,Recherche Maçonnerie à Treffieux,France,N/A,N/A,N/A,N/A,allovoisins,general,unknown,N/A,N/A,N/A,on-site,HIGH,No,Obvious on-site work: maçon,N/A,listing_page,Yes,https://www.allovoisins.com/v/maconnerie
N/A,Recherche Couverture - Toiture à Saint-Sulpice-sur-Lèze,France,N/A,N/A,N/A,N/A,allovoisins,general,unknown,N/A,N/A,N/A,on-site,MEDIUM,No,"NLP Analysis: Ambiguous signals (remote: 0, onsite: 0)",N/A,listing_page,Yes,https://www.allovoisins.com/v/couverture-toiture
N/A,Recherche Plomberie - Installation sanitaire à Metz,France,N/A,N/A,N/A,N/A,allovoisins,general,unknown,N/A,N/A,N/A,on-site,HIGH,No,Obvious on-site work: plomberie,N/A,listing_page,Yes,https://www.allovoisins.com/v/plomberie-installation-sanitaire
N/A,Recherche Bricolage et multi services à Paris,France,N/A,N/A,N/A,N/A,allovoisins,general,unknown,N/A,N/A,N/A,on-site,HIGH,No,Obvious on-site work: bricolage,N/A,listing_page,Yes,https://www.allovoisins.com/v/bricolage-petits-travaux
N/A,Recherche Bricolage et multi services à Bordeaux,France,N/A,N/A,N/A,N/A,allovoisins,general,unknown,N/A,N/A,N/A,on-site,HIGH,No,Obvious on-site work: bricolage,N/A,listing_page,Yes,https://www.allovoisins.com/v/bricolage-petits-travaux
N/A,Cherche Réparation voiture à Échenon,France,N/A,N/A,N/A,N/A,allovoisins,general,unknown,N/A,N/A,N/A,on-site,MEDIUM,No,"NLP Analysis: Ambiguous signals (remote: 0, onsite: 0)",N/A,listing_page,Yes,https://www.allovoisins.com/v/reparation-voiture
N/A,Cherche Menuiserie - Huisserie - Agencement à Roissy-en-Brie,France,N/A,N/A,N/A,N/A,allovoisins,general,unknown,N/A,N/A,N/A,on-site,MEDIUM,No,"NLP Analysis: Ambiguous signals (remote: 0, onsite: 0)",N/A,listing_page,Yes,https://www.allovoisins.com/v/menuiserie-huisserie-agencement
N/A,Recherche Covoiturage (partage de frais) à Colomiers,France,N/A,N/A,N/A,N/A,allovoisins,general,unknown,N/A,N/A,N/A,on-site,MEDIUM,No,"NLP Analysis: Ambiguous signals (remote: 0, onsite: 0)",N/A,listing_page,Yes,https://www.allovoisins.com/v/covoiturage-partage-de-frais
N/A,Cherche Terrassement - Assainissement à Halluin,France,N/A,N/A,N/A,N/A,allovoisins,general,unknown,N/A,N/A,N/A,on-site,MEDIUM,No,"NLP Analysis: Ambiguous signals (remote: 0, onsite: 0)",N/A,listing_page,Yes,https://www.allovoisins.com/v/terrassement-assainissement
N/A,Recherche Menuiserie - Huisserie - Agencement à Narrosse,France,N/A,N/A,N/A,N/A,allovoisins,general,unknown,N/A,N/A,N/A,on-site,MEDIUM,No,"NLP Analysis: Ambiguous signals (remote: 0, onsite: 0)",N/A,listing_page,Yes,https://www.allovoisins.com/v/menuiserie-huisserie-agencement
N/A,Cherche Peinture - Tapisserie à Meyzieu,France,N/A,N/A,N/A,N/A,allovoisins,general,unknown,N/A,N/A,N/A,on-site,HIGH,No,Obvious on-site work: peinture,N/A,listing_page,Yes,https://www.allovoisins.com/v/peinture-tapisserie
N/A,Cherche Montage photo video à Rochefort,France,N/A,N/A,N/A,N/A,allovoisins,general,unknown,N/A,N/A,N/A,on-site,HIGH,No,Obvious on-site work: chef,N/A,listing_page,Yes,https://www.allovoisins.com/v/montage-photo-video
N/A,Cherche Elagage et coupe d'arbres à Saint-Laurent-la-Conche,France,N/A,N/A,N/A,N/A,allovoisins,general,unknown,N/A,N/A,N/A,on-site,MEDIUM,No,"NLP Analysis: Ambiguous signals (remote: 0, onsite: 0)",N/A,listing_page,Yes,https://www.allovoisins.com/v/elagage-et-coupe-d-arbres
N/A,Cherche Évacuation déchets - Gravats à Dijon,France,N/A,30€,N/A,N/A,allovoisins,general,unknown,N/A,N/A,N/A,on-site,MEDIUM,No,"NLP Analysis: Ambiguous signals (remote: 0, onsite: 0)",N/A,listing_page,Yes,https://www.allovoisins.com/v/evacuation-dechets-gravats
N/A,Recherche Dépannage électroménager à Savigny-sur-Orge,France,N/A,30€,N/A,N/A,allovoisins,general,unknown,N/A,N/A,N/A,on-site,HIGH,No,Obvious on-site work: ménage,N/A,listing_page,Yes,https://www.allovoisins.com/v/depannage-electromenager
N/A,Recherche Tonte de pelouse - Débroussaillage à Pompignan,France,N/A,N/A,N/A,N/A,allovoisins,general,unknown,N/A,N/A,N/A,on-site,MEDIUM,No,"NLP Analysis: Ambiguous signals (remote: 0, onsite: 0)",N/A,listing_page,Yes,https://www.allovoisins.com/v/tonte-de-pelouse-debroussaillage
N/A,Recherche Bricolage et multi services à Cannes,France,N/A,N/A,N/A,N/A,allovoisins,general,unknown,N/A,N/A,N/A,on-site,HIGH,No,Obvious on-site work: bricolage,N/A,listing_page,Yes,https://www.allovoisins.com/v/bricolage-petits-travaux
N/A,Cherche Elagage et coupe d'arbres à Saint-Laurent-la-Conche,France,N/A,N/A,N/A,N/A,allovoisins,general,unknown,N/A,N/A,N/A,on-site,MEDIUM,No,"NLP Analysis: Ambiguous signals (remote: 0, onsite: 0)",N/A,listing_page,Yes,https://www.allovoisins.com/v/elagage-et-coupe-d-arbres
N/A,Cherche Plomberie - Installation sanitaire à Fléac,France,N/A,N/A,N/A,N/A,allovoisins,general,unknown,N/A,N/A,N/A,on-site,HIGH,No,Obvious on-site work: plomberie,N/A,listing_page,Yes,https://www.allovoisins.com/v/plomberie-installation-sanitaire
N/A,Recherche Réparation outillage à Ollioules,France,N/A,N/A,N/A,N/A,allovoisins,general,unknown,N/A,N/A,N/A,on-site,MEDIUM,No,"NLP Analysis: Ambiguous signals (remote: 0, onsite: 0)",N/A,listing_page,Yes,https://www.allovoisins.com/v/reparation-outillage
N/A,Recherche Terrassement - Assainissement à Alençon,France,N/A,N/A,N/A,N/A,allovoisins,general,unknown,N/A,N/A,N/A,on-site,MEDIUM,No,"NLP Analysis: Ambiguous signals (remote: 0, onsite: 0)",N/A,listing_page,Yes,https://www.allovoisins.com/v/terrassement-assainissement
N/A,Cherche Livraison - Transport de colis à Issy-les-Moulineaux,France,N/A,N/A,N/A,N/A,allovoisins,general,unknown,N/A,N/A,N/A,on-site,HIGH,No,Obvious on-site work: livraison,N/A,listing_page,Yes,https://www.allovoisins.com/v/livraison-transport-de-colis
N/A,Cherche Jardinier à Brest,France,N/A,N/A,N/A,N/A,allovoisins,general,unknown,N/A,N/A,N/A,on-site,MEDIUM,No,"NLP Analysis: Ambiguous signals (remote: 0, onsite: 0)",N/A,listing_page,Yes,https://www.allovoisins.com/v/jardinier
N/A,Cherche Peinture - Tapisserie à Brest,France,N/A,N/A,N/A,N/A,allovoisins,general,unknown,N/A,N/A,N/A,on-site,HIGH,No,Obvious on-site work: peinture,N/A,listing_page,Yes,https://www.allovoisins.com/v/peinture-tapisserie
N/A,Recherche Peinture - Tapisserie à Brest,France,N/A,N/A,N/A,N/A,allovoisins,general,unknown,N/A,N/A,N/A,on-site,HIGH,No,Obvious on-site work: peinture,N/A,listing_page,Yes,https://www.allovoisins.com/v/peinture-tapisserie
N/A,Cherche Peinture - Tapisserie à Brest,France,N/A,N/A,N/A,N/A,allovoisins,general,unknown,N/A,N/A,N/A,on-site,HIGH,No,Obvious on-site work: peinture,N/A,listing_page,Yes,https://www.allovoisins.com/v/peinture-tapisserie
N/A,Recherche Bricolage et multi services à Beaucourt,France,N/A,N/A,N/A,N/A,allovoisins,general,unknown,N/A,N/A,N/A,on-site,HIGH,No,Obvious on-site work: bricolage,N/A,listing_page,Yes,https://www.allovoisins.com/v/bricolage-petits-travaux
N/A,Recherche Jardinier à Saint-Gaudens,France,N/A,N/A,N/A,N/A,allovoisins,general,unknown,N/A,N/A,N/A,on-site,MEDIUM,No,"NLP Analysis: Ambiguous signals (remote: 0, onsite: 0)",N/A,listing_page,Yes,https://www.allovoisins.com/v/jardinier
N/A,Cherche Jardinier à Cherisy,France,N/A,N/A,N/A,N/A,allovoisins,general,unknown,N/A,N/A,N/A,on-site,MEDIUM,No,"NLP Analysis: Ambiguous signals (remote: 0, onsite: 0)",N/A,listing_page,Yes,https://www.allovoisins.com/v/jardinier
N/A,Recherche Livraison - Transport de colis à Perpignan,France,N/A,N/A,N/A,N/A,allovoisins,general,unknown,N/A,N/A,N/A,on-site,HIGH,No,Obvious on-site work: livraison,N/A,listing_page,Yes,https://www.allovoisins.com/v/livraison-transport-de-colis
N/A,Recherche Covoiturage (partage de frais) à Chemillé-en-Anjou,France,N/A,N/A,N/A,N/A,allovoisins,general,unknown,N/A,N/A,N/A,on-site,MEDIUM,No,"NLP Analysis: Ambiguous signals (remote: 0, onsite: 0)",N/A,listing_page,Yes,https://www.allovoisins.com/v/covoiturage-partage-de-frais
N/A,Cherche Plomberie - Installation sanitaire à Marolles-en-Hurepoix,France,N/A,N/A,N/A,N/A,allovoisins,general,unknown,N/A,N/A,N/A,on-site,HIGH,No,Obvious on-site work: plomberie,N/A,listing_page,Yes,https://www.allovoisins.com/v/plomberie-installation-sanitaire
N/A,Recherche Bricolage et multi services à Tournefeuille,France,N/A,N/A,N/A,N/A,allovoisins,general,unknown,N/A,N/A,N/A,on-site,HIGH,No,Obvious on-site work: bricolage,N/A,listing_page,Yes,https://www.allovoisins.com/v/bricolage-petits-travaux
N/A,Cherche Serrurerie à Amnéville,France,N/A,N/A,N/A,N/A,allovoisins,general,unknown,N/A,N/A,N/A,on-site,MEDIUM,No,"NLP Analysis: Ambiguous signals (remote: 0, onsite: 0)",N/A,listing_page,Yes,https://www.allovoisins.com/v/serrurerie
N/A,Cherche Peinture - Tapisserie à Brest,France,N/A,N/A,N/A,N/A,allovoisins,general,unknown,N/A,N/A,N/A,on-site,HIGH,No,Obvious on-site work: peinture,N/A,listing_page,Yes,https://www.allovoisins.com/v/peinture-tapisserie
N/A,Recherche Installation électrique à Balma,France,N/A,N/A,N/A,N/A,allovoisins,general,unknown,N/A,N/A,N/A,on-site,MEDIUM,No,"NLP Analysis: Ambiguous signals (remote: 0, onsite: 0)",N/A,listing_page,Yes,https://www.allovoisins.com/v/installation-electrique
N/A,Cherche Artisan d'art à Toulouse,France,N/A,N/A,N/A,N/A,allovoisins,general,unknown,N/A,N/A,N/A,on-site,MEDIUM,No,"NLP Analysis: Ambiguous signals (remote: 0, onsite: 0)",N/A,listing_page,Yes,https://www.allovoisins.com/v/artisan-d-art
N/A,Cherche Aide à domicile à Paris,France,N/A,N/A,N/A,N/A,allovoisins,general,unknown,N/A,N/A,N/A,on-site,HIGH,No,Obvious on-site work: aide à domicile,N/A,listing_page,Yes,https://www.allovoisins.com/v/aide-a-domicile
N/A,Recherche Cours de français à Torcy,France,N/A,N/A,N/A,N/A,allovoisins,general,unknown,N/A,N/A,N/A,on-site,MEDIUM,No,"NLP Analysis: Ambiguous signals (remote: 0, onsite: 0)",N/A,listing_page,Yes,https://www.allovoisins.com/v/cours-de-francais
N/A,Recherche Conciergerie à Saint-Cyr-sur-Mer,France,N/A,N/A,N/A,N/A,allovoisins,general,unknown,N/A,N/A,N/A,on-site,MEDIUM,No,"NLP Analysis: Ambiguous signals (remote: 0, onsite: 0)",N/A,listing_page,Yes,https://www.allovoisins.com/v/conciergerie
N/A,Recherche Carrelage à Basse-Goulaine,France,N/A,N/A,N/A,N/A,allovoisins,general,unknown,N/A,N/A,N/A,on-site,MEDIUM,No,"NLP Analysis: Ambiguous signals (remote: 0, onsite: 0)",N/A,listing_page,Yes,https://www.allovoisins.com/v/carrelage
N/A,Cherche Réparation voiture à Thonon-les-Bains,France,N/A,N/A,N/A,N/A,allovoisins,general,unknown,N/A,N/A,N/A,on-site,MEDIUM,No,"NLP Analysis: Ambiguous signals (remote: 0, onsite: 0)",N/A,listing_page,Yes,https://www.allovoisins.com/v/reparation-voiture
N/A,Cherche Plomberie - Installation sanitaire à Granville,France,N/A,N/A,N/A,N/A,allovoisins,general,unknown,N/A,N/A,N/A,on-site,HIGH,No,Obvious on-site work: plomberie,N/A,listing_page,Yes,https://www.allovoisins.com/v/plomberie-installation-sanitaire
N/A,Recherche Réparation voiture à Fontenilles,France,N/A,N/A,N/A,N/A,allovoisins,general,unknown,N/A,N/A,N/A,on-site,MEDIUM,No,"NLP Analysis: Ambiguous signals (remote: 0, onsite: 0)",N/A,listing_page,Yes,https://www.allovoisins.com/v/reparation-voiture
N/A,Cherche Livraison - Transport de colis à Lyon,France,N/A,N/A,N/A,N/A,allovoisins,general,unknown,N/A,N/A,N/A,on-site,HIGH,No,Obvious on-site work: livraison,N/A,listing_page,Yes,https://www.allovoisins.com/v/livraison-transport-de-colis
N/A,Recherche Ramonage - Fumiste à Janville-sur-Juine,France,N/A,N/A,N/A,N/A,allovoisins,general,unknown,N/A,N/A,N/A,on-site,MEDIUM,No,"NLP Analysis: Ambiguous signals (remote: 0, onsite: 0)",N/A,listing_page,Yes,https://www.allovoisins.com/v/ramonage-fumiste
N/A,Recherche Dépannage électroménager à Villepinte,France,N/A,N/A,N/A,N/A,allovoisins,general,unknown,N/A,N/A,N/A,on-site,HIGH,No,Obvious on-site work: ménage,N/A,listing_page,Yes,https://www.allovoisins.com/v/depannage-electromenager
N/A,Recherche Réparation vélo - moto à Chantepie,France,N/A,N/A,N/A,N/A,allovoisins,general,unknown,N/A,N/A,N/A,on-site,MEDIUM,No,"NLP Analysis: Ambiguous signals (remote: 0, onsite: 0)",N/A,listing_page,Yes,https://www.allovoisins.com/v/reparation-velo-moto
N/A,Cherche Dépannage informatique à Toulouse,France,N/A,N/A,N/A,N/A,allovoisins,general,unknown,N/A,N/A,N/A,on-site,MEDIUM,No,"NLP Analysis: Ambiguous signals (remote: 0, onsite: 0)",N/A,listing_page,Yes,https://www.allovoisins.com/v/depannage-informatique
N/A,Cherche Plomberie - Installation sanitaire à Allonnes,France,N/A,N/A,N/A,N/A,allovoisins,general,unknown,N/A,N/A,N/A,on-site,HIGH,No,Obvious on-site work: plomberie,N/A,listing_page,Yes,https://www.allovoisins.com/v/plomberie-installation-sanitaire
N/A,Cherche Carrelage à Saint-Pierre-des-Corps,France,N/A,N/A,N/A,N/A,allovoisins,general,unknown,N/A,N/A,N/A,on-site,MEDIUM,No,"NLP Analysis: Ambiguous signals (remote: 0, onsite: 0)",N/A,listing_page,Yes,https://www.allovoisins.com/v/carrelage
N/A,Recherche Plomberie - Installation sanitaire à Mauguio,France,N/A,N/A,N/A,N/A,allovoisins,general,unknown,N/A,N/A,N/A,on-site,HIGH,No,Obvious on-site work: plomberie,N/A,listing_page,Yes,https://www.allovoisins.com/v/plomberie-installation-sanitaire
N/A,Recherche Couturière à Saint-Denis,France,N/A,N/A,N/A,N/A,allovoisins,general,unknown,N/A,N/A,N/A,on-site,MEDIUM,No,"NLP Analysis: Ambiguous signals (remote: 0, onsite: 0)",N/A,listing_page,Yes,https://www.allovoisins.com/v/couturiere
N/A,Cherche Gateau d'anniversaire - cake art à Sarran,France,N/A,N/A,N/A,N/A,allovoisins,general,unknown,N/A,N/A,N/A,on-site,MEDIUM,No,"NLP Analysis: Ambiguous signals (remote: 0, onsite: 0)",N/A,listing_page,Yes,https://www.allovoisins.com/v/gateau-d-anniversaire-cake-art
N/A,Recherche Baby sitting à Rocques,France,N/A,N/A,N/A,N/A,allovoisins,general,unknown,N/A,N/A,N/A,on-site,HIGH,No,Obvious on-site work: baby,N/A,listing_page,Yes,https://www.allovoisins.com/v/baby-sitting
N/A,Cherche Livraison - Transport de colis à Écully,France,N/A,N/A,N/A,N/A,allovoisins,general,unknown,N/A,N/A,N/A,on-site,HIGH,No,Obvious on-site work: livraison,N/A,listing_page,Yes,https://www.allovoisins.com/v/livraison-transport-de-colis
N/A,Cherche Secrétariat à Boulogne-Billancourt,France,N/A,N/A,N/A,N/A,allovoisins,general,unknown,N/A,N/A,N/A,remote,MEDIUM,Yes,NLP Analysis: Strong remote indicators (score: 3 vs 0),N/A,listing_page,Yes,https://www.allovoisins.com/v/secretariat
N/A,Recherche Montage meubles en kit à Aurillac,France,N/A,N/A,N/A,N/A,allovoisins,general,unknown,N/A,N/A,N/A,on-site,MEDIUM,No,"NLP Analysis: Ambiguous signals (remote: 0, onsite: 0)",N/A,listing_page,Yes,https://www.allovoisins.com/v/montage-meubles-en-kit
N/A,Cherche Livraison - Transport de colis à L'Hospitalet-du-Larzac,France,N/A,N/A,N/A,N/A,allovoisins,general,unknown,N/A,N/A,N/A,on-site,HIGH,No,Obvious on-site work: livraison,N/A,listing_page,Yes,https://www.allovoisins.com/v/livraison-transport-de-colis
N/A,Cherche Jardinier à La Garnache,France,N/A,N/A,N/A,N/A,allovoisins,general,unknown,N/A,N/A,N/A,on-site,MEDIUM,No,"NLP Analysis: Ambiguous signals (remote: 0, onsite: 0)",N/A,listing_page,Yes,https://www.allovoisins.com/v/jardinier
N/A,Recherche Installation électrique à Bordeaux,France,N/A,N/A,N/A,N/A,allovoisins,general,unknown,N/A,N/A,N/A,on-site,MEDIUM,No,"NLP Analysis: Ambiguous signals (remote: 0, onsite: 0)",N/A,listing_page,Yes,https://www.allovoisins.com/v/installation-electrique
N/A,Recherche Ménage à Mayet,France,N/A,N/A,N/A,N/A,allovoisins,general,unknown,N/A,N/A,N/A,on-site,HIGH,No,Obvious on-site work: ménage,N/A,listing_page,Yes,https://www.allovoisins.com/v/femme-de-menage
N/A,Recherche Menuiserie - Huisserie - Agencement à Villemomble,France,N/A,N/A,N/A,N/A,allovoisins,general,unknown,N/A,N/A,N/A,on-site,MEDIUM,No,"NLP Analysis: Ambiguous signals (remote: 0, onsite: 0)",N/A,listing_page,Yes,https://www.allovoisins.com/v/menuiserie-huisserie-agencement
N/A,Cherche Évacuation déchets - Gravats à Méry-sur-Marne,France,N/A,N/A,N/A,N/A,allovoisins,general,unknown,N/A,N/A,N/A,on-site,MEDIUM,No,"NLP Analysis: Ambiguous signals (remote: 0, onsite: 0)",N/A,listing_page,Yes,https://www.allovoisins.com/v/evacuation-dechets-gravats
N/A,Cherche Baby sitting à Blanquefort,France,N/A,N/A,N/A,N/A,allovoisins,general,unknown,N/A,N/A,N/A,on-site,HIGH,No,Obvious on-site work: baby,N/A,listing_page,Yes,https://www.allovoisins.com/v/baby-sitting
N/A,Recherche Entretien - Réparation autres véhicules à Plourin-lès-Morlaix,France,N/A,N/A,N/A,N/A,allovoisins,general,unknown,N/A,N/A,N/A,on-site,MEDIUM,No,"NLP Analysis: Ambiguous signals (remote: 0, onsite: 0)",N/A,listing_page,Yes,https://www.allovoisins.com/v/entretien-reparation-autres-vehicules
N/A,Cherche Réparation voiture à Toulouse,France,N/A,N/A,N/A,N/A,allovoisins,general,unknown,N/A,N/A,N/A,on-site,MEDIUM,No,"NLP Analysis: Ambiguous signals (remote: 0, onsite: 0)",N/A,listing_page,Yes,https://www.allovoisins.com/v/reparation-voiture
N/A,Recherche Réparation voiture à Montmorency,France,N/A,N/A,N/A,N/A,allovoisins,general,unknown,N/A,N/A,N/A,on-site,MEDIUM,No,"NLP Analysis: Ambiguous signals (remote: 0, onsite: 0)",N/A,listing_page,Yes,https://www.allovoisins.com/v/reparation-voiture
N/A,Cherche Dépannage électroménager à Perpignan,France,N/A,N/A,N/A,N/A,allovoisins,general,unknown,N/A,N/A,N/A,on-site,HIGH,No,Obvious on-site work: ménage,N/A,listing_page,Yes,https://www.allovoisins.com/v/depannage-electromenager
N/A,Recherche Jardinier à Pessac,France,N/A,N/A,N/A,N/A,allovoisins,general,unknown,N/A,N/A,N/A,on-site,MEDIUM,No,"NLP Analysis: Ambiguous signals (remote: 0, onsite: 0)",N/A,listing_page,Yes,https://www.allovoisins.com/v/jardinier
N/A,Recherche Ménage à Houilles,France,N/A,N/A,N/A,N/A,allovoisins,general,unknown,N/A,N/A,N/A,on-site,HIGH,No,Obvious on-site work: ménage,N/A,listing_page,Yes,https://www.allovoisins.com/v/femme-de-menage
N/A,Recherche Bricolage et multi services à Saint-Tropez,France,N/A,N/A,N/A,N/A,allovoisins,general,unknown,N/A,N/A,N/A,on-site,HIGH,No,Obvious on-site work: bricolage,N/A,listing_page,Yes,https://www.allovoisins.com/v/bricolage-petits-travaux
N/A,Recherche Dépannage électroménager à Charleville-Mézières,France,N/A,N/A,N/A,N/A,allovoisins,general,unknown,N/A,N/A,N/A,on-site,HIGH,No,Obvious on-site work: ménage,N/A,listing_page,Yes,https://www.allovoisins.com/v/depannage-electromenager
N/A,Recherche Plomberie - Installation sanitaire à Antibes,France,N/A,N/A,N/A,N/A,allovoisins,general,unknown,N/A,N/A,N/A,on-site,HIGH,No,Obvious on-site work: plomberie,N/A,listing_page,Yes,https://www.allovoisins.com/v/plomberie-installation-sanitaire
N/A,Cherche Chaudronnerie - Soudure à Saint-Félix-Lauragais,France,N/A,N/A,N/A,N/A,allovoisins,general,unknown,N/A,N/A,N/A,on-site,MEDIUM,No,"NLP Analysis: Ambiguous signals (remote: 0, onsite: 0)",N/A,listing_page,Yes,https://www.allovoisins.com/v/chaudronnerie-soudure
N/A,Recherche Bricolage et multi services à Montpellier,France,N/A,N/A,N/A,N/A,allovoisins,general,unknown,N/A,N/A,N/A,on-site,HIGH,No,Obvious on-site work: bricolage,N/A,listing_page,Yes,https://www.allovoisins.com/v/bricolage-petits-travaux
N/A,Cherche Bricolage et multi services à Cavaillon,France,N/A,N/A,N/A,N/A,allovoisins,general,unknown,N/A,N/A,N/A,on-site,HIGH,No,Obvious on-site work: bricolage,N/A,listing_page,Yes,https://www.allovoisins.com/v/bricolage-petits-travaux
N/A,Recherche Ménage à Bourg,France,N/A,N/A,N/A,N/A,allovoisins,general,unknown,N/A,N/A,N/A,on-site,HIGH,No,Obvious on-site work: ménage,N/A,listing_page,Yes,https://www.allovoisins.com/v/femme-de-menage
N/A,Recherche Livraison - Transport de colis à Vendes,France,N/A,N/A,N/A,N/A,allovoisins,general,unknown,N/A,N/A,N/A,on-site,HIGH,No,Obvious on-site work: livraison,N/A,listing_page,Yes,https://www.allovoisins.com/v/livraison-transport-de-colis
N/A,Recherche Coiffure à domicile à Évry-Courcouronnes,France,N/A,N/A,N/A,N/A,allovoisins,general,unknown,N/A,N/A,N/A,on-site,HIGH,No,Obvious on-site work: coiffure,N/A,listing_page,No,https://www.allovoisins.com/v/coiffure-a-domicile
N/A,Recherche Coiffure à domicile à Évry-Courcouronnes,France,N/A,N/A,N/A,N/A,allovoisins,general,unknown,N/A,N/A,N/A,on-site,HIGH,No,Obvious on-site work: coiffure,N/A,listing_page,No,https://www.allovoisins.com/v/coiffure-a-domicile
N/A,Recherche DJ - Disc Jockey à Caen,France,N/A,N/A,N/A,N/A,allovoisins,general,unknown,N/A,N/A,N/A,on-site,MEDIUM,No,"NLP Analysis: Ambiguous signals (remote: 0, onsite: 0)",N/A,listing_page,No,https://www.allovoisins.com/v/dj-disc-jockey
N/A,Cherche Plâtrerie - Murs - Plafonds à Vanves,France,N/A,N/A,N/A,N/A,allovoisins,general,unknown,N/A,N/A,N/A,on-site,MEDIUM,No,"NLP Analysis: Ambiguous signals (remote: 0, onsite: 0)",N/A,listing_page,No,https://www.allovoisins.com/v/platrerie-murs-plafonds
N/A,Recherche Garde chat à Roubaix,France,N/A,N/A,N/A,N/A,allovoisins,general,unknown,N/A,N/A,N/A,on-site,MEDIUM,No,"NLP Analysis: Ambiguous signals (remote: 0, onsite: 0)",N/A,listing_page,No,https://www.allovoisins.com/v/garde-chat
N/A,Recherche Chauffage - Climatisation à Fontenay-sous-Bois,France,N/A,N/A,N/A,N/A,allovoisins,general,unknown,N/A,N/A,N/A,on-site,MEDIUM,No,"NLP Analysis: Ambiguous signals (remote: 0, onsite: 0)",N/A,listing_page,No,https://www.allovoisins.com/v/chauffage-climatisation
N/A,Recherche PlûÂtrerie - Murs - Plafonds û  Saint-Denis,France,N/A,N/A,N/A,N/A,allovoisins,general,unknown,N/A,N/A,N/A,on-site,MEDIUM,No,"NLP Analysis: Ambiguous signals (remote: 0, onsite: 0)",N/A,listing_page,No,https://www.allovoisins.com/v/platrerie-murs-plafonds
N/A,Cherche Lingerie - Repassage à Guérande,France,N/A,N/A,N/A,N/A,allovoisins,general,unknown,N/A,N/A,N/A,on-site,HIGH,No,Obvious on-site work: repassage,N/A,listing_page,No,https://www.allovoisins.com/v/lingerie-repassage
N/A,Recherche Taille de pierre - Marbrerie à Carcassonne,France,N/A,N/A,N/A,N/A,allovoisins,general,unknown,N/A,N/A,N/A,on-site,MEDIUM,No,"NLP Analysis: Ambiguous signals (remote: 0, onsite: 0)",N/A,listing_page,No,https://www.allovoisins.com/v/taille-de-pierre-marbrerie
N/A,Recherche Plâtrerie - Murs - Plafonds à Fontenay-sous-Bois,France,N/A,N/A,N/A,N/A,allovoisins,general,unknown,N/A,N/A,N/A,on-site,MEDIUM,No,"NLP Analysis: Ambiguous signals (remote: 0, onsite: 0)",N/A,listing_page,No,https://www.allovoisins.com/v/platrerie-murs-plafonds
N/A,Cherche Taille de haies et d'arbustes à Caen,France,N/A,N/A,N/A,N/A,allovoisins,general,unknown,N/A,N/A,N/A,on-site,MEDIUM,No,"NLP Analysis: Ambiguous signals (remote: 0, onsite: 0)",N/A,listing_page,No,https://www.allovoisins.com/v/taille-de-haies-et-d-arbustes
N/A,Cherche Plâtrerie - Murs - Plafonds à Saint-Denis-du-Payré,France,N/A,N/A,N/A,N/A,allovoisins,general,unknown,N/A,N/A,N/A,on-site,MEDIUM,No,"NLP Analysis: Ambiguous signals (remote: 0, onsite: 0)",N/A,listing_page,No,https://www.allovoisins.com/v/platrerie-murs-plafonds
N/A,Cherche Entretien piscine à Marseille,France,N/A,N/A,N/A,N/A,allovoisins,general,unknown,N/A,N/A,N/A,on-site,MEDIUM,No,"NLP Analysis: Ambiguous signals (remote: 0, onsite: 0)",N/A,listing_page,No,https://www.allovoisins.com/v/entretien-piscine
N/A,Cherche Plâtrerie - Murs - Plafonds à Champigny-sur-Marne,France,N/A,N/A,N/A,N/A,allovoisins,general,unknown,N/A,N/A,N/A,on-site,MEDIUM,No,"NLP Analysis: Ambiguous signals (remote: 0, onsite: 0)",N/A,listing_page,No,https://www.allovoisins.com/v/platrerie-murs-plafonds
N/A,Cherche Charpente à Les Laubies,France,N/A,N/A,N/A,N/A,allovoisins,general,unknown,N/A,N/A,N/A,on-site,HIGH,No,Obvious on-site work: charpente,N/A,listing_page,No,https://www.allovoisins.com/v/charpente
N/A,Recherche Assistance informatique à Illiers-Combray,France,N/A,N/A,N/A,N/A,allovoisins,general,unknown,N/A,N/A,N/A,on-site,MEDIUM,No,"NLP Analysis: Ambiguous signals (remote: 0, onsite: 0)",N/A,listing_page,No,https://www.allovoisins.com/v/assistance-informatique
N/A,Recherche Entretien piscine à Cazères,France,N/A,N/A,N/A,N/A,allovoisins,general,unknown,N/A,N/A,N/A,on-site,MEDIUM,No,"NLP Analysis: Ambiguous signals (remote: 0, onsite: 0)",N/A,listing_page,No,https://www.allovoisins.com/v/entretien-piscine
N/A,Location machine à projeter - Soubise,France,N/A,50€,N/A,N/A,allovoisins,general,unknown,N/A,N/A,N/A,on-site,MEDIUM,No,"NLP Analysis: Ambiguous signals (remote: 0, onsite: 0)",Durée : 1 jour,detail_page,No,https://www.allovoisins.com/r/0/3/0/0/location-vente/Btp-chantier
N/A,Louer un garage - Mitry-Mory,France,N/A,50€,N/A,N/A,allovoisins,general,unknown,N/A,N/A,N/A,on-site,MEDIUM,No,"NLP Analysis: Ambiguous signals (remote: 0, onsite: 0)",Durée : 365 jours,detail_page,No,https://www.allovoisins.com/r/0/93/0/0/location-vente/Parking-stockage-hivernage
N/A,Recherche Plâtrerie - Murs - Plafonds à Fontenay-sous-Bois,France,N/A,N/A,N/A,N/A,allovoisins,general,unknown,N/A,N/A,N/A,on-site,MEDIUM,No,"NLP Analysis: Ambiguous signals (remote: 0, onsite: 0)",N/A,listing_page,No,https://www.allovoisins.com/v/platrerie-murs-plafonds
N/A,Cherche Taille de haies et d'arbustes à Caen,France,N/A,N/A,N/A,N/A,allovoisins,general,unknown,N/A,N/A,N/A,on-site,MEDIUM,No,"NLP Analysis: Ambiguous signals (remote: 0, onsite: 0)",N/A,listing_page,No,https://www.allovoisins.com/v/taille-de-haies-et-d-arbustes
N/A,Location machine à projeter - Soubise,France,N/A,50€,N/A,N/A,allovoisins,general,unknown,N/A,N/A,N/A,on-site,MEDIUM,No,"NLP Analysis: Ambiguous signals (remote: 0, onsite: 0)",Durée : 1 jour,detail_page,No,https://www.allovoisins.com/r/0/3/0/0/location-vente/Btp-chantier
N/A,Louer un garage - Mitry-Mory,France,N/A,50€,N/A,N/A,allovoisins,general,unknown,N/A,N/A,N/A,on-site,MEDIUM,No,"NLP Analysis: Ambiguous signals (remote: 0, onsite: 0)",Durée : 365 jours,detail_page,No,https://www.allovoisins.com/r/0/93/0/0/location-vente/Parking-stockage-hivernage
N/A,Recherche Plâtrerie - Murs - Plafonds à Fontenay-sous-Bois,France,N/A,N/A,N/A,N/A,allovoisins,general,unknown,N/A,N/A,N/A,on-site,MEDIUM,No,"NLP Analysis: Ambiguous signals (remote: 0, onsite: 0)",N/A,listing_page,No,https://www.allovoisins.com/v/platrerie-murs-plafonds
N/A,Cherche Taille de haies et d'arbustes à Caen,France,N/A,N/A,N/A,N/A,allovoisins,general,unknown,N/A,N/A,N/A,on-site,MEDIUM,No,"NLP Analysis: Ambiguous signals (remote: 0, onsite: 0)",N/A,listing_page,No,https://www.allovoisins.com/v/taille-de-haies-et-d-arbustes
N/A,Louer une bétonnière / toupie à béton - Dohem,France,N/A,21€,N/A,N/A,allovoisins,general,unknown,N/A,N/A,N/A,on-site,MEDIUM,No,"NLP Analysis: Ambiguous signals (remote: 0, onsite: 0)",Durée : 1 jour,detail_page,No,https://www.allovoisins.com/r/0/3/0/0/location-vente/Btp-chantier
N/A,Location broyeur de végétaux - Payrin-Augmontel,France,N/A,30€,N/A,N/A,allovoisins,general,employer,N/A,N/A,N/A,on-site,HIGH,No,"LLM: Location d'outils, nécessite présence physique",Durée : 1 jour,detail_page,No,https://www.allovoisins.com/r/0/11/0/0/location-vente/Outillage
N/A,Location machine à projeter - Soubise,France,N/A,50€,N/A,N/A,allovoisins,general,unknown,N/A,N/A,N/A,on-site,MEDIUM,No,"NLP Analysis: Ambiguous signals (remote: 0, onsite: 0)",Durée : 1 jour,detail_page,No,https://www.allovoisins.com/r/0/3/0/0/location-vente/Btp-chantier
N/A,Louer un garage - Mitry-Mory,France,N/A,50€,N/A,N/A,allovoisins,general,unknown,N/A,N/A,N/A,on-site,MEDIUM,No,"NLP Analysis: Ambiguous signals (remote: 0, onsite: 0)",Durée : 365 jours,detail_page,No,https://www.allovoisins.com/r/0/93/0/0/location-vente/Parking-stockage-hivernage
N/A,Recherche Plâtrerie - Murs - Plafonds à Fontenay-sous-Bois,France,N/A,N/A,N/A,N/A,allovoisins,general,unknown,N/A,N/A,N/A,on-site,MEDIUM,No,"NLP Analysis: Ambiguous signals (remote: 0, onsite: 0)",N/A,listing_page,No,https://www.allovoisins.com/v/platrerie-murs-plafonds
N/A,Cherche Taille de haies et d'arbustes à Caen,France,N/A,N/A,N/A,N/A,allovoisins,general,unknown,N/A,N/A,N/A,on-site,MEDIUM,No,"NLP Analysis: Ambiguous signals (remote: 0, onsite: 0)",N/A,listing_page,No,https://www.allovoisins.com/v/taille-de-haies-et-d-arbustes
N/A,Louer une fourgonette 9/12 m3 - Perpignan,France,N/A,30€,N/A,N/A,allovoisins,general,unknown,N/A,N/A,N/A,on-site,HIGH,No,Obvious on-site work: camion,N/A,listing_page,No,https://www.allovoisins.com/r/0/78/0/0/location-vente/Vehicule-utilitaire
N/A,Location machine à projeter - Soubise,France,N/A,50€,N/A,N/A,allovoisins,general,unknown,N/A,N/A,N/A,on-site,MEDIUM,No,"NLP Analysis: Ambiguous signals (remote: 0, onsite: 0)",Durée : 1 jour,detail_page,No,https://www.allovoisins.com/r/0/3/0/0/location-vente/Btp-chantier
N/A,Louer un garage - Mitry-Mory,France,N/A,50€,N/A,N/A,allovoisins,general,unknown,N/A,N/A,N/A,on-site,MEDIUM,No,"NLP Analysis: Ambiguous signals (remote: 0, onsite: 0)",Durée : 365 jours,detail_page,No,https://www.allovoisins.com/r/0/93/0/0/location-vente/Parking-stockage-hivernage
N/A,Recherche Plâtrerie - Murs - Plafonds à Fontenay-sous-Bois,France,N/A,N/A,N/A,N/A,allovoisins,general,unknown,N/A,N/A,N/A,on-site,MEDIUM,No,"NLP Analysis: Ambiguous signals (remote: 0, onsite: 0)",N/A,listing_page,No,https://www.allovoisins.com/v/platrerie-murs-plafonds
N/A,Cherche Taille de haies et d'arbustes à Caen,France,N/A,N/A,N/A,N/A,allovoisins,general,unknown,N/A,N/A,N/A,on-site,MEDIUM,No,"NLP Analysis: Ambiguous signals (remote: 0, onsite: 0)",N/A,listing_page,No,https://www.allovoisins.com/v/taille-de-haies-et-d-arbustes
N/A,Louer une fourgonette 9/12 m3 - Perpignan,France,N/A,30€,N/A,N/A,allovoisins,general,unknown,N/A,N/A,N/A,on-site,HIGH,No,Obvious on-site work: camion,N/A,listing_page,No,https://www.allovoisins.com/r/0/78/0/0/location-vente/Vehicule-utilitaire
N/A,Louer une fourgonette 9/12 m3 - Perpignan,France,N/A,30€,N/A,N/A,allovoisins,general,unknown,N/A,N/A,N/A,on-site,HIGH,No,Obvious on-site work: camion,N/A,listing_page,No,https://www.allovoisins.com/r/0/78/0/0/location-vente/Vehicule-utilitaire
N/A,Louer une bétonnière / toupie à béton - Dohem,France,N/A,21€,N/A,N/A,allovoisins,general,unknown,N/A,N/A,N/A,on-site,MEDIUM,No,"NLP Analysis: Ambiguous signals (remote: 0, onsite: 0)",Durée : 1 jour,detail_page,No,https://www.allovoisins.com/r/0/3/0/0/location-vente/Btp-chantier
N/A,Location broyeur de végétaux - Payrin-Augmontel,France,N/A,30€,N/A,N/A,allovoisins,general,employer,N/A,N/A,N/A,on-site,HIGH,No,"LLM: Location d'outils, nécessite présence physique",Durée : 1 jour,detail_page,No,https://www.allovoisins.com/r/0/11/0/0/location-vente/Outillage
N/A,Louer une bétonnière / toupie à béton - Dohem,France,N/A,21€,N/A,N/A,allovoisins,general,unknown,N/A,N/A,N/A,on-site,MEDIUM,No,"NLP Analysis: Ambiguous signals (remote: 0, onsite: 0)",Durée : 1 jour,detail_page,No,https://www.allovoisins.com/r/0/3/0/0/location-vente/Btp-chantier
N/A,Location broyeur de végétaux - Payrin-Augmontel,France,N/A,30€,N/A,N/A,allovoisins,general,employer,N/A,N/A,N/A,on-site,HIGH,No,"LLM: Location d'outils, nécessite présence physique",Durée : 1 jour,detail_page,No,https://www.allovoisins.com/r/0/11/0/0/location-vente/Outillage
N/A,Location machine à projeter - Soubise,France,N/A,50€,N/A,N/A,allovoisins,general,unknown,N/A,N/A,N/A,on-site,MEDIUM,No,"NLP Analysis: Ambiguous signals (remote: 0, onsite: 0)",Durée : 1 jour,detail_page,No,https://www.allovoisins.com/r/0/3/0/0/location-vente/Btp-chantier
N/A,Louer un garage - Mitry-Mory,France,N/A,50€,N/A,N/A,allovoisins,general,unknown,N/A,N/A,N/A,on-site,MEDIUM,No,"NLP Analysis: Ambiguous signals (remote: 0, onsite: 0)",Durée : 365 jours,detail_page,No,https://www.allovoisins.com/r/0/93/0/0/location-vente/Parking-stockage-hivernage
N/A,Recherche Plâtrerie - Murs - Plafonds à Fontenay-sous-Bois,France,N/A,N/A,N/A,N/A,allovoisins,general,unknown,N/A,N/A,N/A,on-site,MEDIUM,No,"NLP Analysis: Ambiguous signals (remote: 0, onsite: 0)",N/A,listing_page,No,https://www.allovoisins.com/v/platrerie-murs-plafonds
N/A,Cherche Taille de haies et d'arbustes à Caen,France,N/A,N/A,N/A,N/A,allovoisins,general,unknown,N/A,N/A,N/A,on-site,MEDIUM,No,"NLP Analysis: Ambiguous signals (remote: 0, onsite: 0)",N/A,listing_page,No,https://www.allovoisins.com/v/taille-de-haies-et-d-arbustes
N/A,Louer une bétonnière / toupie à béton - Dohem,France,N/A,21€,N/A,N/A,allovoisins,general,unknown,N/A,N/A,N/A,on-site,MEDIUM,No,"NLP Analysis: Ambiguous signals (remote: 0, onsite: 0)",Durée : 1 jour,detail_page,No,https://www.allovoisins.com/r/0/3/0/0/location-vente/Btp-chantier
N/A,Location broyeur de végétaux - Payrin-Augmontel,France,N/A,30€,N/A,N/A,allovoisins,general,employer,N/A,N/A,N/A,on-site,HIGH,No,"LLM: Location d'outils, nécessite présence physique",Durée : 1 jour,detail_page,No,https://www.allovoisins.com/r/0/11/0/0/location-vente/Outillage
N/A,Location machine à projeter - Soubise,France,N/A,50€,N/A,N/A,allovoisins,general,unknown,N/A,N/A,N/A,on-site,MEDIUM,No,"NLP Analysis: Ambiguous signals (remote: 0, onsite: 0)",Durée : 1 jour,detail_page,No,https://www.allovoisins.com/r/0/3/0/0/location-vente/Btp-chantier
N/A,Louer un garage - Mitry-Mory,France,N/A,50€,N/A,N/A,allovoisins,general,unknown,N/A,N/A,N/A,on-site,MEDIUM,No,"NLP Analysis: Ambiguous signals (remote: 0, onsite: 0)",Durée : 365 jours,detail_page,No,https://www.allovoisins.com/r/0/93/0/0/location-vente/Parking-stockage-hivernage
N/A,Recherche Plâtrerie - Murs - Plafonds à Fontenay-sous-Bois,France,N/A,N/A,N/A,N/A,allovoisins,general,unknown,N/A,N/A,N/A,on-site,MEDIUM,No,"NLP Analysis: Ambiguous signals (remote: 0, onsite: 0)",N/A,listing_page,No,https://www.allovoisins.com/v/platrerie-murs-plafonds
N/A,Cherche Taille de haies et d'arbustes à Caen,France,N/A,N/A,N/A,N/A,allovoisins,general,unknown,N/A,N/A,N/A,on-site,MEDIUM,No,"NLP Analysis: Ambiguous signals (remote: 0, onsite: 0)",N/A,listing_page,No,https://www.allovoisins.com/v/taille-de-haies-et-d-arbustes
N/A,Louer une fourgonette 9/12 m3 - Perpignan,France,N/A,30€,N/A,N/A,allovoisins,general,unknown,N/A,N/A,N/A,on-site,HIGH,No,Obvious on-site work: camion,N/A,listing_page,No,https://www.allovoisins.com/r/0/78/0/0/location-vente/Vehicule-utilitaire
N/A,Louer une fourgonette 9/12 m3 - Perpignan,France,N/A,30€,N/A,N/A,allovoisins,general,unknown,N/A,N/A,N/A,on-site,HIGH,No,Obvious on-site work: camion,N/A,listing_page,No,https://www.allovoisins.com/r/0/78/0/0/location-vente/Vehicule-utilitaire
N/A,Location machine à projeter - Soubise,France,N/A,50€,N/A,N/A,allovoisins,general,unknown,N/A,N/A,N/A,on-site,MEDIUM,No,"NLP Analysis: Ambiguous signals (remote: 0, onsite: 0)",Durée : 1 jour,detail_page,No,https://www.allovoisins.com/r/0/3/0/0/location-vente/Btp-chantier
N/A,Louer un garage - Mitry-Mory,France,N/A,50€,N/A,N/A,allovoisins,general,unknown,N/A,N/A,N/A,on-site,MEDIUM,No,"NLP Analysis: Ambiguous signals (remote: 0, onsite: 0)",Durée : 365 jours,detail_page,No,https://www.allovoisins.com/r/0/93/0/0/location-vente/Parking-stockage-hivernage
N/A,Recherche Plâtrerie - Murs - Plafonds à Fontenay-sous-Bois,France,N/A,N/A,N/A,N/A,allovoisins,general,unknown,N/A,N/A,N/A,on-site,MEDIUM,No,"NLP Analysis: Ambiguous signals (remote: 0, onsite: 0)",N/A,listing_page,No,https://www.allovoisins.com/v/platrerie-murs-plafonds
N/A,Cherche Taille de haies et d'arbustes à Caen,France,N/A,N/A,N/A,N/A,allovoisins,general,unknown,N/A,N/A,N/A,on-site,MEDIUM,No,"NLP Analysis: Ambiguous signals (remote: 0, onsite: 0)",N/A,listing_page,No,https://www.allovoisins.com/v/taille-de-haies-et-d-arbustes
N/A,Cherche Plâtrerie - Murs - Plafonds à Plonéour-Lanvern,France,N/A,N/A,N/A,N/A,allovoisins,general,unknown,N/A,N/A,N/A,on-site,MEDIUM,No,"NLP Analysis: Ambiguous signals (remote: 0, onsite: 0)",N/A,listing_page,No,https://www.allovoisins.com/v/platrerie-murs-plafonds
N/A,Location motoculteur - Blaignac,France,N/A,30€,N/A,N/A,allovoisins,general,employer,N/A,N/A,N/A,on-site,HIGH,No,"LLM: Location d'outils, nécessite présence physique",Durée : 1 jour,detail_page,No,https://www.allovoisins.com/r/0/11/0/0/location-vente/Outillage
N/A,Louer un groupe électrogène - Saint-Sériès,France,N/A,20€,N/A,N/A,allovoisins,general,unknown,N/A,N/A,N/A,on-site,MEDIUM,No,"NLP Analysis: Ambiguous signals (remote: 0, onsite: 0)",Durée : 1 jour,detail_page,No,https://www.allovoisins.com/r/0/3/0/0/location-vente/Btp-chantier
N/A,Louer une remorque porte-voiture / remorque routière - Colombey les Deux Églises,France,N/A,50€,N/A,N/A,allovoisins,general,unknown,N/A,N/A,N/A,on-site,MEDIUM,No,"NLP Analysis: Ambiguous signals (remote: 0, onsite: 0)",N/A,listing_page,No,https://www.allovoisins.com/r/0/79/0/0/location-vente/Remorque-accessoires-auto
N/A,Recherche Garde animaux à Rive-de-Gier,France,N/A,N/A,N/A,N/A,allovoisins,general,unknown,N/A,N/A,N/A,on-site,MEDIUM,No,"NLP Analysis: Ambiguous signals (remote: 0, onsite: 0)",N/A,listing_page,No,https://www.allovoisins.com/v/garde-animaux
N/A,Cherche Plâtrerie - Murs - Plafonds à Plonéour-Lanvern,France,N/A,N/A,N/A,N/A,allovoisins,general,unknown,N/A,N/A,N/A,on-site,MEDIUM,No,"NLP Analysis: Ambiguous signals (remote: 0, onsite: 0)",N/A,listing_page,No,https://www.allovoisins.com/v/platrerie-murs-plafonds
N/A,Location motoculteur - Blaignac,France,N/A,30€,N/A,N/A,allovoisins,general,employer,N/A,N/A,N/A,on-site,HIGH,No,"LLM: Location d'outils, nécessite présence physique",Durée : 1 jour,detail_page,No,https://www.allovoisins.com/r/0/11/0/0/location-vente/Outillage
N/A,Louer un groupe électrogène - Saint-Sériès,France,N/A,20€,N/A,N/A,allovoisins,general,unknown,N/A,N/A,N/A,on-site,MEDIUM,No,"NLP Analysis: Ambiguous signals (remote: 0, onsite: 0)",Durée : 1 jour,detail_page,No,https://www.allovoisins.com/r/0/3/0/0/location-vente/Btp-chantier
N/A,Louer une remorque porte-voiture / remorque routière - Colombey les Deux Églises,France,N/A,50€,N/A,N/A,allovoisins,general,unknown,N/A,N/A,N/A,on-site,MEDIUM,No,"NLP Analysis: Ambiguous signals (remote: 0, onsite: 0)",N/A,listing_page,No,https://www.allovoisins.com/r/0/79/0/0/location-vente/Remorque-accessoires-auto
N/A,Recherche Garde animaux à Rive-de-Gier,France,N/A,N/A,N/A,N/A,allovoisins,general,unknown,N/A,N/A,N/A,on-site,MEDIUM,No,"NLP Analysis: Ambiguous signals (remote: 0, onsite: 0)",N/A,listing_page,No,https://www.allovoisins.com/v/garde-animaux
N/A,Cherche Plâtrerie - Murs - Plafonds à Plonéour-Lanvern,France,N/A,N/A,N/A,N/A,allovoisins,general,unknown,N/A,N/A,N/A,on-site,MEDIUM,No,"NLP Analysis: Ambiguous signals (remote: 0, onsite: 0)",N/A,listing_page,No,https://www.allovoisins.com/v/platrerie-murs-plafonds
N/A,Location motoculteur - Blaignac,France,N/A,30€,N/A,N/A,allovoisins,general,employer,N/A,N/A,N/A,on-site,HIGH,No,"LLM: Location d'outils, nécessite présence physique",Durée : 1 jour,detail_page,No,https://www.allovoisins.com/r/0/11/0/0/location-vente/Outillage
N/A,Louer un groupe électrogène - Saint-Sériès,France,N/A,20€,N/A,N/A,allovoisins,general,unknown,N/A,N/A,N/A,on-site,MEDIUM,No,"NLP Analysis: Ambiguous signals (remote: 0, onsite: 0)",Durée : 1 jour,detail_page,No,https://www.allovoisins.com/r/0/3/0/0/location-vente/Btp-chantier
N/A,Louer une remorque porte-voiture / remorque routière - Colombey les Deux Églises,France,N/A,50€,N/A,N/A,allovoisins,general,unknown,N/A,N/A,N/A,on-site,MEDIUM,No,"NLP Analysis: Ambiguous signals (remote: 0, onsite: 0)",N/A,listing_page,No,https://www.allovoisins.com/r/0/79/0/0/location-vente/Remorque-accessoires-auto
N/A,Recherche Garde animaux à Rive-de-Gier,France,N/A,N/A,N/A,N/A,allovoisins,general,unknown,N/A,N/A,N/A,on-site,MEDIUM,No,"NLP Analysis: Ambiguous signals (remote: 0, onsite: 0)",N/A,listing_page,No,https://www.allovoisins.com/v/garde-animaux
N/A,Cherche Plâtrerie - Murs - Plafonds à Plonéour-Lanvern,France,N/A,N/A,N/A,N/A,allovoisins,general,unknown,N/A,N/A,N/A,on-site,MEDIUM,No,"NLP Analysis: Ambiguous signals (remote: 0, onsite: 0)",N/A,listing_page,No,https://www.allovoisins.com/v/platrerie-murs-plafonds
N/A,Location motoculteur - Blaignac,France,N/A,30€,N/A,N/A,allovoisins,general,employer,N/A,N/A,N/A,on-site,HIGH,No,"LLM: Location d'outils, nécessite présence physique",Durée : 1 jour,detail_page,No,https://www.allovoisins.com/r/0/11/0/0/location-vente/Outillage
N/A,Louer un groupe électrogène - Saint-Sériès,France,N/A,20€,N/A,N/A,allovoisins,general,unknown,N/A,N/A,N/A,on-site,MEDIUM,No,"NLP Analysis: Ambiguous signals (remote: 0, onsite: 0)",Durée : 1 jour,detail_page,No,https://www.allovoisins.com/r/0/3/0/0/location-vente/Btp-chantier
N/A,Louer une remorque porte-voiture / remorque routière - Colombey les Deux Églises,France,N/A,50€,N/A,N/A,allovoisins,general,unknown,N/A,N/A,N/A,on-site,MEDIUM,No,"NLP Analysis: Ambiguous signals (remote: 0, onsite: 0)",N/A,listing_page,No,https://www.allovoisins.com/r/0/79/0/0/location-vente/Remorque-accessoires-auto
N/A,Recherche Garde animaux à Rive-de-Gier,France,N/A,N/A,N/A,N/A,allovoisins,general,unknown,N/A,N/A,N/A,on-site,MEDIUM,No,"NLP Analysis: Ambiguous signals (remote: 0, onsite: 0)",N/A,listing_page,No,https://www.allovoisins.com/v/garde-animaux
N/A,Louer une bétonnière / toupie à béton - Dohem,France,N/A,21€,N/A,N/A,allovoisins,general,unknown,N/A,N/A,N/A,on-site,MEDIUM,No,"NLP Analysis: Ambiguous signals (remote: 0, onsite: 0)",Durée : 1 jour,detail_page,No,https://www.allovoisins.com/r/0/3/0/0/location-vente/Btp-chantier
N/A,Location broyeur de végétaux - Payrin-Augmontel,France,N/A,30€,N/A,N/A,allovoisins,general,employer,N/A,N/A,N/A,on-site,HIGH,No,"LLM: Location d'outils, nécessite présence physique",Durée : 1 jour,detail_page,No,https://www.allovoisins.com/r/0/11/0/0/location-vente/Outillage
N/A,Louer une bétonnière / toupie à béton - Dohem,France,N/A,21€,N/A,N/A,allovoisins,general,unknown,N/A,N/A,N/A,on-site,MEDIUM,No,"NLP Analysis: Ambiguous signals (remote: 0, onsite: 0)",Durée : 1 jour,detail_page,No,https://www.allovoisins.com/r/0/3/0/0/location-vente/Btp-chantier
N/A,Location broyeur de végétaux - Payrin-Augmontel,France,N/A,30€,N/A,N/A,allovoisins,general,employer,N/A,N/A,N/A,on-site,HIGH,No,"LLM: Location d'outils, nécessite présence physique",Durée : 1 jour,detail_page,No,https://www.allovoisins.com/r/0/11/0/0/location-vente/Outillage
N/A,Cherche Plâtrerie - Murs - Plafonds à Plonéour-Lanvern,France,N/A,N/A,N/A,N/A,allovoisins,general,unknown,N/A,N/A,N/A,on-site,MEDIUM,No,"NLP Analysis: Ambiguous signals (remote: 0, onsite: 0)",N/A,listing_page,No,https://www.allovoisins.com/v/platrerie-murs-plafonds
N/A,Location motoculteur - Blaignac,France,N/A,30€,N/A,N/A,allovoisins,general,employer,N/A,N/A,N/A,on-site,HIGH,No,"LLM: Location d'outils, nécessite présence physique",Durée : 1 jour,detail_page,No,https://www.allovoisins.com/r/0/11/0/0/location-vente/Outillage
N/A,Louer un groupe électrogène - Saint-Sériès,France,N/A,20€,N/A,N/A,allovoisins,general,unknown,N/A,N/A,N/A,on-site,MEDIUM,No,"NLP Analysis: Ambiguous signals (remote: 0, onsite: 0)",Durée : 1 jour,detail_page,No,https://www.allovoisins.com/r/0/3/0/0/location-vente/Btp-chantier
N/A,Louer une remorque porte-voiture / remorque routière - Colombey les Deux Églises,France,N/A,50€,N/A,N/A,allovoisins,general,unknown,N/A,N/A,N/A,on-site,MEDIUM,No,"NLP Analysis: Ambiguous signals (remote: 0, onsite: 0)",N/A,listing_page,No,https://www.allovoisins.com/r/0/79/0/0/location-vente/Remorque-accessoires-auto
N/A,Recherche Garde animaux à Rive-de-Gier,France,N/A,N/A,N/A,N/A,allovoisins,general,unknown,N/A,N/A,N/A,on-site,MEDIUM,No,"NLP Analysis: Ambiguous signals (remote: 0, onsite: 0)",N/A,listing_page,No,https://www.allovoisins.com/v/garde-animaux
N/A,Louer une fourgonette 9/12 m3 - Perpignan,France,N/A,30€,N/A,N/A,allovoisins,general,unknown,N/A,N/A,N/A,on-site,HIGH,No,Obvious on-site work: camion,N/A,listing_page,No,https://www.allovoisins.com/r/0/78/0/0/location-vente/Vehicule-utilitaire
N/A,Louer une bétonnière / toupie à béton - Dohem,France,N/A,21€,N/A,N/A,allovoisins,general,unknown,N/A,N/A,N/A,on-site,MEDIUM,No,"NLP Analysis: Ambiguous signals (remote: 0, onsite: 0)",Durée : 1 jour,detail_page,No,https://www.allovoisins.com/r/0/3/0/0/location-vente/Btp-chantier
N/A,Location broyeur de végétaux - Payrin-Augmontel,France,N/A,30€,N/A,N/A,allovoisins,general,employer,N/A,N/A,N/A,on-site,HIGH,No,"LLM: Location d'outils, nécessite présence physique",Durée : 1 jour,detail_page,No,https://www.allovoisins.com/r/0/11/0/0/location-vente/Outillage
N/A,Louer une fourgonette 9/12 m3 - Perpignan,France,N/A,30€,N/A,N/A,allovoisins,general,unknown,N/A,N/A,N/A,on-site,HIGH,No,Obvious on-site work: camion,N/A,listing_page,No,https://www.allovoisins.com/r/0/78/0/0/location-vente/Vehicule-utilitaire
N/A,Louer une fourgonette 9/12 m3 - Perpignan,France,N/A,30€,N/A,N/A,allovoisins,general,unknown,N/A,N/A,N/A,on-site,HIGH,No,Obvious on-site work: camion,N/A,listing_page,No,https://www.allovoisins.com/r/0/78/0/0/location-vente/Vehicule-utilitaire
N/A,Cherche Plâtrerie - Murs - Plafonds à Plonéour-Lanvern,France,N/A,N/A,N/A,N/A,allovoisins,general,unknown,N/A,N/A,N/A,on-site,MEDIUM,No,"NLP Analysis: Ambiguous signals (remote: 0, onsite: 0)",N/A,listing_page,No,https://www.allovoisins.com/v/platrerie-murs-plafonds
N/A,Location motoculteur - Blaignac,France,N/A,30€,N/A,N/A,allovoisins,general,employer,N/A,N/A,N/A,on-site,HIGH,No,"LLM: Location d'outils, nécessite présence physique",Durée : 1 jour,detail_page,No,https://www.allovoisins.com/r/0/11/0/0/location-vente/Outillage
N/A,Louer un groupe électrogène - Saint-Sériès,France,N/A,20€,N/A,N/A,allovoisins,general,unknown,N/A,N/A,N/A,on-site,MEDIUM,No,"NLP Analysis: Ambiguous signals (remote: 0, onsite: 0)",Durée : 1 jour,detail_page,No,https://www.allovoisins.com/r/0/3/0/0/location-vente/Btp-chantier
N/A,Louer une remorque porte-voiture / remorque routière - Colombey les Deux Églises,France,N/A,50€,N/A,N/A,allovoisins,general,unknown,N/A,N/A,N/A,on-site,MEDIUM,No,"NLP Analysis: Ambiguous signals (remote: 0, onsite: 0)",N/A,listing_page,No,https://www.allovoisins.com/r/0/79/0/0/location-vente/Remorque-accessoires-auto
N/A,Recherche Garde animaux à Rive-de-Gier,France,N/A,N/A,N/A,N/A,allovoisins,general,unknown,N/A,N/A,N/A,on-site,MEDIUM,No,"NLP Analysis: Ambiguous signals (remote: 0, onsite: 0)",N/A,listing_page,No,https://www.allovoisins.com/v/garde-animaux
N/A,Louer une bétonnière / toupie à béton - Dohem,France,N/A,21€,N/A,N/A,allovoisins,general,unknown,N/A,N/A,N/A,on-site,MEDIUM,No,"NLP Analysis: Ambiguous signals (remote: 0, onsite: 0)",Durée : 1 jour,detail_page,No,https://www.allovoisins.com/r/0/3/0/0/location-vente/Btp-chantier
N/A,Location broyeur de végétaux - Payrin-Augmontel,France,N/A,30€,N/A,N/A,allovoisins,general,employer,N/A,N/A,N/A,on-site,HIGH,No,"LLM: Location d'outils, nécessite présence physique",Durée : 1 jour,detail_page,No,https://www.allovoisins.com/r/0/11/0/0/location-vente/Outillage
N/A,Cherche Plâtrerie - Murs - Plafonds à Plonéour-Lanvern,France,N/A,N/A,N/A,N/A,allovoisins,general,unknown,N/A,N/A,N/A,on-site,MEDIUM,No,"NLP Analysis: Ambiguous signals (remote: 0, onsite: 0)",N/A,listing_page,No,https://www.allovoisins.com/v/platrerie-murs-plafonds
N/A,Location motoculteur - Blaignac,France,N/A,30€,N/A,N/A,allovoisins,general,employer,N/A,N/A,N/A,on-site,HIGH,No,"LLM: Location d'outils, nécessite présence physique",Durée : 1 jour,detail_page,No,https://www.allovoisins.com/r/0/11/0/0/location-vente/Outillage
N/A,Louer un groupe électrogène - Saint-Sériès,France,N/A,20€,N/A,N/A,allovoisins,general,unknown,N/A,N/A,N/A,on-site,MEDIUM,No,"NLP Analysis: Ambiguous signals (remote: 0, onsite: 0)",Durée : 1 jour,detail_page,No,https://www.allovoisins.com/r/0/3/0/0/location-vente/Btp-chantier
N/A,Louer une remorque porte-voiture / remorque routière - Colombey les Deux Églises,France,N/A,50€,N/A,N/A,allovoisins,general,unknown,N/A,N/A,N/A,on-site,MEDIUM,No,"NLP Analysis: Ambiguous signals (remote: 0, onsite: 0)",N/A,listing_page,No,https://www.allovoisins.com/r/0/79/0/0/location-vente/Remorque-accessoires-auto
N/A,Recherche Garde animaux à Rive-de-Gier,France,N/A,N/A,N/A,N/A,allovoisins,general,unknown,N/A,N/A,N/A,on-site,MEDIUM,No,"NLP Analysis: Ambiguous signals (remote: 0, onsite: 0)",N/A,listing_page,No,https://www.allovoisins.com/v/garde-animaux
N/A,Louer une fourgonette 9/12 m3 - Perpignan,France,N/A,30€,N/A,N/A,allovoisins,general,unknown,N/A,N/A,N/A,on-site,HIGH,No,Obvious on-site work: camion,N/A,listing_page,No,https://www.allovoisins.com/r/0/78/0/0/location-vente/Vehicule-utilitaire
N/A,Louer une bétonnière / toupie à béton - Dohem,France,N/A,21€,N/A,N/A,allovoisins,general,unknown,N/A,N/A,N/A,on-site,MEDIUM,No,"NLP Analysis: Ambiguous signals (remote: 0, onsite: 0)",Durée : 1 jour,detail_page,No,https://www.allovoisins.com/r/0/3/0/0/location-vente/Btp-chantier
N/A,Location broyeur de végétaux - Payrin-Augmontel,France,N/A,30€,N/A,N/A,allovoisins,general,employer,N/A,N/A,N/A,on-site,HIGH,No,"LLM: Location d'outils, nécessite présence physique",Durée : 1 jour,detail_page,No,https://www.allovoisins.com/r/0/11/0/0/location-vente/Outillage
N/A,Cherche Plâtrerie - Murs - Plafonds à Plonéour-Lanvern,France,N/A,N/A,N/A,N/A,allovoisins,general,unknown,N/A,N/A,N/A,on-site,MEDIUM,No,"NLP Analysis: Ambiguous signals (remote: 0, onsite: 0)",N/A,listing_page,No,https://www.allovoisins.com/v/platrerie-murs-plafonds
N/A,Location motoculteur - Blaignac,France,N/A,30€,N/A,N/A,allovoisins,general,employer,N/A,N/A,N/A,on-site,HIGH,No,"LLM: Location d'outils, nécessite présence physique",Durée : 1 jour,detail_page,No,https://www.allovoisins.com/r/0/11/0/0/location-vente/Outillage
N/A,Louer un groupe électrogène - Saint-Sériès,France,N/A,20€,N/A,N/A,allovoisins,general,unknown,N/A,N/A,N/A,on-site,MEDIUM,No,"NLP Analysis: Ambiguous signals (remote: 0, onsite: 0)",Durée : 1 jour,detail_page,No,https://www.allovoisins.com/r/0/3/0/0/location-vente/Btp-chantier
N/A,Louer une remorque porte-voiture / remorque routière - Colombey les Deux Églises,France,N/A,50€,N/A,N/A,allovoisins,general,unknown,N/A,N/A,N/A,on-site,MEDIUM,No,"NLP Analysis: Ambiguous signals (remote: 0, onsite: 0)",N/A,listing_page,No,https://www.allovoisins.com/r/0/79/0/0/location-vente/Remorque-accessoires-auto
N/A,Recherche Garde animaux à Rive-de-Gier,France,N/A,N/A,N/A,N/A,allovoisins,general,unknown,N/A,N/A,N/A,on-site,MEDIUM,No,"NLP Analysis: Ambiguous signals (remote: 0, onsite: 0)",N/A,listing_page,No,https://www.allovoisins.com/v/garde-animaux
N/A,Louer une fourgonette 9/12 m3 - Perpignan,France,N/A,30€,N/A,N/A,allovoisins,general,unknown,N/A,N/A,N/A,on-site,HIGH,No,Obvious on-site work: camion,N/A,listing_page,No,https://www.allovoisins.com/r/0/78/0/0/location-vente/Vehicule-utilitaire
N/A,Louer une fourgonette 9/12 m3 - Perpignan,France,N/A,30€,N/A,N/A,allovoisins,general,unknown,N/A,N/A,N/A,on-site,HIGH,No,Obvious on-site work: camion,N/A,listing_page,No,https://www.allovoisins.com/r/0/78/0/0/location-vente/Vehicule-utilitaire
N/A,Louer une bétonnière / toupie à béton - Dohem,France,N/A,21€,N/A,N/A,allovoisins,general,unknown,N/A,N/A,N/A,on-site,MEDIUM,No,"NLP Analysis: Ambiguous signals (remote: 0, onsite: 0)",Durée : 1 jour,detail_page,No,https://www.allovoisins.com/r/0/3/0/0/location-vente/Btp-chantier
N/A,Location broyeur de végétaux - Payrin-Augmontel,France,N/A,30€,N/A,N/A,allovoisins,general,employer,N/A,N/A,N/A,on-site,HIGH,No,"LLM: Location d'outils, nécessite présence physique",Durée : 1 jour,detail_page,No,https://www.allovoisins.com/r/0/11/0/0/location-vente/Outillage
N/A,Louer une fourgonette 9/12 m3 - Perpignan,France,N/A,30€,N/A,N/A,allovoisins,general,unknown,N/A,N/A,N/A,on-site,HIGH,No,Obvious on-site work: camion,N/A,listing_page,No,https://www.allovoisins.com/r/0/78/0/0/location-vente/Vehicule-utilitaire
N/A,Cherche Plâtrerie - Murs - Plafonds à Plonéour-Lanvern,France,N/A,N/A,N/A,N/A,allovoisins,general,unknown,N/A,N/A,N/A,on-site,MEDIUM,No,"NLP Analysis: Ambiguous signals (remote: 0, onsite: 0)",N/A,listing_page,No,https://www.allovoisins.com/v/platrerie-murs-plafonds
N/A,Location motoculteur - Blaignac,France,N/A,30€,N/A,N/A,allovoisins,general,employer,N/A,N/A,N/A,on-site,HIGH,No,"LLM: Location d'outils, nécessite présence physique",Durée : 1 jour,detail_page,No,https://www.allovoisins.com/r/0/11/0/0/location-vente/Outillage
N/A,Louer un groupe électrogène - Saint-Sériès,France,N/A,20€,N/A,N/A,allovoisins,general,unknown,N/A,N/A,N/A,on-site,MEDIUM,No,"NLP Analysis: Ambiguous signals (remote: 0, onsite: 0)",Durée : 1 jour,detail_page,No,https://www.allovoisins.com/r/0/3/0/0/location-vente/Btp-chantier
N/A,Louer une remorque porte-voiture / remorque routière - Colombey les Deux Églises,France,N/A,50€,N/A,N/A,allovoisins,general,unknown,N/A,N/A,N/A,on-site,MEDIUM,No,"NLP Analysis: Ambiguous signals (remote: 0, onsite: 0)",N/A,listing_page,No,https://www.allovoisins.com/r/0/79/0/0/location-vente/Remorque-accessoires-auto
N/A,Recherche Garde animaux à Rive-de-Gier,France,N/A,N/A,N/A,N/A,allovoisins,general,unknown,N/A,N/A,N/A,on-site,MEDIUM,No,"NLP Analysis: Ambiguous signals (remote: 0, onsite: 0)",N/A,listing_page,No,https://www.allovoisins.com/v/garde-animaux
N/A,Cherche Plâtrerie - Murs - Plafonds à Plonéour-Lanvern,France,N/A,N/A,N/A,N/A,allovoisins,general,unknown,N/A,N/A,N/A,on-site,MEDIUM,No,"NLP Analysis: Ambiguous signals (remote: 0, onsite: 0)",N/A,listing_page,No,https://www.allovoisins.com/v/platrerie-murs-plafonds
N/A,Location motoculteur - Blaignac,France,N/A,30€,N/A,N/A,allovoisins,general,employer,N/A,N/A,N/A,on-site,HIGH,No,"LLM: Location d'outils, nécessite présence physique",Durée : 1 jour,detail_page,No,https://www.allovoisins.com/r/0/11/0/0/location-vente/Outillage
N/A,Louer un groupe électrogène - Saint-Sériès,France,N/A,20€,N/A,N/A,allovoisins,general,unknown,N/A,N/A,N/A,on-site,MEDIUM,No,"NLP Analysis: Ambiguous signals (remote: 0, onsite: 0)",Durée : 1 jour,detail_page,No,https://www.allovoisins.com/r/0/3/0/0/location-vente/Btp-chantier
N/A,Louer une remorque porte-voiture / remorque routière - Colombey les Deux Églises,France,N/A,50€,N/A,N/A,allovoisins,general,unknown,N/A,N/A,N/A,on-site,MEDIUM,No,"NLP Analysis: Ambiguous signals (remote: 0, onsite: 0)",N/A,listing_page,No,https://www.allovoisins.com/r/0/79/0/0/location-vente/Remorque-accessoires-auto
N/A,Recherche Garde animaux à Rive-de-Gier,France,N/A,N/A,N/A,N/A,allovoisins,general,unknown,N/A,N/A,N/A,on-site,MEDIUM,No,"NLP Analysis: Ambiguous signals (remote: 0, onsite: 0)",N/A,listing_page,No,https://www.allovoisins.com/v/garde-animaux
N/A,Louer une fourgonette 9/12 m3 - Perpignan,France,N/A,30€,N/A,N/A,allovoisins,general,unknown,N/A,N/A,N/A,on-site,HIGH,No,Obvious on-site work: camion,N/A,listing_page,No,https://www.allovoisins.com/r/0/78/0/0/location-vente/Vehicule-utilitaire
N/A,Louer une bétonnière / toupie à béton - Dohem,France,N/A,21€,N/A,N/A,allovoisins,general,unknown,N/A,N/A,N/A,on-site,MEDIUM,No,"NLP Analysis: Ambiguous signals (remote: 0, onsite: 0)",Durée : 1 jour,detail_page,No,https://www.allovoisins.com/r/0/3/0/0/location-vente/Btp-chantier
N/A,Location broyeur de végétaux - Payrin-Augmontel,France,N/A,30€,N/A,N/A,allovoisins,general,employer,N/A,N/A,N/A,on-site,HIGH,No,"LLM: Location d'outils, nécessite présence physique",Durée : 1 jour,detail_page,No,https://www.allovoisins.com/r/0/11/0/0/location-vente/Outillage
N/A,Cherche Plâtrerie - Murs - Plafonds à Plonéour-Lanvern,France,N/A,N/A,N/A,N/A,allovoisins,general,unknown,N/A,N/A,N/A,on-site,MEDIUM,No,"NLP Analysis: Ambiguous signals (remote: 0, onsite: 0)",N/A,listing_page,No,https://www.allovoisins.com/v/platrerie-murs-plafonds
N/A,Location motoculteur - Blaignac,France,N/A,30€,N/A,N/A,allovoisins,general,employer,N/A,N/A,N/A,on-site,HIGH,No,"LLM: Location d'outils, nécessite présence physique",Durée : 1 jour,detail_page,No,https://www.allovoisins.com/r/0/11/0/0/location-vente/Outillage
N/A,Louer un groupe électrogène - Saint-Sériès,France,N/A,20€,N/A,N/A,allovoisins,general,unknown,N/A,N/A,N/A,on-site,MEDIUM,No,"NLP Analysis: Ambiguous signals (remote: 0, onsite: 0)",Durée : 1 jour,detail_page,No,https://www.allovoisins.com/r/0/3/0/0/location-vente/Btp-chantier
N/A,Louer une remorque porte-voiture / remorque routière - Colombey les Deux Églises,France,N/A,50€,N/A,N/A,allovoisins,general,unknown,N/A,N/A,N/A,on-site,MEDIUM,No,"NLP Analysis: Ambiguous signals (remote: 0, onsite: 0)",N/A,listing_page,No,https://www.allovoisins.com/r/0/79/0/0/location-vente/Remorque-accessoires-auto
N/A,Recherche Garde animaux à Rive-de-Gier,France,N/A,N/A,N/A,N/A,allovoisins,general,unknown,N/A,N/A,N/A,on-site,MEDIUM,No,"NLP Analysis: Ambiguous signals (remote: 0, onsite: 0)",N/A,listing_page,No,https://www.allovoisins.com/v/garde-animaux
N/A,Louer une fourgonette 9/12 m3 - Perpignan,France,N/A,30€,N/A,N/A,allovoisins,general,unknown,N/A,N/A,N/A,on-site,HIGH,No,Obvious on-site work: camion,N/A,listing_page,No,https://www.allovoisins.com/r/0/78/0/0/location-vente/Vehicule-utilitaire
N/A,Louer une fourgonette 9/12 m3 - Perpignan,France,N/A,30€,N/A,N/A,allovoisins,general,unknown,N/A,N/A,N/A,on-site,HIGH,No,Obvious on-site work: camion,N/A,listing_page,No,https://www.allovoisins.com/r/0/78/0/0/location-vente/Vehicule-utilitaire
N/A,Louer une bétonnière / toupie à béton - Dohem,France,N/A,21€,N/A,N/A,allovoisins,general,unknown,N/A,N/A,N/A,on-site,MEDIUM,No,"NLP Analysis: Ambiguous signals (remote: 0, onsite: 0)",Durée : 1 jour,detail_page,No,https://www.allovoisins.com/r/0/3/0/0/location-vente/Btp-chantier
N/A,Location broyeur de végétaux - Payrin-Augmontel,France,N/A,30€,N/A,N/A,allovoisins,general,employer,N/A,N/A,N/A,on-site,HIGH,No,"LLM: Location d'outils, nécessite présence physique",Durée : 1 jour,detail_page,No,https://www.allovoisins.com/r/0/11/0/0/location-vente/Outillage
N/A,Cherche Plâtrerie - Murs - Plafonds à Plonéour-Lanvern,France,N/A,N/A,N/A,N/A,allovoisins,general,unknown,N/A,N/A,N/A,on-site,MEDIUM,No,"NLP Analysis: Ambiguous signals (remote: 0, onsite: 0)",N/A,listing_page,No,https://www.allovoisins.com/v/platrerie-murs-plafonds
N/A,Location motoculteur - Blaignac,France,N/A,30€,N/A,N/A,allovoisins,general,employer,N/A,N/A,N/A,on-site,HIGH,No,"LLM: Location d'outils, nécessite présence physique",Durée : 1 jour,detail_page,No,https://www.allovoisins.com/r/0/11/0/0/location-vente/Outillage
N/A,Louer un groupe électrogène - Saint-Sériès,France,N/A,20€,N/A,N/A,allovoisins,general,unknown,N/A,N/A,N/A,on-site,MEDIUM,No,"NLP Analysis: Ambiguous signals (remote: 0, onsite: 0)",Durée : 1 jour,detail_page,No,https://www.allovoisins.com/r/0/3/0/0/location-vente/Btp-chantier
N/A,Louer une remorque porte-voiture / remorque routière - Colombey les Deux Églises,France,N/A,50€,N/A,N/A,allovoisins,general,unknown,N/A,N/A,N/A,on-site,MEDIUM,No,"NLP Analysis: Ambiguous signals (remote: 0, onsite: 0)",N/A,listing_page,No,https://www.allovoisins.com/r/0/79/0/0/location-vente/Remorque-accessoires-auto
N/A,Recherche Garde animaux à Rive-de-Gier,France,N/A,N/A,N/A,N/A,allovoisins,general,unknown,N/A,N/A,N/A,on-site,MEDIUM,No,"NLP Analysis: Ambiguous signals (remote: 0, onsite: 0)",N/A,listing_page,No,https://www.allovoisins.com/v/garde-animaux
N/A,Louer une fourgonette 9/12 m3 - Perpignan,France,N/A,30€,N/A,N/A,allovoisins,general,unknown,N/A,N/A,N/A,on-site,HIGH,No,Obvious on-site work: camion,N/A,listing_page,No,https://www.allovoisins.com/r/0/78/0/0/location-vente/Vehicule-utilitaire
N/A,Searching for tutors with biology teaching expertise,Saint-Jean-le-Blanc (Loir...,N/A,N/A,Victoria ferry,10/04,voscours,tutoring,student,other,french,unknown,on-site,MEDIUM,No,NLP fallback classification,Searching for tutors with biology teaching expertise,listing_page,No,https://www.voscours.fr/annonces/eleves/6903169
N/A,Nous cherchons une personne pour cours particulier de maths,Nantes,N/A,N/A,Anto,N/A,voscours,tutoring,student,math_science,french,unknown,on-site,MEDIUM,No,NLP fallback classification,Nous cherchons une personne pour cours particulier de maths,listing_page,No,https://www.voscours.fr/annonces/eleves/6720102
N/A,Recherche un professeur de mathématique de niveau 4 ème,Kembs,N/A,N/A,Suela,10/04,voscours,tutoring,student,math_science,french,unknown,on-site,MEDIUM,No,NLP fallback classification,Recherche un professeur de mathématique de niveau 4 ème,listing_page,No,https://www.voscours.fr/annonces/eleves/6902801
N/A,Cherche professeur de maths classe de 6ème,Versailles,N/A,N/A,Natalia,01/05,voscours,tutoring,student,math_science,french,unknown,on-site,MEDIUM,No,NLP fallback classification,Cherche professeur de maths classe de 6ème,listing_page,No,https://www.voscours.fr/annonces/eleves/6944880
N/A,Je cherche des heures cours particulier de maths pour ma fille de tle,Angers,N/A,N/A,Anto,N/A,voscours,tutoring,student,math_science,french,unknown,on-site,MEDIUM,No,NLP fallback classification,Je cherche des heures cours particulier de maths pour ma fille de tle,listing_page,No,https://www.voscours.fr/annonces/eleves/6720457
N/A,Cherche de l’aide en maths pour ma fille,Grenoble,N/A,N/A,Guillaume,09/04,voscours,tutoring,student,math_science,french,unknown,on-site,MEDIUM,No,NLP fallback classification,Cherche de l’aide en maths pour ma fille,listing_page,No,https://www.voscours.fr/annonces/eleves/6903717
N/A,Je cherche un/une professeur d’informatique,Nice,N/A,N/A,Rihana,N/A,voscours,tutoring,student,technology,french,unknown,on-site,MEDIUM,No,NLP fallback classification,Je cherche un/une professeur d’informatique,listing_page,No,https://www.voscours.fr/annonces/eleves/6818954
N/A,Cherche cours particulier de mathématiques niveau terminale,Rennes,N/A,N/A,Anto,N/A,voscours,tutoring,student,math_science,french,unknown,on-site,MEDIUM,No,NLP fallback classification,Cherche cours particulier de mathématiques niveau terminale,listing_page,No,https://www.voscours.fr/annonces/eleves/6720470
N/A,Online biology tutors are urgently needed for classes,Rennes,N/A,N/A,Kendrick Gibson,N/A,voscours,tutoring,student,other,french,unknown,remote,MEDIUM,Yes,NLP fallback classification,Online biology tutors are urgently needed for classes,listing_page,No,https://www.voscours.fr/annonces/eleves/6818491
N/A,Je cherche un professeur de mathématiques j’aimerais que le professeur soit en france s’il vous plait,Lyon,N/A,N/A,Desbois,30/04,voscours,tutoring,student,math_science,french,unknown,on-site,MEDIUM,No,NLP fallback classification,Je cherche un professeur de mathématiques j’aimerais que le professeur soit en france s’il vous plait,listing_page,No,https://www.voscours.fr/annonces/eleves/6941495
N/A,Je cherche des cours de maths pour mon fils,Saint-Médard-d'Eyrans,N/A,N/A,Celine Merlin,N/A,voscours,tutoring,student,math_science,french,unknown,on-site,MEDIUM,No,NLP fallback classification,Je cherche des cours de maths pour mon fils,listing_page,No,https://www.voscours.fr/annonces/eleves/6770548
N/A,Je cherche des heures de cours de maths niveau tle,Lille,N/A,N/A,Bert Anto,N/A,voscours,tutoring,student,math_science,french,unknown,on-site,MEDIUM,No,NLP fallback classification,Je cherche des heures de cours de maths niveau tle,listing_page,No,https://www.voscours.fr/annonces/eleves/6860043
N/A,Cherche un professeur particuliers en mathématiques,Nantes,N/A,N/A,Julia,29/04,voscours,tutoring,student,math_science,french,unknown,on-site,MEDIUM,No,NLP fallback classification,Cherche un professeur particuliers en mathématiques,listing_page,No,https://www.voscours.fr/annonces/eleves/6941105
N/A,"Candidat individuel au bac stl spcl , je cherche un professeur de physique-chimie pour m’accompagner dans mes révisions",Saint-Denis (La Réunion),N/A,N/A,Youssouf Nawrane,29/04,voscours,tutoring,student,math_science,french,unknown,remote,MEDIUM,Yes,NLP fallback classification,"Candidat individuel au bac stl spcl , je cherche un professeur de physique-chimie pour m’accompagner dans mes révisions",listing_page,No,https://www.voscours.fr/annonces/eleves/6940445
N/A,Recherche professeur de math - physique pour une elève de 5eme,Athis-Mons,N/A,N/A,Sarah,N/A,voscours,tutoring,student,math_science,french,unknown,on-site,MEDIUM,No,NLP fallback classification,Recherche professeur de math - physique pour une elève de 5eme,listing_page,No,https://www.voscours.fr/annonces/eleves/6714161
N/A,Je suis à la recherche d’un professeur de maths pour m’aider à se préparer pour le bac,Chilly-Mazarin,N/A,N/A,Costiuc,29/04,voscours,tutoring,student,math_science,french,unknown,on-site,MEDIUM,No,NLP fallback classification,Je suis à la recherche d’un professeur de maths pour m’aider à se préparer pour le bac,listing_page,No,https://www.voscours.fr/annonces/eleves/6940303
N/A,J'ai besoins d'aide pour ma fille en physique,Toulon,N/A,N/A,Coquard,N/A,voscours,tutoring,student,math_science,french,unknown,on-site,MEDIUM,No,NLP fallback classification,J'ai besoins d'aide pour ma fille en physique,listing_page,No,https://www.voscours.fr/annonces/eleves/6857573
N/A,J'ai besoin d'un professeur particulier pour la biologie,Strasbourg,N/A,N/A,Julia,29/04,voscours,tutoring,student,math_science,french,unknown,on-site,MEDIUM,No,NLP fallback classification,J'ai besoin d'un professeur particulier pour la biologie,listing_page,No,https://www.voscours.fr/annonces/eleves/6944553
N/A,Recherche prof de maths pour ma fille uniquement en france,Lyon,N/A,N/A,Michelle,29/04,voscours,tutoring,student,math_science,french,unknown,on-site,MEDIUM,No,NLP fallback classification,Recherche prof de maths pour ma fille uniquement en france,listing_page,No,https://www.voscours.fr/annonces/eleves/6940431
N/A,Je chercher des cours de mathématique pour mon fils,Angers,N/A,N/A,Sabert,08/04,voscours,tutoring,student,math_science,french,unknown,on-site,MEDIUM,No,NLP fallback classification,Je chercher des cours de mathématique pour mon fils,listing_page,No,https://www.voscours.fr/annonces/eleves/6897534
N/A,Je recherche des cours de maths pour ma fille,Montpellier,N/A,N/A,Anne-Sophie,07/04,voscours,tutoring,student,math_science,french,unknown,on-site,MEDIUM,No,NLP fallback classification,Je recherche des cours de maths pour ma fille,listing_page,No,https://www.voscours.fr/annonces/eleves/6895111
N/A,Je des cours de mathématiques ou français pour mon enfant en 6 me,Annemasse,N/A,N/A,Elodie,N/A,voscours,tutoring,student,math_science,french,unknown,on-site,MEDIUM,No,NLP fallback classification,Je des cours de mathématiques ou français pour mon enfant en 6 me,listing_page,No,https://www.voscours.fr/annonces/eleves/6642073
N/A,I'm searching for a fluent maths tutors to teach me mathematics,Reims,N/A,N/A,Jacob,27/04,voscours,tutoring,student,math_science,french,unknown,on-site,MEDIUM,No,NLP fallback classification,I'm searching for a fluent maths tutors to teach me mathematics,listing_page,No,https://www.voscours.fr/annonces/eleves/6936724
N/A,I want to skilled biology tutors for my classes,Strasbourg,N/A,N/A,Roney seth,27/04,voscours,tutoring,student,other,french,unknown,on-site,MEDIUM,No,NLP fallback classification,I want to skilled biology tutors for my classes,listing_page,No,https://www.voscours.fr/annonces/eleves/6936696
N/A,Weekend Math tutor for year 3 and year 5: 1 time per week,London,N/A,N/A,Lili,N/A,findtutors_uk,tutoring,student,math_science,french,unknown,on-site,MEDIUM,No,NLP fallback classification,Weekend Math tutor for year 3 and year 5: 1 time per week,listing_page,No,https://www.findtutors.co.uk/annonces/eleves/6821483
N/A,"I'm looking for a tutor who can teach a year 6 student who is behind in maths, in all topics. Lessons must be face-to-face",Bedford,N/A,N/A,Prudence,N/A,findtutors_uk,tutoring,student,math_science,french,unknown,on-site,MEDIUM,No,NLP fallback classification,"I'm looking for a tutor who can teach a year 6 student who is behind in maths, in all topics. Lessons must be face-to-face",listing_page,No,https://www.findtutors.co.uk/annonces/eleves/6821454
N/A,regular maths tuition for my 7 year old . evenings,Leicester,N/A,N/A,Antoine Messiou,N/A,findtutors_uk,tutoring,student,math_science,french,unknown,on-site,MEDIUM,No,NLP fallback classification,regular maths tuition for my 7 year old . evenings,listing_page,No,https://www.findtutors.co.uk/annonces/eleves/6256581
N/A,Any one help me with math gcse I really need help,Canterbury,N/A,N/A,Rafeek,N/A,findtutors_uk,tutoring,student,math_science,french,unknown,on-site,MEDIUM,No,NLP fallback classification,Any one help me with math gcse I really need help,listing_page,No,https://www.findtutors.co.uk/annonces/eleves/6772523
N/A,Looking for a biology teacher for access course,Nottingham,N/A,N/A,Mariana pena sibillotte,N/A,findtutors_uk,tutoring,student,other,french,unknown,on-site,MEDIUM,No,NLP fallback classification,Looking for a biology teacher for access course,listing_page,No,https://www.findtutors.co.uk/annonces/eleves/6771403
N/A,I am looking for a GCSE tutor in maths and english language,Gateshead,N/A,N/A,Rosalind thompson,30/04,findtutors_uk,tutoring,student,math_science,french,unknown,on-site,MEDIUM,No,NLP fallback classification,I am looking for a GCSE tutor in maths and english language,listing_page,No,https://www.findtutors.co.uk/annonces/eleves/6943482
N/A,"I'm online English ,maths and quran teacher and looking for Students who needs online classes and passionate to learn",Manchester,N/A,N/A,Mehreen Tabassum,N/A,findtutors_uk,tutoring,student,math_science,french,unknown,remote,MEDIUM,Yes,NLP fallback classification,"I'm online English ,maths and quran teacher and looking for Students who needs online classes and passionate to learn",listing_page,No,https://www.findtutors.co.uk/annonces/eleves/6422138
N/A,Tutor needed for Year 4 (English & Maths),Rochester (Medway),N/A,N/A,Mohammad Rahman,30/04,findtutors_uk,tutoring,student,math_science,french,unknown,on-site,MEDIUM,No,NLP fallback classification,Tutor needed for Year 4 (English & Maths),listing_page,No,https://www.findtutors.co.uk/annonces/eleves/6943358
N/A,"maths tutor for a 7 year old boy. 40 minutes , weekdays 5 pm approx",Leicester,N/A,N/A,Antoine Messiou,N/A,findtutors_uk,tutoring,student,math_science,french,unknown,on-site,MEDIUM,No,NLP fallback classification,"maths tutor for a 7 year old boy. 40 minutes , weekdays 5 pm approx",listing_page,No,https://www.findtutors.co.uk/annonces/eleves/6257631
N/A,Looking for maths tutor for S1 daughter (KS3&4),Glasgow,N/A,N/A,Priyanka,N/A,findtutors_uk,tutoring,student,math_science,french,unknown,on-site,MEDIUM,No,NLP fallback classification,Looking for maths tutor for S1 daughter (KS3&4),listing_page,No,https://www.findtutors.co.uk/annonces/eleves/6716734
N/A,Must have completed the A level Biology AQA with good grades. Able to do equations. 2 s per week able to come to the house,Manchester,N/A,N/A,Sara,N/A,findtutors_uk,tutoring,student,other,french,unknown,on-site,MEDIUM,No,NLP fallback classification,Must have completed the A level Biology AQA with good grades. Able to do equations. 2 s per week able to come to the house,listing_page,No,https://www.findtutors.co.uk/annonces/eleves/6566750
N/A,National 4 tutor for chemistry,Online,N/A,N/A,Sanam,N/A,findtutors_uk,tutoring,student,other,french,unknown,remote,MEDIUM,Yes,NLP fallback classification,National 4 tutor for chemistry,listing_page,No,https://www.findtutors.co.uk/annonces/eleves/6647085
N/A,I am looking for an A’ level Chemistry Tutor in the evenings or weekends,Coventry,N/A,N/A,Chirag Savani,N/A,findtutors_uk,tutoring,student,other,french,unknown,on-site,MEDIUM,No,NLP fallback classification,I am looking for an A’ level Chemistry Tutor in the evenings or weekends,listing_page,No,https://www.findtutors.co.uk/annonces/eleves/6518934
N/A,I am looking for a GCSE maths tutor to teach my year 10 sister,Leeds,N/A,N/A,Juliette Sweiss,29/04,findtutors_uk,tutoring,student,math_science,french,unknown,on-site,MEDIUM,No,NLP fallback classification,I am looking for a GCSE maths tutor to teach my year 10 sister,listing_page,No,https://www.findtutors.co.uk/annonces/eleves/6941068
N/A,"My son in secondary school year 7, finding a bit difficult in his advance maths,an easy way techniques. Reasonable price Leicester",Birstall (Leicestershire),N/A,N/A,Alesha Honey,N/A,findtutors_uk,tutoring,student,math_science,french,unknown,on-site,MEDIUM,No,NLP fallback classification,"My son in secondary school year 7, finding a bit difficult in his advance maths,an easy way techniques. Reasonable price Leicester",listing_page,No,https://www.findtutors.co.uk/annonces/eleves/6767276
N/A,"Looking for a tutor who is willing/able to teach GCSE science to my daughter (basically from scratch), please",Liverpool,N/A,N/A,Kimberley Owen,29/04,findtutors_uk,tutoring,student,math_science,french,unknown,on-site,MEDIUM,No,NLP fallback classification,"Looking for a tutor who is willing/able to teach GCSE science to my daughter (basically from scratch), please",listing_page,No,https://www.findtutors.co.uk/annonces/eleves/6939075
N/A,I am looking for an A Level Biology tutor in evenings or Weekends,Coventry,N/A,N/A,Chirag Savani,N/A,findtutors_uk,tutoring,student,other,french,unknown,on-site,MEDIUM,No,NLP fallback classification,I am looking for an A Level Biology tutor in evenings or Weekends,listing_page,No,https://www.findtutors.co.uk/annonces/eleves/6518936
N/A,I am looking for a Maths teacher who can help with someone who is struggling to catch up,Islington (London),N/A,N/A,Deannia,N/A,findtutors_uk,tutoring,student,math_science,french,unknown,on-site,MEDIUM,No,NLP fallback classification,I am looking for a Maths teacher who can help with someone who is struggling to catch up,listing_page,No,https://www.findtutors.co.uk/annonces/eleves/6857053
N/A,Seeking Physics Tutor (A Level),Liverpool,N/A,N/A,Majd Alamad,N/A,findtutors_uk,tutoring,student,other,french,unknown,on-site,MEDIUM,No,NLP fallback classification,Seeking Physics Tutor (A Level),listing_page,No,https://www.findtutors.co.uk/annonces/eleves/6463167
N/A,I am looking for an experianced math GCSE tutor to build confidence and improve grands,Crawley (West Sussex),N/A,N/A,Kyah,N/A,findtutors_uk,tutoring,student,math_science,french,unknown,on-site,MEDIUM,No,NLP fallback classification,I am looking for an experianced math GCSE tutor to build confidence and improve grands,listing_page,No,https://www.findtutors.co.uk/annonces/eleves/6563668
N/A,I'm very interested to teach the maths,Dundee,N/A,N/A,Bhuvana,N/A,findtutors_uk,tutoring,student,math_science,french,unknown,on-site,MEDIUM,No,NLP fallback classification,I'm very interested to teach the maths,listing_page,No,https://www.findtutors.co.uk/annonces/eleves/6643259
N/A,"statistics, econometrics, stata, R, quantitative dissertation",London,N/A,N/A,Devina,N/A,findtutors_uk,tutoring,student,other,french,unknown,on-site,MEDIUM,No,NLP fallback classification,"statistics, econometrics, stata, R, quantitative dissertation",listing_page,No,https://www.findtutors.co.uk/annonces/eleves/6810428
N/A,I am looking for tutor science for my daughter,Southport,N/A,N/A,Vita Aleinikova,N/A,findtutors_uk,tutoring,student,math_science,french,unknown,on-site,MEDIUM,No,NLP fallback classification,I am looking for tutor science for my daughter,listing_page,No,https://www.findtutors.co.uk/annonces/eleves/6708930
N/A,I urgently need tuition in Step maths for a university application. The test is next June,Enfield (London),N/A,N/A,Alex Benson,N/A,findtutors_uk,tutoring,student,math_science,french,unknown,on-site,MEDIUM,No,NLP fallback classification,I urgently need tuition in Step maths for a university application. The test is next June,listing_page,No,https://www.findtutors.co.uk/annonces/eleves/6602257
N/A,Maths teacher available on Sundays for face to face session.No online please,Rotherham,N/A,N/A,Kavita,N/A,findtutors_uk,tutoring,student,math_science,french,unknown,remote,MEDIUM,Yes,NLP fallback classification,Maths teacher available on Sundays for face to face session.No online please,listing_page,No,https://www.findtutors.co.uk/annonces/eleves/6248018
N/A,im looking for an in person tutor for maths gcse,Elton (Cheshire West and ...,N/A,N/A,Lea,N/A,findtutors_uk,tutoring,student,math_science,french,unknown,on-site,MEDIUM,No,NLP fallback classification,im looking for an in person tutor for maths gcse,listing_page,No,https://www.findtutors.co.uk/annonces/eleves/6852080
N/A,I am looking for a maths tutor for my daughter age 15,Springfield (City of Belf...,N/A,N/A,Tina,N/A,findtutors_uk,tutoring,student,math_science,french,unknown,on-site,MEDIUM,No,NLP fallback classification,I am looking for a maths tutor for my daughter age 15,listing_page,No,https://www.findtutors.co.uk/annonces/eleves/6807911
N/A,"1:1 maths tutor wanted for S2 student, Edinburgh. In-person preferred",Edinburgh,N/A,N/A,Monica,N/A,findtutors_uk,tutoring,student,math_science,french,unknown,on-site,MEDIUM,No,NLP fallback classification,"1:1 maths tutor wanted for S2 student, Edinburgh. In-person preferred",listing_page,No,https://www.findtutors.co.uk/annonces/eleves/6807666
N/A,I am looking for an a level chemistry tutor asap,Bedford,N/A,N/A,Emily,N/A,findtutors_uk,tutoring,student,other,french,unknown,on-site,MEDIUM,No,NLP fallback classification,I am looking for an a level chemistry tutor asap,listing_page,No,https://www.findtutors.co.uk/annonces/eleves/6705646
N/A,I am looking for a tutor for my year 5 child. English and maths. He’s fallen behind so back to basics,Royal Wootton Bassett,N/A,N/A,Chloe,N/A,findtutors_uk,tutoring,student,math_science,french,unknown,on-site,MEDIUM,No,NLP fallback classification,I am looking for a tutor for my year 5 child. English and maths. He’s fallen behind so back to basics,listing_page,No,https://www.findtutors.co.uk/annonces/eleves/6600486
N/A,Hello. we’re in need of a french tutor for french lessons,Montpellier,N/A,N/A,John Anderson,Il y a  47 min.,voscours,tutoring,student,other,french,unknown,on-site,MEDIUM,No,NLP fallback classification,Hello. we’re in need of a french tutor for french lessons,listing_page,No,https://www.voscours.fr/annonces/eleves/6945807
N/A,Je cherche un cours particulier du 6 avril au 16 avril 2026 à grandbois,Saint-Pierre La Réunion,N/A,N/A,Laïna,N/A,voscours,tutoring,student,other,french,unknown,on-site,MEDIUM,No,NLP fallback classification,Je cherche un cours particulier du 6 avril au 16 avril 2026 à grandbois,listing_page,No,https://www.voscours.fr/annonces/eleves/6863522
N/A,"Bonjour, je recherche des professeurs particuliers de français qualifiés pour des cours en ligne",Paris,N/A,N/A,Branden,02/05,voscours,tutoring,student,other,french,unknown,remote,MEDIUM,Yes,NLP fallback classification,"Bonjour, je recherche des professeurs particuliers de français qualifiés pour des cours en ligne",listing_page,No,https://www.voscours.fr/annonces/eleves/6945684
N/A,"Bonjour, je recherche un professeur particulier pour des cours de français",Strasbourg,N/A,N/A,George,02/05,voscours,tutoring,student,other,french,unknown,on-site,MEDIUM,No,NLP fallback classification,"Bonjour, je recherche un professeur particulier pour des cours de français",listing_page,No,https://www.voscours.fr/annonces/eleves/6945667
N/A,We are in need of a tutor for online course,Miscon,N/A,N/A,Donald,02/05,voscours,tutoring,student,other,french,unknown,remote,MEDIUM,Yes,NLP fallback classification,We are in need of a tutor for online course,listing_page,No,https://www.voscours.fr/annonces/eleves/6945524
N/A,"Recherche un professeur d’anglais, à fin de m’aider à atteindre mon objectif professionnel",Nantes,N/A,N/A,Konomboue Zarrabi Nawel,02/05,voscours,tutoring,student,languages,french,unknown,on-site,MEDIUM,No,NLP fallback classification,"Recherche un professeur d’anglais, à fin de m’aider à atteindre mon objectif professionnel",listing_page,No,https://www.voscours.fr/annonces/eleves/6945486
N/A,Looking for tutors to teach russian grammar and speaking,Mont-Saint-Aignan,N/A,N/A,James walker,10/04,voscours,tutoring,student,other,french,unknown,on-site,MEDIUM,No,NLP fallback classification,Looking for tutors to teach russian grammar and speaking,listing_page,No,https://www.voscours.fr/annonces/eleves/6903157
N/A,Recherche professeur particulier pour élève de 3ème,Strasbourg,N/A,N/A,Benjamin,N/A,voscours,tutoring,student,other,french,unknown,on-site,MEDIUM,No,NLP fallback classification,Recherche professeur particulier pour élève de 3ème,listing_page,No,https://www.voscours.fr/annonces/eleves/6820944
N/A,Recherche professeur particulier pour élève de 3ème,Rouen,N/A,N/A,Benchabane,N/A,voscours,tutoring,student,other,french,unknown,on-site,MEDIUM,No,NLP fallback classification,Recherche professeur particulier pour élève de 3ème,listing_page,No,https://www.voscours.fr/annonces/eleves/6820920
N/A,Teachers are urgently needed for russian classes,Lille,N/A,N/A,Thompson,N/A,voscours,tutoring,student,other,french,unknown,on-site,MEDIUM,No,NLP fallback classification,Teachers are urgently needed for russian classes,listing_page,No,https://www.voscours.fr/annonces/eleves/6863039
N/A,Recherche des cours de français à domicile ou en ligne,Paris,N/A,N/A,Mathilde,10/04,voscours,tutoring,student,other,french,unknown,on-site,MEDIUM,No,NLP fallback classification,Recherche des cours de français à domicile ou en ligne,listing_page,No,https://www.voscours.fr/annonces/eleves/6903097
N/A,Recherche cours de batchata débutant. 🙂🙂,Aix-en-Provence,N/A,N/A,Grégory,N/A,voscours,tutoring,student,other,french,unknown,on-site,MEDIUM,No,NLP fallback classification,Recherche cours de batchata débutant. 🙂🙂,listing_page,No,https://www.voscours.fr/annonces/eleves/6820905
N/A,Hello we're in a search for a france expert for a lesson,Bordeaux,N/A,N/A,Dave,01/05,voscours,tutoring,student,other,french,unknown,on-site,MEDIUM,No,NLP fallback classification,Hello we're in a search for a france expert for a lesson,listing_page,No,https://www.voscours.fr/annonces/eleves/6945283
N/A,Recherche professeur particulier pour élève de 3ème,Dijon,N/A,N/A,Christian Vallee,N/A,voscours,tutoring,student,other,french,unknown,on-site,MEDIUM,No,NLP fallback classification,Recherche professeur particulier pour élève de 3ème,listing_page,No,https://www.voscours.fr/annonces/eleves/6820861
N/A,Besoin d'un prof de français en ligne — mon fiancé commence de zéro,Bordeaux,N/A,N/A,Pinsson,01/05,voscours,tutoring,student,other,french,unknown,remote,MEDIUM,Yes,NLP fallback classification,Besoin d'un prof de français en ligne — mon fiancé commence de zéro,listing_page,No,https://www.voscours.fr/annonces/eleves/6945226
N/A,Recherche professeur de français en ligne — débutant,Angers,N/A,N/A,Lago,01/05,voscours,tutoring,student,other,french,unknown,remote,MEDIUM,Yes,NLP fallback classification,Recherche professeur de français en ligne — débutant,listing_page,No,https://www.voscours.fr/annonces/eleves/6945172
N/A,Recherche soutien scolaire 3ème - bouc-bel-air 🎓,Bouc-Bel-Air,N/A,N/A,François,N/A,voscours,tutoring,student,other,french,unknown,on-site,MEDIUM,No,NLP fallback classification,Recherche soutien scolaire 3ème - bouc-bel-air 🎓,listing_page,No,https://www.voscours.fr/annonces/eleves/6862536
N/A,Cherche un prof de fle pour passer les examens,Paris,N/A,N/A,Sarthak,N/A,voscours,tutoring,student,test_prep,french,unknown,on-site,MEDIUM,No,NLP fallback classification,Cherche un prof de fle pour passer les examens,listing_page,No,https://www.voscours.fr/annonces/eleves/6717906
N/A,Hello. we’re in need of a tutor for french lessons,Antibes,N/A,N/A,Zik Marcus,01/05,voscours,tutoring,student,other,french,unknown,on-site,MEDIUM,No,NLP fallback classification,Hello. we’re in need of a tutor for french lessons,listing_page,No,https://www.voscours.fr/annonces/eleves/6944795
N/A,Hello. we’re in need of a french tutor for french lessons,Tours,N/A,N/A,Anders,01/05,voscours,tutoring,student,other,french,unknown,on-site,MEDIUM,No,NLP fallback classification,Hello. we’re in need of a french tutor for french lessons,listing_page,No,https://www.voscours.fr/annonces/eleves/6944784
N/A,Je cherche de l'aide aux devoirs pour mon fils qui est en 6eme,Antony,N/A,N/A,Gabriel,10/04,voscours,tutoring,student,other,french,unknown,on-site,MEDIUM,No,NLP fallback classification,Je cherche de l'aide aux devoirs pour mon fils qui est en 6eme,listing_page,No,https://www.voscours.fr/annonces/eleves/6902478
N/A,"🚀 devenez tuteur à lyon : flexibilité, rémunération attractive & impact réel | gostudent",Lyon,N/A,N/A,Centre de Cours Particuliers GoStudent - Lyon,01/05,voscours,tutoring,student,other,french,unknown,on-site,MEDIUM,No,NLP fallback classification,"🚀 devenez tuteur à lyon : flexibilité, rémunération attractive & impact réel | gostudent",listing_page,No,https://www.voscours.fr/offre-emploi-chimie-lyon/-devenez-tuteur-lyon-flexibilite-remuneration-attractive-impact-reel-gostudent-6670014
N/A,"🚀 devenez tuteur à lyon : flexibilité, rémunération attractive & impact réel | gostudent",Lyon,N/A,N/A,Centre de Cours Particuliers GoStudent - Lyon,01/05,voscours,tutoring,student,other,french,unknown,on-site,MEDIUM,No,NLP fallback classification,"🚀 devenez tuteur à lyon : flexibilité, rémunération attractive & impact réel | gostudent",listing_page,No,https://www.voscours.fr/offre-emploi-anglais-lyon/-devenez-tuteur-lyon-flexibilite-remuneration-attractive-impact-reel-gostudent-6670007
N/A,"🚀 devenez tuteur à lyon : flexibilité, rémunération attractive & impact réel | gostudent",Lyon,N/A,N/A,Centre de Cours Particuliers GoStudent - Lyon,01/05,voscours,tutoring,student,other,french,unknown,on-site,MEDIUM,No,NLP fallback classification,"🚀 devenez tuteur à lyon : flexibilité, rémunération attractive & impact réel | gostudent",listing_page,No,https://www.voscours.fr/offre-emploi-maths-lyon/-devenez-tuteur-lyon-flexibilite-remuneration-attractive-impact-reel-gostudent-6670010
N/A,"🚀 devenez tuteur à lyon : flexibilité, rémunération attractive & impact réel | gostudent",Lyon,N/A,N/A,Centre de Cours Particuliers GoStudent - Lyon,01/05,voscours,tutoring,student,other,french,unknown,on-site,MEDIUM,No,NLP fallback classification,"🚀 devenez tuteur à lyon : flexibilité, rémunération attractive & impact réel | gostudent",listing_page,No,https://www.voscours.fr/offre-emploi-francais-lyon/-devenez-tuteur-lyon-flexibilite-remuneration-attractive-impact-reel-gostudent-6670012
N/A,"🚀 devenez tuteur à lyon : flexibilité, rémunération attractive & impact réel | gostudent",Lyon,N/A,N/A,Centre de Cours Particuliers GoStudent - Lyon,01/05,voscours,tutoring,student,other,french,unknown,on-site,MEDIUM,No,NLP fallback classification,"🚀 devenez tuteur à lyon : flexibilité, rémunération attractive & impact réel | gostudent",listing_page,No,https://www.voscours.fr/offre-emploi-physique-lyon/-devenez-tuteur-lyon-flexibilite-remuneration-attractive-impact-reel-gostudent-6670013
N/A,"🚀 devenez tuteur à lyon : flexibilité, rémunération attractive & impact réel | gostudent",Lyon,N/A,N/A,Centre de Cours Particuliers GoStudent - Lyon,01/05,voscours,tutoring,student,other,french,unknown,on-site,MEDIUM,No,NLP fallback classification,"🚀 devenez tuteur à lyon : flexibilité, rémunération attractive & impact réel | gostudent",listing_page,No,https://www.voscours.fr/offre-emploi-mathematiques-appliquees-lyon/-devenez-tuteur-lyon-flexibilite-remuneration-attractive-impact-reel-gostudent-6670015
N/A,Hello we're in a search for a france expert for a lesson,Nice,N/A,N/A,Dave,01/05,voscours,tutoring,student,other,french,unknown,on-site,MEDIUM,No,NLP fallback classification,Hello we're in a search for a france expert for a lesson,listing_page,No,https://www.voscours.fr/annonces/eleves/6944633
N/A,Hello we're in a search for a france expert for a lesson,Nantes,N/A,N/A,Dave,01/05,voscours,tutoring,student,other,french,unknown,on-site,MEDIUM,No,NLP fallback classification,Hello we're in a search for a france expert for a lesson,listing_page,No,https://www.voscours.fr/annonces/eleves/6944592
N/A,Je cherche un professeur chinois pour notre fils,Paris,N/A,N/A,Alexis,N/A,voscours,tutoring,student,other,french,unknown,on-site,MEDIUM,No,NLP fallback classification,Je cherche un professeur chinois pour notre fils,listing_page,No,https://www.voscours.fr/annonces/eleves/6772999
N/A,J’ai besoin du soutien scolaire pour le niveau collège,Limoges,N/A,N/A,Guillaume,10/04,voscours,tutoring,student,other,french,unknown,on-site,MEDIUM,No,NLP fallback classification,J’ai besoin du soutien scolaire pour le niveau collège,listing_page,No,https://www.voscours.fr/annonces/eleves/6901918
N/A,French tutors is needed for a french course,Saint-Étienne,N/A,N/A,Cayive,N/A,voscours,tutoring,student,other,french,unknown,on-site,MEDIUM,No,NLP fallback classification,French tutors is needed for a french course,listing_page,No,https://www.voscours.fr/annonces/eleves/6819584
N/A,Demande d'un(e) enseignant(e) expérimenté(e) pour suivi scolaire individualisé,Mulhouse,N/A,N/A,Christian,N/A,voscours,tutoring,student,other,french,unknown,on-site,MEDIUM,No,NLP fallback classification,Demande d'un(e) enseignant(e) expérimenté(e) pour suivi scolaire individualisé,listing_page,No,https://www.voscours.fr/annonces/eleves/6819434
N/A,"We are in need of an online tutor, a calisthenia tutor",Paris,N/A,N/A,Susanblonde,10/04,voscours,tutoring,student,other,french,unknown,remote,MEDIUM,Yes,NLP fallback classification,"We are in need of an online tutor, a calisthenia tutor",listing_page,No,https://www.voscours.fr/annonces/eleves/6901572
N/A,Professeur d'anglais strict et méthodique,Saint-Omer (Pas-de-Calais),N/A,N/A,Filippo Incampo,01/05,voscours,tutoring,student,languages,french,unknown,on-site,MEDIUM,No,NLP fallback classification,Professeur d'anglais strict et méthodique,listing_page,No,https://www.voscours.fr/annonces/eleves/6944166
N/A,Appel à prof de français en ligne — pour un grand débutant motivé,Lille,N/A,N/A,Lago,01/05,voscours,tutoring,student,other,french,unknown,remote,MEDIUM,Yes,NLP fallback classification,Appel à prof de français en ligne — pour un grand débutant motivé,listing_page,No,https://www.voscours.fr/annonces/eleves/6945192
N/A,Je cherche un(e) professeur(e) pour appendre ukulélée,Paris,N/A,N/A,Abhinav,N/A,voscours,tutoring,student,other,french,unknown,on-site,MEDIUM,No,NLP fallback classification,Je cherche un(e) professeur(e) pour appendre ukulélée,listing_page,No,https://www.voscours.fr/annonces/eleves/6861619
N/A,Cours de chinois en présentiel,Martigues,N/A,N/A,Camille,01/05,voscours,tutoring,student,other,french,unknown,on-site,MEDIUM,No,NLP fallback classification,Cours de chinois en présentiel,listing_page,No,https://www.voscours.fr/annonces/eleves/6944133
N/A,Hello we're in a search for a france expert for a lesson,Lille,N/A,N/A,Dave,01/05,voscours,tutoring,student,other,french,unknown,on-site,MEDIUM,No,NLP fallback classification,Hello we're in a search for a france expert for a lesson,listing_page,No,https://www.voscours.fr/annonces/eleves/6944125
N/A,Hello we're in a search for a france expert for a lesson,Toulouse,N/A,N/A,Dave,01/05,voscours,tutoring,student,other,french,unknown,on-site,MEDIUM,No,NLP fallback classification,Hello we're in a search for a france expert for a lesson,listing_page,No,https://www.voscours.fr/annonces/eleves/6944121
N/A,Hello we're in a search for a france expert for a lesson,Paris,N/A,N/A,Dave,01/05,voscours,tutoring,student,other,french,unknown,on-site,MEDIUM,No,NLP fallback classification,Hello we're in a search for a france expert for a lesson,listing_page,No,https://www.voscours.fr/annonces/eleves/6944120
N/A,We're in need of a romano tutor for a course,Reims,N/A,N/A,Pearl Betty,10/04,voscours,tutoring,student,other,french,unknown,on-site,MEDIUM,No,NLP fallback classification,We're in need of a romano tutor for a course,listing_page,No,https://www.voscours.fr/annonces/eleves/6901474
N/A,Hello tutor are needed for a language task,Perpignan,N/A,N/A,Hernando,10/04,voscours,tutoring,student,languages,french,unknown,on-site,MEDIUM,No,NLP fallback classification,Hello tutor are needed for a language task,listing_page,No,https://www.voscours.fr/annonces/eleves/6901467
N/A,We are in search of english tutor for private classes,Nice,N/A,N/A,Katarina rostova,10/04,voscours,tutoring,student,other,english,unknown,on-site,MEDIUM,No,NLP fallback classification,We are in search of english tutor for private classes,listing_page,No,https://www.voscours.fr/annonces/eleves/6901460
N/A,Hello tutors are needed for a lesson on italiano,Fontaine-lès-Dijon,N/A,N/A,Lopez,10/04,voscours,tutoring,student,other,french,unknown,on-site,MEDIUM,No,NLP fallback classification,Hello tutors are needed for a lesson on italiano,listing_page,No,https://www.voscours.fr/annonces/eleves/6901459
N/A,Je cherche un professeur d'allemand pour m'aider,Paris,N/A,N/A,Blanchart,N/A,voscours,tutoring,student,other,french,unknown,on-site,MEDIUM,No,NLP fallback classification,Je cherche un professeur d'allemand pour m'aider,listing_page,No,https://www.voscours.fr/annonces/eleves/6819137
N/A,Skilled french language tutors are urgently needed for teaching position,Strasbourg,N/A,N/A,Vanessa,30/04,voscours,tutoring,student,languages,french,unknown,on-site,MEDIUM,No,NLP fallback classification,Skilled french language tutors are urgently needed for teaching position,listing_page,No,https://www.voscours.fr/annonces/eleves/6943985
N/A,Recherche un professeur d'arabe vivent en france pour ma femme,Paris,N/A,N/A,Lucia,09/04,voscours,tutoring,student,other,french,unknown,on-site,MEDIUM,No,NLP fallback classification,Recherche un professeur d'arabe vivent en france pour ma femme,listing_page,No,https://www.voscours.fr/annonces/eleves/6901096
N/A,We are in need of a tutor for online course,Sainghin-en-Mélantois,N/A,N/A,Donald,30/04,voscours,tutoring,student,other,french,unknown,remote,MEDIUM,Yes,NLP fallback classification,We are in need of a tutor for online course,listing_page,No,https://www.voscours.fr/annonces/eleves/6943817
N/A,We are in need of a tutor for online course,Le Touquet-Paris-Plage,N/A,N/A,Donald,30/04,voscours,tutoring,student,other,french,unknown,remote,MEDIUM,Yes,NLP fallback classification,We are in need of a tutor for online course,listing_page,No,https://www.voscours.fr/annonces/eleves/6943793
N/A,Hello we're in need of a tutor for a lesson on hebrew,Lille,N/A,N/A,Henry,N/A,voscours,tutoring,student,other,french,unknown,on-site,MEDIUM,No,NLP fallback classification,Hello we're in need of a tutor for a lesson on hebrew,listing_page,No,https://www.voscours.fr/annonces/eleves/6861224
N/A,Hello we need candidates for a lesson on espanol,Niort,N/A,N/A,Rita,30/04,voscours,tutoring,student,other,french,unknown,on-site,MEDIUM,No,NLP fallback classification,Hello we need candidates for a lesson on espanol,listing_page,No,https://www.voscours.fr/annonces/eleves/6943769
N/A,Cherche profeseur d'anglais,Saint-Gilles (Gard),N/A,N/A,Georgiana,09/04,voscours,tutoring,student,languages,french,unknown,on-site,MEDIUM,No,NLP fallback classification,Cherche profeseur d'anglais,listing_page,No,https://www.voscours.fr/annonces/eleves/6900715
N/A,Russian teachers are in need for personal classes,Reims,N/A,N/A,Frederick,N/A,voscours,tutoring,student,other,french,unknown,on-site,MEDIUM,No,NLP fallback classification,Russian teachers are in need for personal classes,listing_page,No,https://www.voscours.fr/annonces/eleves/6860785
N/A,"Bonjour à tous, je recherche des cours de français. je souhaite améliorer mon français écrit et oral",Caluire-et-Cuire,N/A,N/A,Lucia,30/04,voscours,tutoring,student,other,french,unknown,on-site,MEDIUM,No,NLP fallback classification,"Bonjour à tous, je recherche des cours de français. je souhaite améliorer mon français écrit et oral",listing_page,No,https://www.voscours.fr/annonces/eleves/6943203
N/A,Cherche professeur néerlandais dans le val d’oise ou proche,Andilly (Val-d’Oise),N/A,N/A,Marc,09/04,voscours,tutoring,student,other,french,unknown,on-site,MEDIUM,No,NLP fallback classification,Cherche professeur néerlandais dans le val d’oise ou proche,listing_page,No,https://www.voscours.fr/annonces/eleves/5826568
N/A,Cours d'anglais pour eleve en cm1 ecole ejm paris,Paris,N/A,N/A,Meriem,N/A,voscours,tutoring,student,languages,french,unknown,on-site,MEDIUM,No,NLP fallback classification,Cours d'anglais pour eleve en cm1 ecole ejm paris,listing_page,No,https://www.voscours.fr/annonces/eleves/6187019
N/A,Je cherche des cours de dessin pour mon plaisir personnel,Annecy-le-Vieux,N/A,N/A,Anaelle Gaillard,N/A,voscours,tutoring,student,other,french,unknown,on-site,MEDIUM,No,NLP fallback classification,Je cherche des cours de dessin pour mon plaisir personnel,listing_page,No,https://www.voscours.fr/annonces/eleves/6817898
N/A,Je suis de toute urgence à la recherche d’un professeur d’italien pour apprendre la langue .je cherche quelqu’un qui vie en france,Nice,N/A,N/A,Le courtois,30/04,voscours,tutoring,student,other,french,unknown,on-site,MEDIUM,No,NLP fallback classification,Je suis de toute urgence à la recherche d’un professeur d’italien pour apprendre la langue .je cherche quelqu’un qui vie en france,listing_page,No,https://www.voscours.fr/annonces/eleves/6942757
N/A,Hello. need an available french teacher for tutoring,Paris,N/A,N/A,Marcus,09/04,voscours,tutoring,student,other,french,unknown,on-site,MEDIUM,No,NLP fallback classification,Hello. need an available french teacher for tutoring,listing_page,No,https://www.voscours.fr/annonces/eleves/6899737
N/A,"Je cherche des cours de bureautique (excel, word, powerpoint - certification pix)",Paris,N/A,N/A,Paul,N/A,voscours,tutoring,student,other,french,unknown,on-site,MEDIUM,No,NLP fallback classification,"Je cherche des cours de bureautique (excel, word, powerpoint - certification pix)",listing_page,No,https://www.voscours.fr/annonces/eleves/6859895
N/A,"Entretien parcour sup pour l'ices, jeudi 30 avril",La Brède,N/A,N/A,Galcerand,30/04,voscours,tutoring,student,other,french,unknown,on-site,MEDIUM,No,NLP fallback classification,"Entretien parcour sup pour l'ices, jeudi 30 avril",listing_page,No,https://www.voscours.fr/annonces/eleves/6942103
N/A,Hello. we’re in need of a french tutor for french lessons,Cergy,N/A,N/A,Anderson Zik,30/04,voscours,tutoring,student,other,french,unknown,on-site,MEDIUM,No,NLP fallback classification,Hello. we’re in need of a french tutor for french lessons,listing_page,No,https://www.voscours.fr/annonces/eleves/6942045
N/A,Cherche professeur de langue italienne résidant en france d’urgence,Toulouse,N/A,N/A,Martial,30/04,voscours,tutoring,student,other,french,unknown,on-site,MEDIUM,No,NLP fallback classification,Cherche professeur de langue italienne résidant en france d’urgence,listing_page,No,https://www.voscours.fr/annonces/eleves/6942748
N/A,Recherche professeur(e) de soutien scolaire à domicile,Saint-Aunès,N/A,N/A,Boitiere,N/A,voscours,tutoring,student,other,french,unknown,on-site,MEDIUM,No,NLP fallback classification,Recherche professeur(e) de soutien scolaire à domicile,listing_page,No,https://www.voscours.fr/annonces/eleves/6818790
N/A,Je suis à la recherche d’un professeur d’allemand qui réside uniquement en france pour des cours en ligne merci 🙏🏻,Marseille,N/A,N/A,Liane,29/04,voscours,tutoring,student,other,french,unknown,remote,MEDIUM,Yes,NLP fallback classification,Je suis à la recherche d’un professeur d’allemand qui réside uniquement en france pour des cours en ligne merci 🙏🏻,listing_page,No,https://www.voscours.fr/annonces/eleves/6941484
N/A,Recherche professeur italien homme ou femme disponible,Metz,N/A,N/A,Matéo,N/A,voscours,tutoring,student,other,french,unknown,on-site,MEDIUM,No,NLP fallback classification,Recherche professeur italien homme ou femme disponible,listing_page,No,https://www.voscours.fr/annonces/eleves/6816085
N/A,Recherche un professeur de russie pour ma femme,Bordeaux,N/A,N/A,Vte Luka,N/A,voscours,tutoring,student,other,french,unknown,on-site,MEDIUM,No,NLP fallback classification,Recherche un professeur de russie pour ma femme,listing_page,No,https://www.voscours.fr/annonces/eleves/6858481
N/A,Recherche professeur de portugais en france h/f,Bordeaux,N/A,N/A,Samuel,29/04,voscours,tutoring,student,other,french,unknown,on-site,MEDIUM,No,NLP fallback classification,Recherche professeur de portugais en france h/f,listing_page,No,https://www.voscours.fr/annonces/eleves/6940641
N/A,Hello we're in a search for a french tutor,Saint-Martin-le-Vinoux,N/A,N/A,Jerry,08/04,voscours,tutoring,student,other,french,unknown,on-site,MEDIUM,No,NLP fallback classification,Hello we're in a search for a french tutor,listing_page,No,https://www.voscours.fr/annonces/eleves/6897638
N/A,Recherche prof de français uniquement en france pour ma femme,Créteil,N/A,N/A,Michelle,29/04,voscours,tutoring,student,other,french,unknown,on-site,MEDIUM,No,NLP fallback classification,Recherche prof de français uniquement en france pour ma femme,listing_page,No,https://www.voscours.fr/annonces/eleves/6940400
N/A,Je recherche un(e) professeur(e) sérieux(se) et pédagogue pour accompagner mon enfant de 8 ans en soutien scolaire,Bordeaux,N/A,N/A,Boitiere,N/A,voscours,tutoring,student,other,french,unknown,on-site,MEDIUM,No,NLP fallback classification,Je recherche un(e) professeur(e) sérieux(se) et pédagogue pour accompagner mon enfant de 8 ans en soutien scolaire,listing_page,No,https://www.voscours.fr/annonces/eleves/6820793
N/A,Lengua española conmigo,Paris,N/A,N/A,Bouhedda soukaina,N/A,voscours,tutoring,student,other,french,unknown,on-site,MEDIUM,No,NLP fallback classification,Lengua española conmigo,listing_page,No,https://www.voscours.fr/annonces/eleves/6815089
N/A,Recherche professeur de chinois h/f,Marseilles-lès-Aubigny,N/A,N/A,Xavier,N/A,voscours,tutoring,student,other,french,unknown,on-site,MEDIUM,No,NLP fallback classification,Recherche professeur de chinois h/f,listing_page,No,https://www.voscours.fr/annonces/eleves/6855849
N/A,Cherche un professeur.e italien.ne natif.ve,Nantes,N/A,N/A,Paquier,N/A,voscours,tutoring,student,other,french,unknown,on-site,MEDIUM,No,NLP fallback classification,Cherche un professeur.e italien.ne natif.ve,listing_page,No,https://www.voscours.fr/annonces/eleves/6814824
N/A,Cours en présentiel d'histoire et géographie,Dunkerque,N/A,N/A,Jean,N/A,voscours,tutoring,student,arts_humanities,french,unknown,on-site,MEDIUM,No,NLP fallback classification,Cours en présentiel d'histoire et géographie,listing_page,No,https://www.voscours.fr/annonces/eleves/6857471
N/A,"Cour de basse pour une élève de 16 ans, débutante",Pantin,N/A,N/A,Raymahiy,N/A,voscours,tutoring,student,other,french,unknown,on-site,MEDIUM,No,NLP fallback classification,"Cour de basse pour une élève de 16 ans, débutante",listing_page,No,https://www.voscours.fr/annonces/eleves/6857461
N/A,Recherche professeur de français niveau 5ème,Athis-Mons,N/A,N/A,Sarah,N/A,voscours,tutoring,student,other,french,unknown,on-site,MEDIUM,No,NLP fallback classification,Recherche professeur de français niveau 5ème,listing_page,No,https://www.voscours.fr/annonces/eleves/6714194
N/A,Searching native speaker english teacher with experience for our 8 years old son twice a week at our home at nice ouest,Nice,N/A,N/A,Gregory,N/A,voscours,tutoring,student,other,french,unknown,on-site,MEDIUM,No,NLP fallback classification,Searching native speaker english teacher with experience for our 8 years old son twice a week at our home at nice ouest,listing_page,No,https://www.voscours.fr/annonces/eleves/6463224
N/A,Je recherche un professeur de boxe qui pourrait m’aider à,Haguenau,N/A,N/A,Ramadanov,N/A,voscours,tutoring,student,other,french,unknown,on-site,MEDIUM,No,NLP fallback classification,Je recherche un professeur de boxe qui pourrait m’aider à,listing_page,No,https://www.voscours.fr/annonces/eleves/6813949
N/A,Recherche professeur pour une remise à niveau intensive pour une élève de 5 eme,Aléria,N/A,N/A,Sabrina,07/04,voscours,tutoring,student,other,french,unknown,on-site,MEDIUM,No,NLP fallback classification,Recherche professeur pour une remise à niveau intensive pour une élève de 5 eme,listing_page,No,https://www.voscours.fr/annonces/eleves/6896076
N/A,We're seeking experienced english tutors for private classes,Rennes,N/A,N/A,Henry,N/A,voscours,tutoring,student,other,english,unknown,on-site,MEDIUM,No,NLP fallback classification,We're seeking experienced english tutors for private classes,listing_page,No,https://www.voscours.fr/annonces/eleves/6856894
N/A,Cours guitare électrique pour un groupe de 3 personnes,Sigean,N/A,N/A,Jean Louis,28/04,voscours,tutoring,student,music,french,unknown,on-site,MEDIUM,No,NLP fallback classification,Cours guitare électrique pour un groupe de 3 personnes,listing_page,No,https://www.voscours.fr/annonces/eleves/6938883
N/A,Besoin de cours de stats pour psychologie bsc,L'Aigle,N/A,N/A,Gamble,07/04,voscours,tutoring,student,other,french,unknown,on-site,MEDIUM,No,NLP fallback classification,Besoin de cours de stats pour psychologie bsc,listing_page,No,https://www.voscours.fr/annonces/eleves/6895514
N/A,Recherche d’un(e) répétiteur(trice) sérieux(se) et motivé(e),Montpellier,N/A,N/A,François,07/04,voscours,tutoring,student,other,french,unknown,on-site,MEDIUM,No,NLP fallback classification,Recherche d’un(e) répétiteur(trice) sérieux(se) et motivé(e),listing_page,No,https://www.voscours.fr/annonces/eleves/6895486
N/A,Cherche professeur d'italien en partie à domicile pour renforcer capacité à l'oral mais en alternance en ligne. secteur enghien,Deuil-la-Barre,N/A,N/A,Lippmann Gérard,07/04,voscours,tutoring,student,other,french,unknown,on-site,MEDIUM,No,NLP fallback classification,Cherche professeur d'italien en partie à domicile pour renforcer capacité à l'oral mais en alternance en ligne. secteur enghien,listing_page,No,https://www.voscours.fr/annonces/eleves/6895469
N/A,Recherche professeur de français h/femme,Bordeaux,N/A,N/A,Aboubacar,N/A,voscours,tutoring,student,other,french,unknown,on-site,MEDIUM,No,NLP fallback classification,Recherche professeur de français h/femme,listing_page,No,https://www.voscours.fr/annonces/eleves/6813109
N/A,Recherche prof de français pour dictée et vocabulaire et lecture,Le Marigot,N/A,N/A,Alfride,28/04,voscours,tutoring,student,other,french,unknown,on-site,MEDIUM,No,NLP fallback classification,Recherche prof de français pour dictée et vocabulaire et lecture,listing_page,No,https://www.voscours.fr/annonces/eleves/6938424
N/A,Cours tous les dimanches après-midi à paris 20ème,Paris,N/A,N/A,Elliot,N/A,voscours,tutoring,student,other,french,unknown,on-site,MEDIUM,No,NLP fallback classification,Cours tous les dimanches après-midi à paris 20ème,listing_page,No,https://www.voscours.fr/annonces/eleves/6677215
N/A,Je suis activement à la recherche d’un professeur d’histoire géo résidant en france le plus rapidement possible 🤗🌹👏🏻,Évry (Essonne),N/A,N/A,Alphonso,28/04,voscours,tutoring,student,arts_humanities,french,unknown,on-site,MEDIUM,No,NLP fallback classification,Je suis activement à la recherche d’un professeur d’histoire géo résidant en france le plus rapidement possible 🤗🌹👏🏻,listing_page,No,https://www.voscours.fr/annonces/eleves/6935982
N/A,Je recherche un professeur de langue portugais,Paris,N/A,N/A,Alain,28/04,voscours,tutoring,student,other,french,unknown,on-site,MEDIUM,No,NLP fallback classification,Je recherche un professeur de langue portugais,listing_page,No,https://www.voscours.fr/annonces/eleves/6938073
N/A,"Gestion administrative, matières générales",Mamoudzou,N/A,N/A,Ahmed,N/A,voscours,tutoring,student,other,french,unknown,on-site,MEDIUM,No,NLP fallback classification,"Gestion administrative, matières générales",listing_page,No,https://www.voscours.fr/annonces/eleves/6855444
N/A,Étudier avec un vrai professeur qualifié et expérimenté fait toute la différence,Paris,N/A,N/A,Isabelle,N/A,voscours,tutoring,student,other,french,unknown,on-site,MEDIUM,No,NLP fallback classification,Étudier avec un vrai professeur qualifié et expérimenté fait toute la différence,listing_page,No,https://www.voscours.fr/annonces/eleves/6812123
N/A,Cherche un professeur particulier en français langue étrangère,Marseille,N/A,N/A,Jeanne,28/04,voscours,tutoring,student,languages,french,unknown,on-site,MEDIUM,No,NLP fallback classification,Cherche un professeur particulier en français langue étrangère,listing_page,No,https://www.voscours.fr/annonces/eleves/6937372
N/A,Hello. i am looking for available french tutor,Strasbourg,N/A,N/A,Wilson,N/A,voscours,tutoring,student,other,french,unknown,on-site,MEDIUM,No,NLP fallback classification,Hello. i am looking for available french tutor,listing_page,No,https://www.voscours.fr/annonces/eleves/6855173
N/A,Recherche d’un(e) répétiteur(trice) expérimenté(e) pour suivi hebdomadaire,Strasbourg,N/A,N/A,François,07/04,voscours,tutoring,student,other,french,unknown,on-site,MEDIUM,No,NLP fallback classification,Recherche d’un(e) répétiteur(trice) expérimenté(e) pour suivi hebdomadaire,listing_page,No,https://www.voscours.fr/annonces/eleves/6895592
N/A,Je suis à la recherche d’un professeur d’allemand qui réside uniquement en france .🇫🇷 si vous ne résidez pas en france désoler,Montignac (Dordogne),N/A,N/A,Alphonso,28/04,voscours,tutoring,student,other,french,unknown,on-site,MEDIUM,No,NLP fallback classification,Je suis à la recherche d’un professeur d’allemand qui réside uniquement en france .🇫🇷 si vous ne résidez pas en france désoler,listing_page,No,https://www.voscours.fr/annonces/eleves/6941380
N/A,We're in need of a tutor for a professional tutor,Valenciennes,N/A,N/A,Lucia,07/04,voscours,tutoring,student,other,french,unknown,on-site,MEDIUM,No,NLP fallback classification,We're in need of a tutor for a professional tutor,listing_page,No,https://www.voscours.fr/annonces/eleves/6893827
N/A,Besoin d’un prof pour des cours en ligne,Strasbourg,N/A,N/A,Jeanne,27/04,voscours,tutoring,student,other,french,unknown,remote,MEDIUM,Yes,NLP fallback classification,Besoin d’un prof pour des cours en ligne,listing_page,No,https://www.voscours.fr/annonces/eleves/6940628
N/A,Je recherche professeur d’allemand dans le cadre de son travail,La Réunion,N/A,N/A,Alexandre,27/04,voscours,tutoring,student,other,french,unknown,on-site,MEDIUM,No,NLP fallback classification,Je recherche professeur d’allemand dans le cadre de son travail,listing_page,No,https://www.voscours.fr/annonces/eleves/6936697
N/A,Licence italien+diplôme supérieur chambre commerce franco italienne marseille - ment. bien- programme établi avec étudiant,Tours,N/A,N/A,Previdente,N/A,voscours,tutoring,student,other,french,unknown,on-site,MEDIUM,No,NLP fallback classification,Licence italien+diplôme supérieur chambre commerce franco italienne marseille - ment. bien- programme établi avec étudiant,listing_page,No,https://www.voscours.fr/annonces/eleves/6810912
N/A,EDEXCEL A LEVEL DRAMA TUTOR NEEDED (WRITTEN NOT PERFORMING PART PLEASE),Norwich,N/A,N/A,Sarah Massey,N/A,findtutors_uk,tutoring,student,other,french,unknown,on-site,MEDIUM,No,NLP fallback classification,EDEXCEL A LEVEL DRAMA TUTOR NEEDED (WRITTEN NOT PERFORMING PART PLEASE),listing_page,No,https://www.findtutors.co.uk/annonces/eleves/6863642
N/A,GCSE English Teacher Required,Stockport,N/A,N/A,Misbah Uddin,02/05,findtutors_uk,tutoring,student,test_prep,french,unknown,on-site,MEDIUM,No,NLP fallback classification,GCSE English Teacher Required,listing_page,No,https://www.findtutors.co.uk/annonces/eleves/6945786
N/A,"Fashion and pattern designing , garments construction",Glasgow,N/A,N/A,Qasim,N/A,findtutors_uk,tutoring,student,other,french,unknown,on-site,MEDIUM,No,NLP fallback classification,"Fashion and pattern designing , garments construction",listing_page,No,https://www.findtutors.co.uk/annonces/eleves/6680548
N/A,GCSE Product Design tutor - Design and Technology,"Christchurch Bournemouth,...",N/A,N/A,Josie Davey,11/04,findtutors_uk,tutoring,student,test_prep,french,unknown,on-site,MEDIUM,No,NLP fallback classification,GCSE Product Design tutor - Design and Technology,listing_page,No,https://www.findtutors.co.uk/annonces/eleves/6903420
N/A,ARABIC TEACHER NEEDED for KS1 home ed children,Leicester,N/A,N/A,Aishah,N/A,findtutors_uk,tutoring,student,languages,french,unknown,on-site,MEDIUM,No,NLP fallback classification,ARABIC TEACHER NEEDED for KS1 home ed children,listing_page,No,https://www.findtutors.co.uk/annonces/eleves/6570902
N/A,looking for singing teachers in west sussex,Emsworth,N/A,N/A,Jasmine,N/A,findtutors_uk,tutoring,student,music,french,unknown,on-site,MEDIUM,No,NLP fallback classification,looking for singing teachers in west sussex,listing_page,No,https://www.findtutors.co.uk/annonces/eleves/6612712
N/A,Looking for a Montessori teacher for literacy and numeracy work Child with an EHCP just turned seven,London,N/A,N/A,Lucy Nicolaysen,N/A,findtutors_uk,tutoring,student,other,french,unknown,on-site,MEDIUM,No,NLP fallback classification,Looking for a Montessori teacher for literacy and numeracy work Child with an EHCP just turned seven,listing_page,No,https://www.findtutors.co.uk/annonces/eleves/6329977
N/A,A Level Business tutor in person,Twickenham,N/A,N/A,Mr Daniel Burdett,N/A,findtutors_uk,tutoring,student,other,french,unknown,on-site,MEDIUM,No,NLP fallback classification,A Level Business tutor in person,listing_page,No,https://www.findtutors.co.uk/annonces/eleves/6680648
N/A,Looking for native Spanish tutor for twin boys aged 8 in Wantage. They are already bilingual (English and Romanian),Wantage,N/A,N/A,Cezar,N/A,findtutors_uk,tutoring,student,other,french,unknown,on-site,MEDIUM,No,NLP fallback classification,Looking for native Spanish tutor for twin boys aged 8 in Wantage. They are already bilingual (English and Romanian),listing_page,No,https://www.findtutors.co.uk/annonces/eleves/6611820
N/A,Looking for In-person Italian tutor near Glasgow,Uddingston,N/A,N/A,Darren Moran,N/A,findtutors_uk,tutoring,student,other,french,unknown,on-site,MEDIUM,No,NLP fallback classification,Looking for In-person Italian tutor near Glasgow,listing_page,No,https://www.findtutors.co.uk/annonces/eleves/6395247
N/A,I am a 400 level computing student looking for a tutor in python. It is new to me and struggling with my assignment,Handsworth (City and Boro...,N/A,N/A,Samuel,N/A,findtutors_uk,tutoring,student,technology,french,unknown,on-site,MEDIUM,No,NLP fallback classification,I am a 400 level computing student looking for a tutor in python. It is new to me and struggling with my assignment,listing_page,No,https://www.findtutors.co.uk/annonces/eleves/6680255
N/A,Face To Face Lessons . And Availability On Tuesday Or Wednesday Afternoon After 5pm. The lessons Are For My 16 Year old,Leeds,N/A,N/A,Janine,N/A,findtutors_uk,tutoring,student,other,french,unknown,on-site,MEDIUM,No,NLP fallback classification,Face To Face Lessons . And Availability On Tuesday Or Wednesday Afternoon After 5pm. The lessons Are For My 16 Year old,listing_page,No,https://www.findtutors.co.uk/annonces/eleves/6721027
N/A,Contact me for finance course,Online,N/A,N/A,Sofil K c,N/A,findtutors_uk,tutoring,student,other,french,unknown,remote,MEDIUM,Yes,NLP fallback classification,Contact me for finance course,listing_page,No,https://www.findtutors.co.uk/annonces/eleves/6328940
N/A,"I am looking for a Spanish native speaking teacher , face to face if possible",Middlesbrough,N/A,N/A,Jonathan,N/A,findtutors_uk,tutoring,student,other,french,unknown,on-site,MEDIUM,No,NLP fallback classification,"I am looking for a Spanish native speaking teacher , face to face if possible",listing_page,No,https://www.findtutors.co.uk/annonces/eleves/6394896
N/A,I am looking for Handwriting Lessons,London,N/A,N/A,Sandy Green,N/A,findtutors_uk,tutoring,student,other,french,unknown,on-site,MEDIUM,No,NLP fallback classification,I am looking for Handwriting Lessons,listing_page,No,https://www.findtutors.co.uk/annonces/eleves/6570311
N/A,Dissertation Report of 9000 words about a 3D unity Game,Leeds,N/A,N/A,Sandu,N/A,findtutors_uk,tutoring,student,other,french,unknown,on-site,MEDIUM,No,NLP fallback classification,Dissertation Report of 9000 words about a 3D unity Game,listing_page,No,https://www.findtutors.co.uk/annonces/eleves/6820528
N/A,Looking for an in-person Italian tutor in Bristol,Bristol,N/A,N/A,Francesca Ramsay,N/A,findtutors_uk,tutoring,student,other,french,unknown,on-site,MEDIUM,No,NLP fallback classification,Looking for an in-person Italian tutor in Bristol,listing_page,No,https://www.findtutors.co.uk/annonces/eleves/6719143
N/A,Looking for a tutor to offer extra support for reception aged child,Cheshire West and Chester,N/A,N/A,Nicola,N/A,findtutors_uk,tutoring,student,other,french,unknown,on-site,MEDIUM,No,NLP fallback classification,Looking for a tutor to offer extra support for reception aged child,listing_page,No,https://www.findtutors.co.uk/annonces/eleves/6861907
N/A,Need help with gcse englishone to one tuition at home preferably. Lives in Rumney,Remony,N/A,N/A,Jerry,N/A,findtutors_uk,tutoring,student,test_prep,french,unknown,on-site,MEDIUM,No,NLP fallback classification,Need help with gcse englishone to one tuition at home preferably. Lives in Rumney,listing_page,No,https://www.findtutors.co.uk/annonces/eleves/6569451
N/A,Basic to Intermediate Level,Manchester,N/A,N/A,Steve Lee,N/A,findtutors_uk,tutoring,student,other,french,unknown,on-site,MEDIUM,No,NLP fallback classification,Basic to Intermediate Level,listing_page,No,https://www.findtutors.co.uk/annonces/eleves/6718878
N/A,After School French Club Teacher/Tutor for SW18 on Tuesdays,Wandsworth London,N/A,N/A,Fiona,N/A,findtutors_uk,tutoring,student,other,french,unknown,on-site,MEDIUM,No,NLP fallback classification,After School French Club Teacher/Tutor for SW18 on Tuesdays,listing_page,No,https://www.findtutors.co.uk/annonces/eleves/6718745
N/A,basic French tutor sought for my 7 year old son,Leicester,N/A,N/A,Antoine Messiou,N/A,findtutors_uk,tutoring,student,other,french,unknown,on-site,MEDIUM,No,NLP fallback classification,basic French tutor sought for my 7 year old son,listing_page,No,https://www.findtutors.co.uk/annonces/eleves/6256585
N/A,GCSE English tutor for dyslexic child weak in English but strong analytically,Pinner,N/A,N/A,Rahul,10/04,findtutors_uk,tutoring,student,test_prep,english,unknown,on-site,MEDIUM,No,NLP fallback classification,GCSE English tutor for dyslexic child weak in English but strong analytically,listing_page,No,https://www.findtutors.co.uk/annonces/eleves/6901401
N/A,"After School French Club Tutor, SW18, Tuesdays",London,N/A,N/A,Fiona Dunmore,N/A,findtutors_uk,tutoring,student,other,french,unknown,on-site,MEDIUM,No,NLP fallback classification,"After School French Club Tutor, SW18, Tuesdays",listing_page,No,https://www.findtutors.co.uk/annonces/eleves/6718391
N/A,Looking to learn European Portuguese for family reasons,Liverpool,N/A,N/A,Peter,N/A,findtutors_uk,tutoring,student,other,french,unknown,on-site,MEDIUM,No,NLP fallback classification,Looking to learn European Portuguese for family reasons,listing_page,No,https://www.findtutors.co.uk/annonces/eleves/6771952
N/A,Teacher Cantonese/ mandarin to 5 and 7 yrs,Birmingham,N/A,N/A,Mo alam,30/04,findtutors_uk,tutoring,student,other,french,unknown,on-site,MEDIUM,No,NLP fallback classification,Teacher Cantonese/ mandarin to 5 and 7 yrs,listing_page,No,https://www.findtutors.co.uk/annonces/eleves/6943785
N/A,Do you teach opera to six year olds?,Online,N/A,N/A,Ama Koranteng,N/A,findtutors_uk,tutoring,student,other,french,unknown,remote,MEDIUM,Yes,NLP fallback classification,Do you teach opera to six year olds?,listing_page,No,https://www.findtutors.co.uk/annonces/eleves/6648871
N/A,I am looking for a tutor for my daughter who is currently in year 12,Online,N/A,N/A,Leila Hobday,N/A,findtutors_uk,tutoring,student,other,french,unknown,remote,MEDIUM,Yes,NLP fallback classification,I am looking for a tutor for my daughter who is currently in year 12,listing_page,No,https://www.findtutors.co.uk/annonces/eleves/6568355
N/A,"Looking for a tutor to help me out with AQA Business, I’m in Year 13",The City of Brighton and ...,N/A,N/A,Emmanuel Allon,N/A,findtutors_uk,tutoring,student,other,french,unknown,on-site,MEDIUM,No,NLP fallback classification,"Looking for a tutor to help me out with AQA Business, I’m in Year 13",listing_page,No,https://www.findtutors.co.uk/annonces/eleves/6818411
N/A,"french tutor for a 7 year old boy. 40 minutes , weekdays 5 pm approx",Leicester,N/A,N/A,Antoine Messiou,N/A,findtutors_uk,tutoring,student,other,french,unknown,on-site,MEDIUM,No,NLP fallback classification,"french tutor for a 7 year old boy. 40 minutes , weekdays 5 pm approx",listing_page,No,https://www.findtutors.co.uk/annonces/eleves/6257635
N/A,Creative Writing Tutor — Find Your Voice at Any Age,Leicester,N/A,N/A,Esther,09/04,findtutors_uk,tutoring,student,other,french,unknown,on-site,MEDIUM,No,NLP fallback classification,Creative Writing Tutor — Find Your Voice at Any Age,listing_page,No,https://www.findtutors.co.uk/annonces/eleves/6900352
N/A,Looking for an English tutor for ESOL student,Kings Heath,N/A,N/A,Natasha Deans,N/A,findtutors_uk,tutoring,student,other,english,unknown,on-site,MEDIUM,No,NLP fallback classification,Looking for an English tutor for ESOL student,listing_page,No,https://www.findtutors.co.uk/annonces/eleves/6568083
N/A,I am looking for a photography tutor,Swindon,N/A,N/A,Eliene Souza,N/A,findtutors_uk,tutoring,student,other,french,unknown,on-site,MEDIUM,No,NLP fallback classification,I am looking for a photography tutor,listing_page,No,https://www.findtutors.co.uk/annonces/eleves/6717218
N/A,Seeking Professional Supervisor & Mentor (PEDR – RIBA Part 3 Pathway),Ilfracombe,N/A,N/A,Lewis smith,09/04,findtutors_uk,tutoring,student,other,french,unknown,on-site,MEDIUM,No,NLP fallback classification,Seeking Professional Supervisor & Mentor (PEDR – RIBA Part 3 Pathway),listing_page,No,https://www.findtutors.co.uk/annonces/eleves/6900113
N/A,Looking for in-person tutor asap Central London,City of Westminster London,N/A,N/A,Nicholas rodgers,N/A,findtutors_uk,tutoring,student,other,french,unknown,on-site,MEDIUM,No,NLP fallback classification,Looking for in-person tutor asap Central London,listing_page,No,https://www.findtutors.co.uk/annonces/eleves/6717034
N/A,I am looking for a tutor to conduct GCSE Turkish Assessment,London,N/A,N/A,Abdul Ghafoor,09/04,findtutors_uk,tutoring,student,test_prep,french,unknown,on-site,MEDIUM,No,NLP fallback classification,I am looking for a tutor to conduct GCSE Turkish Assessment,listing_page,No,https://www.findtutors.co.uk/annonces/eleves/6899879
N/A,Looking for a prenatal Pilates instructor !,London,N/A,N/A,Aylin,09/04,findtutors_uk,tutoring,student,other,french,unknown,on-site,MEDIUM,No,NLP fallback classification,Looking for a prenatal Pilates instructor !,listing_page,No,https://www.findtutors.co.uk/annonces/eleves/6899299
N/A,"utor who can help me learn French. I got a C at GCSE but I've mostly forgotten it all. I'm looking to learn something new, really",Online,N/A,N/A,Karl,N/A,findtutors_uk,tutoring,student,test_prep,french,unknown,remote,MEDIUM,Yes,NLP fallback classification,"utor who can help me learn French. I got a C at GCSE but I've mostly forgotten it all. I'm looking to learn something new, really",listing_page,No,https://www.findtutors.co.uk/annonces/eleves/6290075
N/A,Looking for an In person tutor in Bournemouth,Bournemouth,N/A,N/A,Naresh Kandala,N/A,findtutors_uk,tutoring,student,other,french,unknown,on-site,MEDIUM,No,NLP fallback classification,Looking for an In person tutor in Bournemouth,listing_page,No,https://www.findtutors.co.uk/annonces/eleves/6860060
N/A,Hi I am a parent looking for GCSE tuition for my child aged 15,Northampton,N/A,N/A,Michael Warnes,N/A,findtutors_uk,tutoring,student,test_prep,french,unknown,on-site,MEDIUM,No,NLP fallback classification,Hi I am a parent looking for GCSE tuition for my child aged 15,listing_page,No,https://www.findtutors.co.uk/annonces/eleves/6715957
N/A,Hi Anyone tutors Uk conveyancing experience?,Barnet (London),N/A,N/A,Damilola,30/04,findtutors_uk,tutoring,student,other,french,unknown,on-site,MEDIUM,No,NLP fallback classification,Hi Anyone tutors Uk conveyancing experience?,listing_page,No,https://www.findtutors.co.uk/annonces/eleves/6941716
N/A,"Female tutor for child to pass ABRSM grade exams. in person lessons at your home, one hour, once a week in Sutton or Morden",Sutton (London),N/A,N/A,H. D.,N/A,findtutors_uk,tutoring,student,test_prep,french,unknown,on-site,MEDIUM,No,NLP fallback classification,"Female tutor for child to pass ABRSM grade exams. in person lessons at your home, one hour, once a week in Sutton or Morden",listing_page,No,https://www.findtutors.co.uk/annonces/eleves/6519600
N/A,private singing lessons for my 13 year old please. In preparation for LAMDA exam,Bryngwran,N/A,N/A,Kim,N/A,findtutors_uk,tutoring,student,music,french,unknown,on-site,MEDIUM,No,NLP fallback classification,private singing lessons for my 13 year old please. In preparation for LAMDA exam,listing_page,No,https://www.findtutors.co.uk/annonces/eleves/6769174
N/A,Native French tutor for 5 years old kid in southwest London area,Wandsworth (London),N/A,N/A,Jane,N/A,findtutors_uk,tutoring,student,other,french,unknown,on-site,MEDIUM,No,NLP fallback classification,Native French tutor for 5 years old kid in southwest London area,listing_page,No,https://www.findtutors.co.uk/annonces/eleves/6769110
N/A,I am a beginner Pianist looking for a tutor,Glasgow,N/A,N/A,James Murray,N/A,findtutors_uk,tutoring,student,other,french,unknown,on-site,MEDIUM,No,NLP fallback classification,I am a beginner Pianist looking for a tutor,listing_page,No,https://www.findtutors.co.uk/annonces/eleves/6715055
N/A,Looking for a teacher to prep Y12 student to pass German A-level,London,N/A,N/A,Kristina,N/A,findtutors_uk,tutoring,student,languages,french,unknown,on-site,MEDIUM,No,NLP fallback classification,Looking for a teacher to prep Y12 student to pass German A-level,listing_page,No,https://www.findtutors.co.uk/annonces/eleves/6714451
N/A,Need 1:1 in house tutoring for P7 in N.ireland,Garvagh,N/A,N/A,Orla Bradley,N/A,findtutors_uk,tutoring,student,other,french,unknown,on-site,MEDIUM,No,NLP fallback classification,Need 1:1 in house tutoring for P7 in N.ireland,listing_page,No,https://www.findtutors.co.uk/annonces/eleves/6815326
N/A,"in person Tutor for 6year old in caddington, Luton",Luton,N/A,N/A,TOlu,N/A,findtutors_uk,tutoring,student,other,french,unknown,on-site,MEDIUM,No,NLP fallback classification,"in person Tutor for 6year old in caddington, Luton",listing_page,No,https://www.findtutors.co.uk/annonces/eleves/6713740
N/A,A level in person at home Tw3 Hounslow Area,Hounslow London,N/A,N/A,Dil,29/04,findtutors_uk,tutoring,student,other,french,unknown,on-site,MEDIUM,No,NLP fallback classification,A level in person at home Tw3 Hounslow Area,listing_page,No,https://www.findtutors.co.uk/annonces/eleves/6939870
N/A,Hiring a virtual assistant for cleaning services business in United Kingdom,Online,N/A,N/A,David,N/A,findtutors_uk,tutoring,student,other,french,unknown,remote,MEDIUM,Yes,NLP fallback classification,Hiring a virtual assistant for cleaning services business in United Kingdom,listing_page,No,https://www.findtutors.co.uk/annonces/eleves/6463588
N/A,"Hi, looking for a GCSE English tutor to teach my year 10 sister",Leeds,N/A,N/A,Juliette Sweiss,29/04,findtutors_uk,tutoring,student,test_prep,english,unknown,on-site,MEDIUM,No,NLP fallback classification,"Hi, looking for a GCSE English tutor to teach my year 10 sister",listing_page,No,https://www.findtutors.co.uk/annonces/eleves/6941075
N/A,I am looking for a woman Quran and Arabic tutor,South Shields,N/A,N/A,Niamh,N/A,findtutors_uk,tutoring,student,languages,french,unknown,on-site,MEDIUM,No,NLP fallback classification,I am looking for a woman Quran and Arabic tutor,listing_page,No,https://www.findtutors.co.uk/annonces/eleves/6857107
N/A,Looking for a English teacher for face to face session for KS2 on weekends,Rotherham,N/A,N/A,Kavita,N/A,findtutors_uk,tutoring,student,other,french,unknown,on-site,MEDIUM,No,NLP fallback classification,Looking for a English teacher for face to face session for KS2 on weekends,listing_page,No,https://www.findtutors.co.uk/annonces/eleves/6261240
N/A,Looking for assistance with refining my essays for my English literature a level,Sudbury (Suffolk),N/A,N/A,Willow,N/A,findtutors_uk,tutoring,student,other,french,unknown,on-site,MEDIUM,No,NLP fallback classification,Looking for assistance with refining my essays for my English literature a level,listing_page,No,https://www.findtutors.co.uk/annonces/eleves/6712485
N/A,I am looking for English tutor I live in Lincoln- Gainsborough,Gainsborough,N/A,N/A,Sena,N/A,findtutors_uk,tutoring,student,other,english,unknown,on-site,MEDIUM,No,NLP fallback classification,I am looking for English tutor I live in Lincoln- Gainsborough,listing_page,No,https://www.findtutors.co.uk/annonces/eleves/6605549
N/A,I am looking for in-person English tutor for 11+ in Harrow,Harrow (London),N/A,N/A,Chirag,N/A,findtutors_uk,tutoring,student,other,english,unknown,on-site,MEDIUM,No,NLP fallback classification,I am looking for in-person English tutor for 11+ in Harrow,listing_page,No,https://www.findtutors.co.uk/annonces/eleves/6514842
N/A,I am looking for a tutor for financial accounting,Swansea,N/A,N/A,Tahura,N/A,findtutors_uk,tutoring,student,other,french,unknown,on-site,MEDIUM,No,NLP fallback classification,I am looking for a tutor for financial accounting,listing_page,No,https://www.findtutors.co.uk/annonces/eleves/6604497
N/A,I am looking to crack B2 level for working visa,Renfrew,N/A,N/A,Mahesh,28/04,findtutors_uk,tutoring,student,other,french,unknown,on-site,MEDIUM,No,NLP fallback classification,I am looking to crack B2 level for working visa,listing_page,No,https://www.findtutors.co.uk/annonces/eleves/6937058
N/A,"Mandarin (writing Traditional Chinese 繁體字) for primary school kids. Prefer in person learning, and coming to our place",Edinburgh,N/A,N/A,Yy,N/A,findtutors_uk,tutoring,student,languages,french,unknown,on-site,MEDIUM,No,NLP fallback classification,"Mandarin (writing Traditional Chinese 繁體字) for primary school kids. Prefer in person learning, and coming to our place",listing_page,No,https://www.findtutors.co.uk/annonces/eleves/6677510
N/A,I am a Translator and an interpreter with 15 years of experiences teaching English / Spanish / French / Etc,Online,N/A,N/A,Montgomery Elysee,N/A,findtutors_uk,tutoring,student,other,french,unknown,remote,MEDIUM,Yes,NLP fallback classification,I am a Translator and an interpreter with 15 years of experiences teaching English / Spanish / French / Etc,listing_page,No,https://www.findtutors.co.uk/annonces/eleves/6604336
N/A,hi iam looking for a tutor to help me revise for my n5 exams,Aberdeen,N/A,N/A,Ashrith,06/04,findtutors_uk,tutoring,student,test_prep,french,unknown,on-site,MEDIUM,No,NLP fallback classification,hi iam looking for a tutor to help me revise for my n5 exams,listing_page,No,https://www.findtutors.co.uk/annonces/eleves/6893569
N/A,Disabled guy needs home visits from a music production teacher,The City of Brighton and ...,N/A,N/A,Christopher Burke,N/A,findtutors_uk,tutoring,student,music,french,unknown,on-site,MEDIUM,No,NLP fallback classification,Disabled guy needs home visits from a music production teacher,listing_page,No,https://www.findtutors.co.uk/annonces/eleves/6676034
N/A,Asperger's/Cerebral Palsy guy wanting walking through music production techniques,The City of Brighton and ...,N/A,N/A,Christopher Burke,N/A,findtutors_uk,tutoring,student,music,french,unknown,on-site,MEDIUM,No,NLP fallback classification,Asperger's/Cerebral Palsy guy wanting walking through music production techniques,listing_page,No,https://www.findtutors.co.uk/annonces/eleves/6676542
N/A,I am looking for a Spanish tutor to help me on my journey in becoming fluent in the language one day,Fulham (London),N/A,N/A,Marley,06/04,findtutors_uk,tutoring,student,languages,french,unknown,on-site,MEDIUM,No,NLP fallback classification,I am looking for a Spanish tutor to help me on my journey in becoming fluent in the language one day,listing_page,No,https://www.findtutors.co.uk/annonces/eleves/6251944
N/A,Hi! I am looking for an optics tutor to help me prepare for RCOPHTH exam - clinical optics ( textbook by Elkington),St Albans,N/A,N/A,Elizabeth,N/A,findtutors_uk,tutoring,student,test_prep,french,unknown,on-site,MEDIUM,No,NLP fallback classification,Hi! I am looking for an optics tutor to help me prepare for RCOPHTH exam - clinical optics ( textbook by Elkington),listing_page,No,https://www.findtutors.co.uk/annonces/eleves/6603571
N/A,I am looking to learn how to draw and paint the female body i live in wrexham so looking for someone in wrexham,Wrexham,N/A,N/A,David,N/A,findtutors_uk,tutoring,student,other,french,unknown,on-site,MEDIUM,No,NLP fallback classification,I am looking to learn how to draw and paint the female body i live in wrexham so looking for someone in wrexham,listing_page,No,https://www.findtutors.co.uk/annonces/eleves/6709045
N/A,Help with the BA (Hons) in Early years Education and care,Nottingham,N/A,N/A,Sameena,N/A,findtutors_uk,tutoring,student,other,french,unknown,on-site,MEDIUM,No,NLP fallback classification,Help with the BA (Hons) in Early years Education and care,listing_page,No,https://www.findtutors.co.uk/annonces/eleves/6810168
N/A,I am looking for a Italian tutor preferably in the Reigate area,Lower Kingswood,N/A,N/A,James Cotton,N/A,findtutors_uk,tutoring,student,other,french,unknown,on-site,MEDIUM,No,NLP fallback classification,I am looking for a Italian tutor preferably in the Reigate area,listing_page,No,https://www.findtutors.co.uk/annonces/eleves/6809977
N/A,I am looking for someone to comr to my home and setup new Chromebook and Pr,Saltburn-by-the-Sea,N/A,N/A,Pat,N/A,findtutors_uk,tutoring,student,other,french,unknown,on-site,MEDIUM,No,NLP fallback classification,I am looking for someone to comr to my home and setup new Chromebook and Pr,listing_page,No,https://www.findtutors.co.uk/annonces/eleves/6853477
N/A,Adult looking for French conversation practice and help with developing business French - currently level A2/B1,London,N/A,N/A,Francesca,27/04,findtutors_uk,tutoring,student,test_prep,french,unknown,on-site,MEDIUM,No,NLP fallback classification,Adult looking for French conversation practice and help with developing business French - currently level A2/B1,listing_page,No,https://www.findtutors.co.uk/annonces/eleves/6935390
N/A,Tutor Support Needed – KS3/KS4 (Starting ASAP),Walton-on-Thames,N/A,N/A,Terri (Taz) Brookes,27/04,findtutors_uk,tutoring,student,other,french,unknown,on-site,MEDIUM,No,NLP fallback classification,Tutor Support Needed – KS3/KS4 (Starting ASAP),listing_page,No,https://www.findtutors.co.uk/annonces/eleves/6935339
N/A,I am looking for an Interior design tutor degree level,Northwich,N/A,N/A,Sarah Sidwell,N/A,findtutors_uk,tutoring,student,test_prep,french,unknown,on-site,MEDIUM,No,NLP fallback classification,I am looking for an Interior design tutor degree level,listing_page,No,https://www.findtutors.co.uk/annonces/eleves/6852920
N/A,I am looking for Tutors in Essex to teach 1:1,Colchester,N/A,N/A,Saiba,N/A,findtutors_uk,tutoring,student,other,french,unknown,on-site,MEDIUM,No,NLP fallback classification,I am looking for Tutors in Essex to teach 1:1,listing_page,No,https://www.findtutors.co.uk/annonces/eleves/6559001
N/A,I am looking for a primary English tutor,Cardiff,N/A,N/A,Lauren Elliott,N/A,findtutors_uk,tutoring,student,other,english,unknown,on-site,MEDIUM,No,NLP fallback classification,I am looking for a primary English tutor,listing_page,No,https://www.findtutors.co.uk/annonces/eleves/6852586
N/A,We are seeking a Mentor to work with primary aged boy in the family home,Ashford,N/A,N/A,Active Outreach Services Ltd,N/A,findtutors_uk,tutoring,student,other,french,unknown,on-site,MEDIUM,No,NLP fallback classification,We are seeking a Mentor to work with primary aged boy in the family home,listing_page,No,https://www.findtutors.co.uk/annonces/eleves/6853271
N/A,Tutors Wanted Across Essex (Self-Employed | Term-Time | School Hours),Colchester,N/A,N/A,Saiba,N/A,findtutors_uk,tutoring,student,other,french,unknown,on-site,MEDIUM,No,NLP fallback classification,Tutors Wanted Across Essex (Self-Employed | Term-Time | School Hours),listing_page,No,https://www.findtutors.co.uk/annonces/eleves/6559004
N/A,I'm looking for a tutor in person 2 times per week and with homework for my daughter. Next year she have the GSCE,Handsworth (City and Boro...,N/A,N/A,Nicoleta,N/A,findtutors_uk,tutoring,student,other,french,unknown,on-site,MEDIUM,No,NLP fallback classification,I'm looking for a tutor in person 2 times per week and with homework for my daughter. Next year she have the GSCE,listing_page,No,https://www.findtutors.co.uk/annonces/eleves/6601604
N/A,Looking for a patient tutor for my 6 year old who has experience with neuro diverse children,Ryton (Gateshead),N/A,N/A,Susie Wilmot,26/04,findtutors_uk,tutoring,student,other,french,unknown,on-site,MEDIUM,No,NLP fallback classification,Looking for a patient tutor for my 6 year old who has experience with neuro diverse children,listing_page,No,https://www.findtutors.co.uk/annonces/eleves/6934249
N/A,Looking for 1 on 1 Spanish lessons (in person ideally but online ok),Belfast,N/A,N/A,Oisin Toner,N/A,findtutors_uk,tutoring,student,other,french,unknown,remote,MEDIUM,Yes,NLP fallback classification,Looking for 1 on 1 Spanish lessons (in person ideally but online ok),listing_page,No,https://www.findtutors.co.uk/annonces/eleves/6807641
N/A,I am looking for a native English tutor,Gainsborough,N/A,N/A,Nuchjaree Storr,N/A,findtutors_uk,tutoring,student,other,english,unknown,on-site,MEDIUM,No,NLP fallback classification,I am looking for a native English tutor,listing_page,No,https://www.findtutors.co.uk/annonces/eleves/6674537
N/A,A tutor for my autistic and possibly dyslexic daughter. She would like to learn italian as a hobby,Brierley Hill,N/A,N/A,Danni Hall,N/A,findtutors_uk,tutoring,student,other,french,unknown,on-site,MEDIUM,No,NLP fallback classification,A tutor for my autistic and possibly dyslexic daughter. She would like to learn italian as a hobby,listing_page,No,https://www.findtutors.co.uk/annonces/eleves/6759248
N/A,IELTS tutor to support with strategies,Online,N/A,N/A,Deepa,N/A,findtutors_uk,tutoring,student,languages,french,unknown,remote,MEDIUM,Yes,NLP fallback classification,IELTS tutor to support with strategies,listing_page,No,https://www.findtutors.co.uk/annonces/eleves/6759194
N/A,Looking for a LONDON based tutor for my 6yo daughter- SEN experience ideal as she has verbal dyspraxia,City of Westminster London,N/A,N/A,Melissa,N/A,findtutors_uk,tutoring,student,other,french,unknown,on-site,MEDIUM,No,NLP fallback classification,Looking for a LONDON based tutor for my 6yo daughter- SEN experience ideal as she has verbal dyspraxia,listing_page,No,https://www.findtutors.co.uk/annonces/eleves/6756987
N/A,I'm looking for a Japanese tutor who is able to do lessons online and able to help me go from,Birmingham,N/A,N/A,Qasim,N/A,findtutors_uk,tutoring,student,other,french,unknown,remote,MEDIUM,Yes,NLP fallback classification,I'm looking for a Japanese tutor who is able to do lessons online and able to help me go from,listing_page,No,https://www.findtutors.co.uk/annonces/eleves/6674429
N/A,"I need a face-to-face English tutor in the Norwich area, near the city centre and the riverside",Norwich,N/A,N/A,Salem,26/04,findtutors_uk,tutoring,student,other,english,unknown,on-site,MEDIUM,No,NLP fallback classification,"I need a face-to-face English tutor in the Norwich area, near the city centre and the riverside",listing_page,No,https://www.findtutors.co.uk/annonces/eleves/6933829
N/A,Preparing for a relocation to Turkey in 2027,London,N/A,N/A,Kimberley Ball,N/A,findtutors_uk,tutoring,student,other,french,unknown,on-site,MEDIUM,No,NLP fallback classification,Preparing for a relocation to Turkey in 2027,listing_page,No,https://www.findtutors.co.uk/annonces/eleves/6758956
N/A,Looking for GCSE English for group session,London,N/A,N/A,Mohamed Omar,N/A,findtutors_uk,tutoring,student,test_prep,french,unknown,on-site,MEDIUM,No,NLP fallback classification,Looking for GCSE English for group session,listing_page,No,https://www.findtutors.co.uk/annonces/eleves/6414569
N/A,"Looking for a higher art tutor specific to abstract art, my higher project is due in 2 wks and I'm in desperate need of assistance",Aberdeen,N/A,N/A,Precious,N/A,findtutors_uk,tutoring,student,other,french,unknown,on-site,MEDIUM,No,NLP fallback classification,"Looking for a higher art tutor specific to abstract art, my higher project is due in 2 wks and I'm in desperate need of assistance",listing_page,No,https://www.findtutors.co.uk/annonces/eleves/6706208
N/A,I am looking for an English tutor to help me pass my GCSE,Harrow (London),N/A,N/A,Mustafa,26/04,findtutors_uk,tutoring,student,test_prep,english,unknown,on-site,MEDIUM,No,NLP fallback classification,I am looking for an English tutor to help me pass my GCSE,listing_page,No,https://www.findtutors.co.uk/annonces/eleves/6933765
N/A,Am looking for Eduqcas specific English lesson teacher,Nottingham,N/A,N/A,Victor,N/A,findtutors_uk,tutoring,student,other,english,unknown,on-site,MEDIUM,No,NLP fallback classification,Am looking for Eduqcas specific English lesson teacher,listing_page,No,https://www.findtutors.co.uk/annonces/eleves/6706137
N/A,I am looking for a English tutor and everyday communication,Gainsborough,N/A,N/A,Nuchjaree Storr,N/A,findtutors_uk,tutoring,student,other,english,unknown,on-site,MEDIUM,No,NLP fallback classification,I am looking for a English tutor and everyday communication,listing_page,No,https://www.findtutors.co.uk/annonces/eleves/6674333
N/A,CCEA A/S level History & Politics revision for mocks,Newtownards,N/A,N/A,Kate,05/04,findtutors_uk,tutoring,student,arts_humanities,french,unknown,remote,MEDIUM,Yes,NLP fallback classification,CCEA A/S level History & Politics revision for mocks,listing_page,No,https://www.findtutors.co.uk/annonces/eleves/6138860
N/A,Seeking Experienced Tutor for Year 6 & 7 Boys – Home Sessions in Harborne,Birmingham,N/A,N/A,Rasha,N/A,findtutors_uk,tutoring,student,other,french,unknown,on-site,MEDIUM,No,NLP fallback classification,Seeking Experienced Tutor for Year 6 & 7 Boys – Home Sessions in Harborne,listing_page,No,https://www.findtutors.co.uk/annonces/eleves/6414260
N/A,Im looking for a home tutor,Southport,N/A,N/A,Brian Birch,N/A,findtutors_uk,tutoring,student,other,french,unknown,on-site,MEDIUM,No,NLP fallback classification,Im looking for a home tutor,listing_page,No,https://www.findtutors.co.uk/annonces/eleves/6806351
N/A,"I have been trying to decide on an instrument to play for years, I have decided on the piano. I’m 21, so still time to learn",Edinburgh,N/A,N/A,Ash,04/04,findtutors_uk,tutoring,student,music,french,unknown,on-site,MEDIUM,No,NLP fallback classification,"I have been trying to decide on an instrument to play for years, I have decided on the piano. I’m 21, so still time to learn",listing_page,No,https://www.findtutors.co.uk/annonces/eleves/6890934
